"id","espn_id","week","season","home_team","away_team","home_team_logo","away_team_logo","home_team_record","away_team_record","spread","favorite_team","game_time","status","home_score","away_score","home_team_ppg","home_team_ppg_allowed","home_team_fpi","away_team_ppg","away_team_ppg_allowed","away_team_fpi","period","display_clock","status_type","winning_team_win_prob","losing_team_win_prob"
"009a2f6f-c791-4f7c-80a2-61e12cd49ce0","401772827","1","2025","WSH","NYG","https://a.espncdn.com/i/teamlogos/nfl/500/scoreboard/wsh.png","https://a.espncdn.com/i/teamlogos/nfl/500/scoreboard/nyg.png","1-0","0-1",,,"""2025-09-07T17:00:00.000Z""","post","21","6",,,,,,,,,,,
"00a25211-2151-49de-96dd-eecb1280c2e4","401772788","13","2025","LAC","LV","https://a.espncdn.com/i/teamlogos/nfl/500/scoreboard/lac.png","https://a.espncdn.com/i/teamlogos/nfl/500/scoreboard/lv.png","8-4","2-10",,,"""2025-11-30T21:25:00.000Z""","post","31","14",,,"73.4",,,"26.4","4","0:00","STATUS_FINAL","73.4","26.4"
"00fe4228-76b4-4a8a-89d5-fc8bacd1e824","401671874","16","2024","MIA","SF","https://a.espncdn.com/i/teamlogos/nfl/500/scoreboard/mia.png","https://a.espncdn.com/i/teamlogos/nfl/500/scoreboard/sf.png","0-0","0-0",,,"""2024-12-22T21:25:00.000Z""","post","29","17",,,,,,,,,,,
"01b38b62-0eeb-482b-ba65-10d5468a0d1a","401772884","11","2025","LAR","SEA","https://a.espncdn.com/i/teamlogos/nfl/500/scoreboard/lar.png","https://a.espncdn.com/i/teamlogos/nfl/500/scoreboard/sea.png","8-2","7-3",,,"""2025-11-16T21:05:00.000Z""","post","21","19",,,,,,,"4","0:00","STATUS_FINAL","61.2","38.4"
"01bd09eb-7b8e-4ddf-85f9-903c6390a8d3","401671786","2","2024","HOU","CHI","https://a.espncdn.com/i/teamlogos/nfl/500/scoreboard/hou.png","https://a.espncdn.com/i/teamlogos/nfl/500/scoreboard/chi.png","0-0","0-0",,,"""2024-09-16T00:20:00.000Z""","post","19","13",,,,,,,,,,,
"01da19cf-c803-488e-a248-61b7f4a0a0e4","401671765","17","2024","PHI","DAL","https://a.espncdn.com/i/teamlogos/nfl/500/scoreboard/phi.png","https://a.espncdn.com/i/teamlogos/nfl/500/scoreboard/dal.png","0-0","0-0",,,"""2024-12-29T18:00:00.000Z""","post","41","7",,,,,,,,,,,
"02a74aac-db07-4ef6-9008-16ab15999c67","401772970","18","2025","JAX","TEN","https://a.espncdn.com/i/teamlogos/nfl/500/scoreboard/jax.png","https://a.espncdn.com/i/teamlogos/nfl/500/scoreboard/ten.png","12-4","3-13","-11.5","JAX","""2026-01-04T18:00:00.000Z""","post","41","7","27.1","20.6","77.5","17.3","27.3","22.3","4","0:00","STATUS_FINAL","77.5","22.3"
"02d05d9f-bdba-4535-9710-9f6980c81cc3","401671857","4","2024","HOU","JAX","https://a.espncdn.com/i/teamlogos/nfl/500/scoreboard/hou.png","https://a.espncdn.com/i/teamlogos/nfl/500/scoreboard/jax.png","0-0","0-0",,,"""2024-09-29T17:00:00.000Z""","post","24","20",,,,,,,,,,,
"03452ff1-f0d2-4e79-b52f-dbe07de90710","401772867","8","2025","PHI","NYG","https://a.espncdn.com/i/teamlogos/nfl/500/scoreboard/phi.png","https://a.espncdn.com/i/teamlogos/nfl/500/scoreboard/nyg.png","6-2","2-6",,,"""2025-10-26T17:00:00.000Z""","post","38","20",,,,,,,"4","0:00","STATUS_FINAL","64.5","35.3"
"037eeb17-0a48-44f0-bfc4-d65ef659c1e4","401772635","7","2025","JAX","LAR","https://a.espncdn.com/i/teamlogos/nfl/500/scoreboard/jax.png","https://a.espncdn.com/i/teamlogos/nfl/500/scoreboard/lar.png","4-3","5-2",,,"""2025-10-19T13:30:00.000Z""","post","7","35",,,,,,,"4","0:00","STATUS_FINAL",,
"03c2cbaa-5b38-48e4-8c8d-3cd882fe4a52","401772901","14","2025","ARI","LAR","https://a.espncdn.com/i/teamlogos/nfl/500/scoreboard/ari.png","https://a.espncdn.com/i/teamlogos/nfl/500/scoreboard/lar.png","3-10","10-3",,,"""2025-12-07T21:25:00.000Z""","post","17","45",,,"33.7",,,"66.0","4","0:00","STATUS_FINAL","66.0","33.7"
"04ae6655-cc67-4b5d-9ddd-f5a3bd678bf2","401772910","16","2025","DAL","LAC","https://a.espncdn.com/i/teamlogos/nfl/500/scoreboard/dal.png","https://a.espncdn.com/i/teamlogos/nfl/500/scoreboard/lac.png","6-8-1","11-4","-1.5","DAL","""2025-12-21T18:00:00.000Z""","post","17","34",,,"49.3",,,"50.3","4","0:00","STATUS_FINAL","50.3","49.3"
"051cd2bf-649c-4ec3-b1a2-f1260e37a178","401772772","10","2025","TB","NE","https://a.espncdn.com/i/teamlogos/nfl/500/scoreboard/tb.png","https://a.espncdn.com/i/teamlogos/nfl/500/scoreboard/ne.png","6-3","8-2",,,"""2025-11-09T18:00:00.000Z""","post","23","28",,,,,,,"4","0:00","STATUS_FINAL","42.1","57.6"
"059b5ee3-4653-465f-a109-3e59d496b845","401671831","18","2024","NE","BUF","https://a.espncdn.com/i/teamlogos/nfl/500/scoreboard/ne.png","https://a.espncdn.com/i/teamlogos/nfl/500/scoreboard/buf.png","0-0","0-0",,,"""2025-01-05T18:00:00.000Z""","post","23","16",,,,,,,,,,,
"05c5cfc8-9bd8-42ff-b4ab-43f6034b2323","401671807","2","2024","MIA","BUF","https://a.espncdn.com/i/teamlogos/nfl/500/scoreboard/mia.png","https://a.espncdn.com/i/teamlogos/nfl/500/scoreboard/buf.png","0-0","0-0",,,"""2024-09-13T00:15:00.000Z""","post","10","31",,,,,,,,,,,
"06166fe9-e0aa-4e3c-b84a-60851b05b11d","401772849","4","2025","LAR","IND","https://a.espncdn.com/i/teamlogos/nfl/500/scoreboard/lar.png","https://a.espncdn.com/i/teamlogos/nfl/500/scoreboard/ind.png","3-1","3-1",,,"""2025-09-28T20:05:00.000Z""","post","27","20",,,,,,,,,,,
"06582fb2-5b39-44ed-aded-eb1212bbdd89","401671819","6","2024","SEA","SF","https://a.espncdn.com/i/teamlogos/nfl/500/scoreboard/sea.png","https://a.espncdn.com/i/teamlogos/nfl/500/scoreboard/sf.png","0-0","0-0",,,"""2024-10-11T00:15:00.000Z""","post","24","36",,,,,,,,,,,
"074c85f6-ea7c-4da2-998c-db361424115a","401671673","16","2024","LV","JAX","https://a.espncdn.com/i/teamlogos/nfl/500/scoreboard/lv.png","https://a.espncdn.com/i/teamlogos/nfl/500/scoreboard/jax.png","0-0","0-0",,,"""2024-12-22T21:25:00.000Z""","post","19","14",,,,,,,,,,,
"07a2cc5c-4d47-4a23-93d4-27664bb3a1bf","401671720","8","2024","DET","TEN","https://a.espncdn.com/i/teamlogos/nfl/500/scoreboard/det.png","https://a.espncdn.com/i/teamlogos/nfl/500/scoreboard/ten.png","0-0","0-0",,,"""2024-10-27T17:00:00.000Z""","post","52","14",,,,,,,,,,,
"07aedbe2-2bf5-4d83-abf8-8542fac1a12b","401671781","13","2024","BUF","SF","https://a.espncdn.com/i/teamlogos/nfl/500/scoreboard/buf.png","https://a.espncdn.com/i/teamlogos/nfl/500/scoreboard/sf.png","0-0","0-0",,,"""2024-12-02T01:20:00.000Z""","post","35","10",,,,,,,,,,,
"07bcb607-140a-481f-8615-be63d073b064","401671627","13","2024","CIN","PIT","https://a.espncdn.com/i/teamlogos/nfl/500/scoreboard/cin.png","https://a.espncdn.com/i/teamlogos/nfl/500/scoreboard/pit.png","0-0","0-0",,,"""2024-12-01T18:00:00.000Z""","post","38","44",,,,,,,,,,,
"07c1c591-1e75-4628-b226-5d972e01c7e0","401772935","17","2025","SF","CHI","https://a.espncdn.com/i/teamlogos/nfl/500/scoreboard/sf.png","https://a.espncdn.com/i/teamlogos/nfl/500/scoreboard/chi.png","12-4","11-5","-3.0","SF","""2025-12-29T01:20:00.000Z""","post","42","38",,,"61.4",,,"38.3","4","0:00","STATUS_FINAL","61.4","38.3"
"07c8fae2-c82e-4b61-a509-a86fc9b8f98a","401671821","14","2024","TEN","JAX","https://a.espncdn.com/i/teamlogos/nfl/500/scoreboard/ten.png","https://a.espncdn.com/i/teamlogos/nfl/500/scoreboard/jax.png","0-0","0-0",,,"""2024-12-08T18:00:00.000Z""","post","6","10",,,,,,,,,,,
"0854e299-b438-4cee-925d-efd82addd6b7","401671852","8","2024","CLE","BAL","https://a.espncdn.com/i/teamlogos/nfl/500/scoreboard/cle.png","https://a.espncdn.com/i/teamlogos/nfl/500/scoreboard/bal.png","0-0","0-0",,,"""2024-10-27T17:00:00.000Z""","post","29","24",,,,,,,,,,,
"0882b537-08b1-4a14-b320-02958418489e","401772808","17","2025","NYJ","NE","https://a.espncdn.com/i/teamlogos/nfl/500/scoreboard/nyj.png","https://a.espncdn.com/i/teamlogos/nfl/500/scoreboard/ne.png","3-13","13-3","13.5","NE","""2025-12-28T18:00:00.000Z""","post","10","42",,,"28.4",,,"71.4","4","0:00","STATUS_FINAL","71.4","28.4"
"08af5104-42b0-489d-9316-23bc4f3a63a4","401671722","6","2024","GB","ARI","https://a.espncdn.com/i/teamlogos/nfl/500/scoreboard/gb.png","https://a.espncdn.com/i/teamlogos/nfl/500/scoreboard/ari.png","0-0","0-0",,,"""2024-10-13T17:00:00.000Z""","post","34","13",,,,,,,,,,,
"08c4b8dc-3f26-473f-bd1b-c3394daa3de7","401772945","11","2025","NE","NYJ","https://a.espncdn.com/i/teamlogos/nfl/500/scoreboard/ne.png","https://a.espncdn.com/i/teamlogos/nfl/500/scoreboard/nyj.png","9-2","2-8",,,"""2025-11-14T01:15:00.000Z""","post","27","14",,,,,,,"4","0:00","STATUS_FINAL","72.1","27.7"
"08d9d6b9-9346-42ae-babf-9d3b5bbc40c1","401772633","5","2025","CLE","MIN","https://a.espncdn.com/i/teamlogos/nfl/500/scoreboard/cle.png","https://a.espncdn.com/i/teamlogos/nfl/500/scoreboard/min.png","1-4","3-2",,,"""2025-10-05T13:30:00.000Z""","post","17","21",,,,,,,,,,,
"08f4d177-b5ce-4285-9885-df775b0d05b0","401671714","6","2024","PHI","CLE","https://a.espncdn.com/i/teamlogos/nfl/500/scoreboard/phi.png","https://a.espncdn.com/i/teamlogos/nfl/500/scoreboard/cle.png","0-0","0-0",,,"""2024-10-13T17:00:00.000Z""","post","20","16",,,,,,,,,,,
"091ea06d-494c-4561-a6c9-5ca52ee2c291","401772728","2","2025","MIA","NE","https://a.espncdn.com/i/teamlogos/nfl/500/scoreboard/mia.png","https://a.espncdn.com/i/teamlogos/nfl/500/scoreboard/ne.png","0-2","1-1",,,"""2025-09-14T17:00:00.000Z""","post","27","33",,,,,,,,,,,
"09310e62-0293-47af-b665-83f86bdb02bb","401671763","3","2024","DAL","BAL","https://a.espncdn.com/i/teamlogos/nfl/500/scoreboard/dal.png","https://a.espncdn.com/i/teamlogos/nfl/500/scoreboard/bal.png","0-0","0-0",,,"""2024-09-22T20:25:00.000Z""","post","25","28",,,,,,,,,,,
"094446ce-9627-4c53-9262-aa09fba6efa5","401671869","11","2024","CHI","GB","https://a.espncdn.com/i/teamlogos/nfl/500/scoreboard/chi.png","https://a.espncdn.com/i/teamlogos/nfl/500/scoreboard/gb.png","0-0","0-0",,,"""2024-11-17T18:00:00.000Z""","post","19","20",,,,,,,,,,,
"0a064dc3-1a53-476e-a2dd-3bbbffabe099","401772740","4","2025","BUF","NO","https://a.espncdn.com/i/teamlogos/nfl/500/scoreboard/buf.png","https://a.espncdn.com/i/teamlogos/nfl/500/scoreboard/no.png","4-0","0-4",,,"""2025-09-28T17:00:00.000Z""","post","31","19",,,,,,,,,,,
"0a265fbc-60d0-4e8c-bfa1-150fb01880f1","401772794","14","2025","LV","DEN","https://a.espncdn.com/i/teamlogos/nfl/500/scoreboard/lv.png","https://a.espncdn.com/i/teamlogos/nfl/500/scoreboard/den.png","2-11","11-2",,,"""2025-12-07T21:05:00.000Z""","post","17","24",,,"31.9",,,"67.9","4","0:00","STATUS_FINAL","67.9","31.9"
"0a527bf0-734a-463b-96da-7491220a42d6","401671636","2","2024","TEN","NYJ","https://a.espncdn.com/i/teamlogos/nfl/500/scoreboard/ten.png","https://a.espncdn.com/i/teamlogos/nfl/500/scoreboard/nyj.png","0-0","0-0",,,"""2024-09-15T17:00:00.000Z""","post","17","24",,,,,,,,,,,
"0c33ba6d-91e3-474e-bb46-59a4cc79187d","401671853","7","2024","CLE","CIN","https://a.espncdn.com/i/teamlogos/nfl/500/scoreboard/cle.png","https://a.espncdn.com/i/teamlogos/nfl/500/scoreboard/cin.png","0-0","0-0",,,"""2024-10-20T17:00:00.000Z""","post","14","21",,,,,,,,,,,
"0cb43b57-d602-4227-a38b-d582d9359593","401671851","11","2024","MIA","LV","https://a.espncdn.com/i/teamlogos/nfl/500/scoreboard/mia.png","https://a.espncdn.com/i/teamlogos/nfl/500/scoreboard/lv.png","0-0","0-0",,,"""2024-11-17T18:00:00.000Z""","post","34","19",,,,,,,,,,,
"0d235aa7-8a1c-49a1-9b34-29246d31e6fc","401772762","8","2025","DEN","DAL","https://a.espncdn.com/i/teamlogos/nfl/500/scoreboard/den.png","https://a.espncdn.com/i/teamlogos/nfl/500/scoreboard/dal.png","6-2","3-4-1",,,"""2025-10-26T20:25:00.000Z""","post","44","24",,,,,,,"4","0:00","STATUS_FINAL","55.1","44.6"
"0e7e915c-53ec-4336-b82b-527a145516f4","401671747","5","2024","DEN","LV","https://a.espncdn.com/i/teamlogos/nfl/500/scoreboard/den.png","https://a.espncdn.com/i/teamlogos/nfl/500/scoreboard/lv.png","0-0","0-0",,,"""2024-10-06T20:05:00.000Z""","post","34","18",,,,,,,,,,,
"0e8fe15d-be4e-4afb-91e7-470e575c0c0e","401772719","1","2025","IND","MIA","https://a.espncdn.com/i/teamlogos/nfl/500/scoreboard/ind.png","https://a.espncdn.com/i/teamlogos/nfl/500/scoreboard/mia.png","1-0","0-1",,,"""2025-09-07T17:00:00.000Z""","post","33","8",,,,,,,,,,,
"0ee55b84-094b-4918-9a64-55cd8c344c89","401671601","14","2024","NYG","NO","https://a.espncdn.com/i/teamlogos/nfl/500/scoreboard/nyg.png","https://a.espncdn.com/i/teamlogos/nfl/500/scoreboard/no.png","0-0","0-0",,,"""2024-12-08T18:00:00.000Z""","post","11","14",,,,,,,,,,,
"102b51be-41f2-4990-b2f0-894f6667fe87","401772870","9","2025","HOU","DEN","https://a.espncdn.com/i/teamlogos/nfl/500/scoreboard/hou.png","https://a.espncdn.com/i/teamlogos/nfl/500/scoreboard/den.png","3-5","7-2",,,"""2025-11-02T18:00:00.000Z""","post","15","18",,,,,,,"4","0:00","STATUS_FINAL","49.9","49.7"
"10750ab4-159d-445a-91aa-b9e21d6b714e","401772942","8","2025","LAC","MIN","https://a.espncdn.com/i/teamlogos/nfl/500/scoreboard/lac.png","https://a.espncdn.com/i/teamlogos/nfl/500/scoreboard/min.png","5-3","3-4",,,"""2025-10-24T00:15:00.000Z""","post","37","10",,,,,,,"4","0:00","STATUS_FINAL","61.0","38.7"
"10c1ffc4-560d-4e34-a5eb-6473b8948b65","401772631","11","2025","MIA","WSH","https://a.espncdn.com/i/teamlogos/nfl/500/scoreboard/mia.png","https://a.espncdn.com/i/teamlogos/nfl/500/scoreboard/wsh.png","4-7","3-8",,,"""2025-11-16T14:30:00.000Z""","post","16","13",,,,,,,"5","0:00","STATUS_FINAL","48.5","51.1"
"11154d4e-ba22-4a90-84c3-e33b1c3284ad","401671814","14","2024","DET","GB","https://a.espncdn.com/i/teamlogos/nfl/500/scoreboard/det.png","https://a.espncdn.com/i/teamlogos/nfl/500/scoreboard/gb.png","0-0","0-0",,,"""2024-12-06T01:15:00.000Z""","post","34","31",,,,,,,,,,,
"119ad499-0062-47b6-bce2-a718b3961136","401671793","3","2024","ATL","KC","https://a.espncdn.com/i/teamlogos/nfl/500/scoreboard/atl.png","https://a.espncdn.com/i/teamlogos/nfl/500/scoreboard/kc.png","0-0","0-0",,,"""2024-09-23T00:20:00.000Z""","post","17","22",,,,,,,,,,,
"125817a5-7c31-4006-ad58-a27c84beae30","401772885","11","2025","ARI","SF","https://a.espncdn.com/i/teamlogos/nfl/500/scoreboard/ari.png","https://a.espncdn.com/i/teamlogos/nfl/500/scoreboard/sf.png","3-7","7-4",,,"""2025-11-16T21:05:00.000Z""","post","22","41",,,,,,,"4","0:00","STATUS_FINAL","63.7","36.0"
"13f53444-1fb9-4bfb-85e5-cf74b43e6671","401671671","8","2024","LV","KC","https://a.espncdn.com/i/teamlogos/nfl/500/scoreboard/lv.png","https://a.espncdn.com/i/teamlogos/nfl/500/scoreboard/kc.png","0-0","0-0",,,"""2024-10-27T20:25:00.000Z""","post","20","27",,,,,,,,,,,
"14296231-b958-407d-b299-8c8dc027d43e","401772873","9","2025","LV","JAX","https://a.espncdn.com/i/teamlogos/nfl/500/scoreboard/lv.png","https://a.espncdn.com/i/teamlogos/nfl/500/scoreboard/jax.png","2-6","5-3",,,"""2025-11-02T21:05:00.000Z""","post","29","30",,,,,,,"5","0:00","STATUS_FINAL","56.6","43.1"
"144472db-f72c-4ee0-97fb-5f074ffe7ef6","401772938","4","2025","ARI","SEA","https://a.espncdn.com/i/teamlogos/nfl/500/scoreboard/ari.png","https://a.espncdn.com/i/teamlogos/nfl/500/scoreboard/sea.png","2-2","3-1",,,"""2025-09-26T00:15:00.000Z""","post","20","23",,,,,,,,,,,
"14cc7702-0f7d-4760-8692-4239170d4bde","401772726","2","2025","BAL","CLE","https://a.espncdn.com/i/teamlogos/nfl/500/scoreboard/bal.png","https://a.espncdn.com/i/teamlogos/nfl/500/scoreboard/cle.png","1-1","0-2",,,"""2025-09-14T17:00:00.000Z""","post","41","17",,,,,,,,,,,
"15eb92cf-99f9-458a-859c-1161b5f5e81c","401772940","6","2025","NYG","PHI","https://a.espncdn.com/i/teamlogos/nfl/500/scoreboard/nyg.png","https://a.espncdn.com/i/teamlogos/nfl/500/scoreboard/phi.png","2-4","4-2","7.5","PHI","""2025-10-10T00:15:00.000Z""","post","34","17",,,,,,,"4","0:00","STATUS_FINAL",,
"16b167e2-521b-47e8-b64a-2c0f169ea559","401671806","13","2024","KC","LV","https://a.espncdn.com/i/teamlogos/nfl/500/scoreboard/kc.png","https://a.espncdn.com/i/teamlogos/nfl/500/scoreboard/lv.png","0-0","0-0",,,"""2024-11-29T20:00:00.000Z""","post","19","17",,,,,,,,,,,
"188f8022-c384-495f-bbfa-d45f60761b5d","401772806","16","2025","DET","PIT","https://a.espncdn.com/i/teamlogos/nfl/500/scoreboard/det.png","https://a.espncdn.com/i/teamlogos/nfl/500/scoreboard/pit.png","8-7","9-6","-6.5","DET","""2025-12-21T21:25:00.000Z""","post","24","29",,,"66.2",,,"33.5","4","0:00","STATUS_FINAL","33.5","66.2"
"18b4661d-a29c-4770-92f0-c69c15ef87fe","401772621","13","2025","PHI","CHI","https://a.espncdn.com/i/teamlogos/nfl/500/scoreboard/phi.png","https://a.espncdn.com/i/teamlogos/nfl/500/scoreboard/chi.png","8-4","9-3",,,"""2025-11-28T20:00:00.000Z""","post","15","24",,,"68.3",,,"31.5","4","0:00","STATUS_FINAL","31.5","68.3"
"19635a4a-0712-45ce-a323-5d4a2df881f5","401772790","14","2025","NYJ","MIA","https://a.espncdn.com/i/teamlogos/nfl/500/scoreboard/nyj.png","https://a.espncdn.com/i/teamlogos/nfl/500/scoreboard/mia.png","3-10","6-7",,,"""2025-12-07T18:00:00.000Z""","post","10","34",,,"44.0",,,"55.6","4","0:00","STATUS_FINAL","55.6","44.0"
"19784e93-8e4a-4fd7-804f-f3c19a90b4d4","401671801","7","2024","JAX","NE","https://a.espncdn.com/i/teamlogos/nfl/500/scoreboard/jax.png","https://a.espncdn.com/i/teamlogos/nfl/500/scoreboard/ne.png","0-0","0-0",,,"""2024-10-20T13:30:00.000Z""","post","32","16",,,,,,,,,,,
"19f890c0-d258-4049-827c-84336e7569c8","401772961","18","2025","SF","SEA","https://a.espncdn.com/i/teamlogos/nfl/500/scoreboard/sf.png","https://a.espncdn.com/i/teamlogos/nfl/500/scoreboard/sea.png","12-4","13-3","1.5","SEA","""2026-01-04T01:00:00.000Z""","post","3","13","27.1","22.4","49.1","29.4","18.1","50.5","4","0:00","STATUS_FINAL","50.5","49.1"
"1ae363ac-8ade-44d7-9772-7f98f075c205","401772828","1","2025","JAX","CAR","https://a.espncdn.com/i/teamlogos/nfl/500/scoreboard/jax.png","https://a.espncdn.com/i/teamlogos/nfl/500/scoreboard/car.png","1-0","0-1",,,"""2025-09-07T17:00:00.000Z""","post","26","10",,,,,,,,,,,
"1b827358-ad04-4acd-8e1a-5b78ec0b6fd8","401772897","14","2025","GB","CHI","https://a.espncdn.com/i/teamlogos/nfl/500/scoreboard/gb.png","https://a.espncdn.com/i/teamlogos/nfl/500/scoreboard/chi.png","9-3-1","9-4",,,"""2025-12-07T18:00:00.000Z""","post","28","21",,,"68.8",,,"30.9","4","0:00","STATUS_FINAL","68.8","30.9"
"1d0e651a-40b2-40ca-be8a-51b133d3dbd4","401772812","3","2025","BAL","DET","https://a.espncdn.com/i/teamlogos/nfl/500/scoreboard/bal.png","https://a.espncdn.com/i/teamlogos/nfl/500/scoreboard/det.png","1-2","2-1",,,"""2025-09-23T00:15:00.000Z""","post","30","38",,,,,,,,,,,
"1ee35022-913e-4f7b-b77e-6e49ed01d5c4","401671646","3","2024","MIN","HOU","https://a.espncdn.com/i/teamlogos/nfl/500/scoreboard/min.png","https://a.espncdn.com/i/teamlogos/nfl/500/scoreboard/hou.png","0-0","0-0",,,"""2024-09-22T17:00:00.000Z""","post","34","7",,,,,,,,,,,
"1fc7e4a6-93c4-41b6-b74f-e54d12d7601d","401772801","16","2025","NO","NYJ","https://a.espncdn.com/i/teamlogos/nfl/500/scoreboard/no.png","https://a.espncdn.com/i/teamlogos/nfl/500/scoreboard/nyj.png","5-10","3-12","-4.5","NO","""2025-12-21T18:00:00.000Z""","post","29","6",,,"63.8",,,"35.9","4","0:00","STATUS_FINAL","63.8","35.9"
"2038f542-7164-4fe9-8cde-198fe2c08076","401772741","4","2025","KC","BAL","https://a.espncdn.com/i/teamlogos/nfl/500/scoreboard/kc.png","https://a.espncdn.com/i/teamlogos/nfl/500/scoreboard/bal.png","2-2","1-3",,,"""2025-09-28T20:25:00.000Z""","post","37","20",,,,,,,,,,,
"20401b13-eb09-4143-9820-6260aff1c7a0","401772779","12","2025","KC","IND","https://a.espncdn.com/i/teamlogos/nfl/500/scoreboard/kc.png","https://a.espncdn.com/i/teamlogos/nfl/500/scoreboard/ind.png","6-5","8-3",,,"""2025-11-23T18:00:00.000Z""","post","23","20",,,,,,,"5","0:00","STATUS_FINAL","61.2","38.5"
"20901d0a-017e-47ff-898c-efda842a48ab","401671638","12","2024","NYG","TB","https://a.espncdn.com/i/teamlogos/nfl/500/scoreboard/nyg.png","https://a.espncdn.com/i/teamlogos/nfl/500/scoreboard/tb.png","0-0","0-0",,,"""2024-11-24T18:00:00.000Z""","post","7","30",,,,,,,,,,,
"2090fc33-4cd3-45a5-afb4-72ea85a2fac1","401772859","6","2025","LV","TEN","https://a.espncdn.com/i/teamlogos/nfl/500/scoreboard/lv.png","https://a.espncdn.com/i/teamlogos/nfl/500/scoreboard/ten.png","2-4","1-5","-4.5","LV","""2025-10-12T20:05:00.000Z""","post","20","10",,,,,,,"4","0:00","STATUS_FINAL",,
"20cc0f84-a09d-4182-93c8-203226cc4e1f","401671830","18","2024","LAR","SEA","https://a.espncdn.com/i/teamlogos/nfl/500/scoreboard/lar.png","https://a.espncdn.com/i/teamlogos/nfl/500/scoreboard/sea.png","0-0","0-0",,,"""2025-01-05T21:25:00.000Z""","post","25","30",,,,,,,,,,,
"213f1589-9833-4ae3-b0f7-0f7364bae188","401772851","5","2025","IND","LV","https://a.espncdn.com/i/teamlogos/nfl/500/scoreboard/ind.png","https://a.espncdn.com/i/teamlogos/nfl/500/scoreboard/lv.png","4-1","1-4",,,"""2025-10-05T17:00:00.000Z""","post","40","6",,,,,,,,,,,
"217ed8cf-3646-45d4-9c85-97020be55145","401772732","3","2025","NE","PIT","https://a.espncdn.com/i/teamlogos/nfl/500/scoreboard/ne.png","https://a.espncdn.com/i/teamlogos/nfl/500/scoreboard/pit.png","1-2","2-1",,,"""2025-09-21T17:00:00.000Z""","post","14","21",,,,,,,,,,,
"21be25ec-2be3-4dae-8b56-c58699364ee6","401772823","15","2025","PIT","MIA","https://a.espncdn.com/i/teamlogos/nfl/500/scoreboard/pit.png","https://a.espncdn.com/i/teamlogos/nfl/500/scoreboard/mia.png","8-6","6-8",,,"""2025-12-16T01:15:00.000Z""","post","28","15",,,"60.0",,,"39.6","4","0:00","STATUS_FINAL","60.0","39.6"
"22759715-e3f6-42cb-99a0-ba1c9ea0c590","401772958","18","2025","NE","MIA","https://a.espncdn.com/i/teamlogos/nfl/500/scoreboard/ne.png","https://a.espncdn.com/i/teamlogos/nfl/500/scoreboard/mia.png","13-3","7-9","-11.5","NE","""2026-01-04T21:25:00.000Z""","post","38","10","28.3","19.4","80.1","21.1","24.1","19.8","4","0:00","STATUS_FINAL","80.1","19.8"
"230d2c7d-7b7e-43f1-8f4a-8d71f4c9955f","401671841","18","2024","PHI","NYG","https://a.espncdn.com/i/teamlogos/nfl/500/scoreboard/phi.png","https://a.espncdn.com/i/teamlogos/nfl/500/scoreboard/nyg.png","0-0","0-0",,,"""2025-01-05T18:00:00.000Z""","post","20","13",,,,,,,,,,,
"23e9117d-a937-4dde-9ac7-4ac1e0dbc1f0","401671623","9","2024","BAL","DEN","https://a.espncdn.com/i/teamlogos/nfl/500/scoreboard/bal.png","https://a.espncdn.com/i/teamlogos/nfl/500/scoreboard/den.png","0-0","0-0",,,"""2024-11-03T18:00:00.000Z""","post","41","10",,,,,,,,,,,
"242855d8-2af6-47eb-b78c-3e67f26aa748","401671844","18","2024","GB","CHI","https://a.espncdn.com/i/teamlogos/nfl/500/scoreboard/gb.png","https://a.espncdn.com/i/teamlogos/nfl/500/scoreboard/chi.png","0-0","0-0",,,"""2025-01-05T18:00:00.000Z""","post","22","24",,,,,,,,,,,
"24a1a3d6-93db-4c4f-9ea6-bc24d5cae61c","401671669","15","2024","DEN","IND","https://a.espncdn.com/i/teamlogos/nfl/500/scoreboard/den.png","https://a.espncdn.com/i/teamlogos/nfl/500/scoreboard/ind.png","0-0","0-0",,,"""2024-12-15T21:25:00.000Z""","post","31","13",,,,,,,,,,,
"24c1e7d6-cb84-440c-b509-a7a45298c3b4","401772936","2","2025","GB","WSH","https://a.espncdn.com/i/teamlogos/nfl/500/scoreboard/gb.png","https://a.espncdn.com/i/teamlogos/nfl/500/scoreboard/wsh.png","2-0","1-1",,,"""2025-09-12T00:15:00.000Z""","post","27","18",,,,,,,,,,,
"252e5dd1-8b22-4b1c-a0d4-4e4368c2a566","401772947","14","2025","DET","DAL","https://a.espncdn.com/i/teamlogos/nfl/500/scoreboard/det.png","https://a.espncdn.com/i/teamlogos/nfl/500/scoreboard/dal.png","8-5","6-6-1",,,"""2025-12-05T01:15:00.000Z""","post","44","30",,,"62.0",,,"37.7","4","0:00","STATUS_FINAL","62.0","37.7"
"258630cf-a255-4700-89c5-383740950e1e","401671647","9","2024","MIN","IND","https://a.espncdn.com/i/teamlogos/nfl/500/scoreboard/min.png","https://a.espncdn.com/i/teamlogos/nfl/500/scoreboard/ind.png","0-0","0-0",,,"""2024-11-04T01:20:00.000Z""","post","21","13",,,,,,,,,,,
"25a7dfdc-e7f9-4e65-8df1-fbee2137ae1c","401671703","13","2024","NYJ","SEA","https://a.espncdn.com/i/teamlogos/nfl/500/scoreboard/nyj.png","https://a.espncdn.com/i/teamlogos/nfl/500/scoreboard/sea.png","0-0","0-0",,,"""2024-12-01T18:00:00.000Z""","post","21","26",,,,,,,,,,,
"25b3ea94-0c6e-4675-a93f-ccf5c27c3fe3","401671677","15","2024","ARI","NE","https://a.espncdn.com/i/teamlogos/nfl/500/scoreboard/ari.png","https://a.espncdn.com/i/teamlogos/nfl/500/scoreboard/ne.png","0-0","0-0",,,"""2024-12-15T21:25:00.000Z""","post","30","17",,,,,,,,,,,
"262089ba-03ab-4da7-ba50-e1b3f53b4f5d","401671850","8","2024","MIA","ARI","https://a.espncdn.com/i/teamlogos/nfl/500/scoreboard/mia.png","https://a.espncdn.com/i/teamlogos/nfl/500/scoreboard/ari.png","0-0","0-0",,,"""2024-10-27T17:00:00.000Z""","post","27","28",,,,,,,,,,,
"2657802c-1ec7-4932-bf94-0e13a5d42e8e","401772747","5","2025","ARI","TEN","https://a.espncdn.com/i/teamlogos/nfl/500/scoreboard/ari.png","https://a.espncdn.com/i/teamlogos/nfl/500/scoreboard/ten.png","2-3","1-4",,,"""2025-10-05T20:05:00.000Z""","post","21","22",,,,,,,,,,,
"27272f98-3733-4614-a94f-7c57e4de90b0","401772771","10","2025","MIA","BUF","https://a.espncdn.com/i/teamlogos/nfl/500/scoreboard/mia.png","https://a.espncdn.com/i/teamlogos/nfl/500/scoreboard/buf.png","3-7","6-3",,,"""2025-11-09T18:00:00.000Z""","post","30","13",,,,,,,"4","0:00","STATUS_FINAL","30.4","69.3"
"276805f8-a20e-4293-be82-942d6476caf2","401772887","12","2025","GB","MIN","https://a.espncdn.com/i/teamlogos/nfl/500/scoreboard/gb.png","https://a.espncdn.com/i/teamlogos/nfl/500/scoreboard/min.png","7-3-1","4-7",,,"""2025-11-23T18:00:00.000Z""","post","23","6",,,,,,,"4","0:00","STATUS_FINAL","71.6","28.2"
"27d14455-d856-4254-8fc9-7040c222814e","401671704","9","2024","CIN","LV","https://a.espncdn.com/i/teamlogos/nfl/500/scoreboard/cin.png","https://a.espncdn.com/i/teamlogos/nfl/500/scoreboard/lv.png","0-0","0-0",,,"""2024-11-03T18:00:00.000Z""","post","41","24",,,,,,,,,,,
"28468892-108d-4f0a-ae9a-4c932a3e72d5","401671860","15","2024","HOU","MIA","https://a.espncdn.com/i/teamlogos/nfl/500/scoreboard/hou.png","https://a.espncdn.com/i/teamlogos/nfl/500/scoreboard/mia.png","0-0","0-0",,,"""2024-12-15T18:00:00.000Z""","post","20","12",,,,,,,,,,,
"28d1bb5a-b58b-4999-967d-e88f6ee87dfd","401772754","7","2025","CLE","MIA","https://a.espncdn.com/i/teamlogos/nfl/500/scoreboard/cle.png","https://a.espncdn.com/i/teamlogos/nfl/500/scoreboard/mia.png","2-5","1-6",,,"""2025-10-19T17:00:00.000Z""","post","31","6",,,,,,,"4","0:00","STATUS_FINAL",,
"290af0a5-b885-4094-9c69-3a8024ea32da","401772768","9","2025","BUF","KC","https://a.espncdn.com/i/teamlogos/nfl/500/scoreboard/buf.png","https://a.espncdn.com/i/teamlogos/nfl/500/scoreboard/kc.png","6-2","5-4",,,"""2025-11-02T21:25:00.000Z""","post","28","21",,,,,,,"4","0:00","STATUS_FINAL","43.8","55.8"
"29981eec-1aff-4705-9a1a-50abfd2ae3b6","401772896","13","2025","SEA","MIN","https://a.espncdn.com/i/teamlogos/nfl/500/scoreboard/sea.png","https://a.espncdn.com/i/teamlogos/nfl/500/scoreboard/min.png","9-3","4-8",,,"""2025-11-30T21:05:00.000Z""","post","26","0",,,"70.3",,,"29.4","4","0:00","STATUS_FINAL","70.3","29.4"
"29fb114a-3404-4532-ac55-9d558ec801df","401772789","13","2025","PIT","BUF","https://a.espncdn.com/i/teamlogos/nfl/500/scoreboard/pit.png","https://a.espncdn.com/i/teamlogos/nfl/500/scoreboard/buf.png","6-6","8-4",,,"""2025-11-30T21:25:00.000Z""","post","7","26",,,"43.4",,,"56.3","4","0:00","STATUS_FINAL","56.3","43.4"
"2a483a56-ca99-4cf6-9e7a-71d17e7dc31e","401671739","8","2024","TB","ATL","https://a.espncdn.com/i/teamlogos/nfl/500/scoreboard/tb.png","https://a.espncdn.com/i/teamlogos/nfl/500/scoreboard/atl.png","0-0","0-0",,,"""2024-10-27T17:00:00.000Z""","post","26","31",,,,,,,,,,,
"2a9b8f7c-f239-445d-8eec-3ed24ff5f2ef","401772734","3","2025","JAX","HOU","https://a.espncdn.com/i/teamlogos/nfl/500/scoreboard/jax.png","https://a.espncdn.com/i/teamlogos/nfl/500/scoreboard/hou.png","2-1","0-3",,,"""2025-09-21T17:00:00.000Z""","post","17","10",,,,,,,,,,,
"2b0e1fc3-3383-456b-8489-39f2939f3049","401671659","1","2024","LAC","LV","https://a.espncdn.com/i/teamlogos/nfl/500/scoreboard/lac.png","https://a.espncdn.com/i/teamlogos/nfl/500/scoreboard/lv.png","0-0","0-0",,,"""2024-09-08T20:05:00.000Z""","post","22","10",,,,,,,,,,,
"2b2f9aed-cadb-43e8-90ec-6989f48dcc84","401671728","9","2024","ATL","DAL","https://a.espncdn.com/i/teamlogos/nfl/500/scoreboard/atl.png","https://a.espncdn.com/i/teamlogos/nfl/500/scoreboard/dal.png","0-0","0-0",,,"""2024-11-03T18:00:00.000Z""","post","27","21",,,,,,,,,,,
"2d07aaab-8152-443c-aaf1-ba51bd7519be","401772946","12","2025","HOU","BUF","https://a.espncdn.com/i/teamlogos/nfl/500/scoreboard/hou.png","https://a.espncdn.com/i/teamlogos/nfl/500/scoreboard/buf.png","6-5","7-4",,,"""2025-11-21T01:15:00.000Z""","post","23","19",,,,,,,"4","0:00","STATUS_FINAL","47.7","51.9"
"2d3f4557-1a00-4b80-b782-bbb441db6139","401772842","3","2025","CLE","GB","https://a.espncdn.com/i/teamlogos/nfl/500/scoreboard/cle.png","https://a.espncdn.com/i/teamlogos/nfl/500/scoreboard/gb.png","1-2","2-1",,,"""2025-09-21T17:00:00.000Z""","post","13","10",,,,,,,,,,,
"2d48aa2d-0cf4-4160-84ef-84ba8296bb1b","401772729","2","2025","IND","DEN","https://a.espncdn.com/i/teamlogos/nfl/500/scoreboard/ind.png","https://a.espncdn.com/i/teamlogos/nfl/500/scoreboard/den.png","2-0","1-1",,,"""2025-09-14T20:05:00.000Z""","post","29","28",,,,,,,,,,,
"2daa4a06-e458-4836-91f2-232cfaa2178d","401671864","7","2024","IND","MIA","https://a.espncdn.com/i/teamlogos/nfl/500/scoreboard/ind.png","https://a.espncdn.com/i/teamlogos/nfl/500/scoreboard/mia.png","0-0","0-0",,,"""2024-10-20T17:00:00.000Z""","post","16","10",,,,,,,,,,,
"2e020826-f20e-465a-8b83-f2eaa4acd153","401772755","7","2025","TEN","NE","https://a.espncdn.com/i/teamlogos/nfl/500/scoreboard/ten.png","https://a.espncdn.com/i/teamlogos/nfl/500/scoreboard/ne.png","1-6","5-2",,,"""2025-10-19T17:00:00.000Z""","post","13","31",,,,,,,"4","0:00","STATUS_FINAL",,
"2ebfb85b-06ef-4ed7-aae7-2d0677f4e954","401671629","9","2024","CLE","LAC","https://a.espncdn.com/i/teamlogos/nfl/500/scoreboard/cle.png","https://a.espncdn.com/i/teamlogos/nfl/500/scoreboard/lac.png","0-0","0-0",,,"""2024-11-03T18:00:00.000Z""","post","10","27",,,,,,,,,,,
"2f0cd4c7-9ef9-406c-9624-22d52f3fb837","401671846","17","2024","NYG","IND","https://a.espncdn.com/i/teamlogos/nfl/500/scoreboard/nyg.png","https://a.espncdn.com/i/teamlogos/nfl/500/scoreboard/ind.png","0-0","0-0",,,"""2024-12-29T18:00:00.000Z""","post","45","33",,,,,,,,,,,
"2faad927-ee71-4555-95d6-b307aad6e403","401772814","5","2025","JAX","KC","https://a.espncdn.com/i/teamlogos/nfl/500/scoreboard/jax.png","https://a.espncdn.com/i/teamlogos/nfl/500/scoreboard/kc.png","4-1","2-3",,,"""2025-10-07T00:15:00.000Z""","post","31","28",,,,,,,,,,,
"309d5644-af03-4371-8cd6-b853a61d65dd","401772877","10","2025","CAR","NO","https://a.espncdn.com/i/teamlogos/nfl/500/scoreboard/car.png","https://a.espncdn.com/i/teamlogos/nfl/500/scoreboard/no.png","5-5","2-8",,,"""2025-11-09T18:00:00.000Z""","post","7","17",,,,,,,"4","0:00","STATUS_FINAL","33.7","66.1"
"30faaa86-dc68-4696-87be-97baea9a53e3","401772927","10","2025","LAC","PIT","https://a.espncdn.com/i/teamlogos/nfl/500/scoreboard/lac.png","https://a.espncdn.com/i/teamlogos/nfl/500/scoreboard/pit.png","7-3","5-4",,,"""2025-11-10T01:20:00.000Z""","post","25","10",,,,,,,"4","0:00","STATUS_FINAL","62.7","37.0"
"3101e830-427b-400f-9c41-ecde6accb2a9","401671653","17","2024","TB","CAR","https://a.espncdn.com/i/teamlogos/nfl/500/scoreboard/tb.png","https://a.espncdn.com/i/teamlogos/nfl/500/scoreboard/car.png","0-0","0-0",,,"""2024-12-29T18:00:00.000Z""","post","48","14",,,,,,,,,,,
"31b5bc2b-f8e1-48a3-a782-4a7f911f6b94","401671875","12","2024","CLE","PIT","https://a.espncdn.com/i/teamlogos/nfl/500/scoreboard/cle.png","https://a.espncdn.com/i/teamlogos/nfl/500/scoreboard/pit.png","0-0","0-0",,,"""2024-11-22T01:15:00.000Z""","post","24","19",,,,,,,,,,,
"31de31ac-585f-418d-b4bb-fe55ff9a08e4","401671617","1","2024","BUF","ARI","https://a.espncdn.com/i/teamlogos/nfl/500/scoreboard/buf.png","https://a.espncdn.com/i/teamlogos/nfl/500/scoreboard/ari.png","0-0","0-0",,,"""2024-09-08T17:00:00.000Z""","post","34","28",,,,,,,,,,,
"32207c4d-7e2d-4c98-b5b3-96ca4d5dec98","401772694","13","2025","DAL","KC","https://a.espncdn.com/i/teamlogos/nfl/500/scoreboard/dal.png","https://a.espncdn.com/i/teamlogos/nfl/500/scoreboard/kc.png","6-5-1","6-6",,,"""2025-11-27T21:30:00.000Z""","post","31","28",,,"36.1",,,"63.6","4","0:00","STATUS_FINAL","36.1","63.6"
"32426bff-f56b-479e-b6c6-f599616e8c90","401772944","10","2025","DEN","LV","https://a.espncdn.com/i/teamlogos/nfl/500/scoreboard/den.png","https://a.espncdn.com/i/teamlogos/nfl/500/scoreboard/lv.png","8-2","2-7",,,"""2025-11-07T01:15:00.000Z""","post","10","7",,,,,,,"4","0:00","STATUS_FINAL","73.9","25.9"
"32433f34-bebd-4ec5-9164-9ae012728dff","401772735","3","2025","LAC","DEN","https://a.espncdn.com/i/teamlogos/nfl/500/scoreboard/lac.png","https://a.espncdn.com/i/teamlogos/nfl/500/scoreboard/den.png","3-0","1-2",,,"""2025-09-21T20:05:00.000Z""","post","23","20",,,,,,,,,,,
"32760963-2253-45eb-a19a-3b80a1dd3887","401671637","10","2024","KC","DEN","https://a.espncdn.com/i/teamlogos/nfl/500/scoreboard/kc.png","https://a.espncdn.com/i/teamlogos/nfl/500/scoreboard/den.png","0-0","0-0",,,"""2024-11-10T18:00:00.000Z""","post","16","14",,,,,,,,,,,
"32ac0352-e2fc-4f59-94d7-20ad301b8fb3","401671743","13","2024","WSH","TEN","https://a.espncdn.com/i/teamlogos/nfl/500/scoreboard/wsh.png","https://a.espncdn.com/i/teamlogos/nfl/500/scoreboard/ten.png","0-0","0-0",,,"""2024-12-01T18:00:00.000Z""","post","42","19",,,,,,,,,,,
"32f79d9f-b81d-474b-a3b2-6858f0369f16","401671785","7","2024","PIT","NYJ","https://a.espncdn.com/i/teamlogos/nfl/500/scoreboard/pit.png","https://a.espncdn.com/i/teamlogos/nfl/500/scoreboard/nyj.png","0-0","0-0",,,"""2024-10-21T00:20:00.000Z""","post","37","15",,,,,,,,,,,
"3324e314-b033-45e3-9071-5f0ee73511f3","401772861","7","2025","CHI","NO","https://a.espncdn.com/i/teamlogos/nfl/500/scoreboard/chi.png","https://a.espncdn.com/i/teamlogos/nfl/500/scoreboard/no.png","4-2","1-6",,,"""2025-10-19T17:00:00.000Z""","post","26","14",,,,,,,"4","0:00","STATUS_FINAL",,
"332b0a33-6015-4982-8412-814d325eceaa","401772895","13","2025","TB","ARI","https://a.espncdn.com/i/teamlogos/nfl/500/scoreboard/tb.png","https://a.espncdn.com/i/teamlogos/nfl/500/scoreboard/ari.png","7-5","3-9",,,"""2025-11-30T18:00:00.000Z""","post","20","17",,,"62.9",,,"36.8","4","0:00","STATUS_FINAL","62.9","36.8"
"341b5cbc-ccde-4fa1-88be-589e8affad57","401772778","11","2025","DEN","KC","https://a.espncdn.com/i/teamlogos/nfl/500/scoreboard/den.png","https://a.espncdn.com/i/teamlogos/nfl/500/scoreboard/kc.png","9-2","5-5",,,"""2025-11-16T21:25:00.000Z""","post","22","19",,,,,,,"4","0:00","STATUS_FINAL","38.6","61.0"
"34233cff-87ec-4c05-aa66-21af99b029e6","401772912","16","2025","CAR","TB","https://a.espncdn.com/i/teamlogos/nfl/500/scoreboard/car.png","https://a.espncdn.com/i/teamlogos/nfl/500/scoreboard/tb.png","8-7","7-8","3.0","TB","""2025-12-21T18:00:00.000Z""","post","23","20",,,"43.9",,,"55.8","4","0:00","STATUS_FINAL","43.9","55.8"
"3435b296-9c39-4d62-acfe-2957fd30f9ca","401671873","10","2024","CHI","NE","https://a.espncdn.com/i/teamlogos/nfl/500/scoreboard/chi.png","https://a.espncdn.com/i/teamlogos/nfl/500/scoreboard/ne.png","0-0","0-0",,,"""2024-11-10T18:00:00.000Z""","post","3","19",,,,,,,,,,,
"345b6627-774b-4aba-b950-3136abdfe906","401772840","3","2025","TB","NYJ","https://a.espncdn.com/i/teamlogos/nfl/500/scoreboard/tb.png","https://a.espncdn.com/i/teamlogos/nfl/500/scoreboard/nyj.png","3-0","0-3",,,"""2025-09-21T17:00:00.000Z""","post","29","27",,,,,,,,,,,
"35994b25-507c-4fec-9364-bdc6937e4a74","401772880","11","2025","MIN","CHI","https://a.espncdn.com/i/teamlogos/nfl/500/scoreboard/min.png","https://a.espncdn.com/i/teamlogos/nfl/500/scoreboard/chi.png","4-6","7-3",,,"""2025-11-16T18:00:00.000Z""","post","17","19",,,,,,,"4","0:00","STATUS_FINAL","47.8","51.8"
"36811aed-dd50-40af-bc34-7980b2a9f26a","401671689","12","2024","LAC","BAL","https://a.espncdn.com/i/teamlogos/nfl/500/scoreboard/lac.png","https://a.espncdn.com/i/teamlogos/nfl/500/scoreboard/bal.png","0-0","0-0",,,"""2024-11-26T01:15:00.000Z""","post","23","30",,,,,,,,,,,
"36d38895-e0ed-4663-b414-e76ec4a3f450","401671679","5","2024","LAR","GB","https://a.espncdn.com/i/teamlogos/nfl/500/scoreboard/lar.png","https://a.espncdn.com/i/teamlogos/nfl/500/scoreboard/gb.png","0-0","0-0",,,"""2024-10-06T20:25:00.000Z""","post","19","24",,,,,,,,,,,
"36ed7a54-f709-477f-bbc8-7235ee9516bf","401671755","4","2024","ARI","WSH","https://a.espncdn.com/i/teamlogos/nfl/500/scoreboard/ari.png","https://a.espncdn.com/i/teamlogos/nfl/500/scoreboard/wsh.png","0-0","0-0",,,"""2024-09-29T20:05:00.000Z""","post","14","42",,,,,,,,,,,
"378eba84-9711-4e34-949d-17568364eb54","401772798","15","2025","KC","LAC","https://a.espncdn.com/i/teamlogos/nfl/500/scoreboard/kc.png","https://a.espncdn.com/i/teamlogos/nfl/500/scoreboard/lac.png","6-8","10-4",,,"""2025-12-14T18:00:00.000Z""","post","13","16",,,"65.1",,,"34.7","4","0:00","STATUS_FINAL","34.7","65.1"
"37a5b9e0-5c29-4478-b83b-31cb0f702086","401772811","2","2025","LV","LAC","https://a.espncdn.com/i/teamlogos/nfl/500/scoreboard/lv.png","https://a.espncdn.com/i/teamlogos/nfl/500/scoreboard/lac.png","1-1","2-0",,,"""2025-09-16T02:00:00.000Z""","post","9","20",,,,,,,,,,,
"37c2791d-e4f9-4c07-8559-0f0e8b3afb1f","401772822","14","2025","LAC","PHI","https://a.espncdn.com/i/teamlogos/nfl/500/scoreboard/lac.png","https://a.espncdn.com/i/teamlogos/nfl/500/scoreboard/phi.png","9-4","8-5",,,"""2025-12-09T01:15:00.000Z""","post","22","19",,,"40.4",,,"59.2","5","0:00","STATUS_FINAL","40.4","59.2"
"3857df67-7e36-4e92-bee5-eb3d8fc46ba9","401772829","1","2025","CLE","CIN","https://a.espncdn.com/i/teamlogos/nfl/500/scoreboard/cle.png","https://a.espncdn.com/i/teamlogos/nfl/500/scoreboard/cin.png","0-1","1-0",,,"""2025-09-07T17:00:00.000Z""","post","16","17",,,,,,,,,,,
"394218dd-01fb-496f-86c8-9c8a1a2f1a08","401772941","7","2025","CIN","PIT","https://a.espncdn.com/i/teamlogos/nfl/500/scoreboard/cin.png","https://a.espncdn.com/i/teamlogos/nfl/500/scoreboard/pit.png","3-4","4-2",,,"""2025-10-17T00:15:00.000Z""","post","33","31",,,,,,,"4","0:00","STATUS_FINAL",,
"398b4dad-f5b2-431e-884f-d56b0548792a","401671725","17","2024","MIN","GB","https://a.espncdn.com/i/teamlogos/nfl/500/scoreboard/min.png","https://a.espncdn.com/i/teamlogos/nfl/500/scoreboard/gb.png","0-0","0-0",,,"""2024-12-29T21:25:00.000Z""","post","27","25",,,,,,,,,,,
"3a4bdeb3-43f1-424e-b283-260aea8a907d","401772774","11","2025","PIT","CIN","https://a.espncdn.com/i/teamlogos/nfl/500/scoreboard/pit.png","https://a.espncdn.com/i/teamlogos/nfl/500/scoreboard/cin.png","6-4","3-7",,,"""2025-11-16T18:00:00.000Z""","post","34","12",,,,,,,"4","0:00","STATUS_FINAL","59.1","40.6"
"3acf4b39-ba12-4d6d-83a6-8845117be627","401772853","5","2025","LAC","WSH","https://a.espncdn.com/i/teamlogos/nfl/500/scoreboard/lac.png","https://a.espncdn.com/i/teamlogos/nfl/500/scoreboard/wsh.png","3-2","3-2",,,"""2025-10-05T20:25:00.000Z""","post","10","27",,,,,,,,,,,
"3b2420d9-867f-4418-9d69-1f006c03a985","401671678","10","2024","ARI","NYJ","https://a.espncdn.com/i/teamlogos/nfl/500/scoreboard/ari.png","https://a.espncdn.com/i/teamlogos/nfl/500/scoreboard/nyj.png","0-0","0-0",,,"""2024-11-10T21:25:00.000Z""","post","31","6",,,,,,,,,,,
"3b47d32c-fbf6-453f-8a52-f44220a83856","401671840","18","2024","DAL","WSH","https://a.espncdn.com/i/teamlogos/nfl/500/scoreboard/dal.png","https://a.espncdn.com/i/teamlogos/nfl/500/scoreboard/wsh.png","0-0","0-0",,,"""2025-01-05T18:00:00.000Z""","post","19","23",,,,,,,,,,,
"3b60b873-bf9f-4565-bced-9503b6248e4b","401671693","10","2024","LAR","MIA","https://a.espncdn.com/i/teamlogos/nfl/500/scoreboard/lar.png","https://a.espncdn.com/i/teamlogos/nfl/500/scoreboard/mia.png","0-0","0-0",,,"""2024-11-12T01:15:00.000Z""","post","15","23",,,,,,,,,,,
"3b67a402-b89f-406d-a86a-c2d5c715d9a4","401772632","4","2025","PIT","MIN","https://a.espncdn.com/i/teamlogos/nfl/500/scoreboard/pit.png","https://a.espncdn.com/i/teamlogos/nfl/500/scoreboard/min.png","3-1","2-2",,,"""2025-09-28T13:30:00.000Z""","post","24","21",,,,,,,,,,,
"3ba1fa27-4cbd-46db-a87d-2a8a84eab2b8","401671833","18","2024","NYJ","MIA","https://a.espncdn.com/i/teamlogos/nfl/500/scoreboard/nyj.png","https://a.espncdn.com/i/teamlogos/nfl/500/scoreboard/mia.png","0-0","0-0",,,"""2025-01-05T21:25:00.000Z""","post","32","20",,,,,,,,,,,
"3be1cc4c-a3b4-47cd-abae-0752bf8a10ed","401671633","5","2024","JAX","IND","https://a.espncdn.com/i/teamlogos/nfl/500/scoreboard/jax.png","https://a.espncdn.com/i/teamlogos/nfl/500/scoreboard/ind.png","0-0","0-0",,,"""2024-10-06T17:00:00.000Z""","post","37","34",,,,,,,,,,,
"3c008454-ab11-4d81-9033-2030ee4bd713","401772751","6","2025","NO","NE","https://a.espncdn.com/i/teamlogos/nfl/500/scoreboard/no.png","https://a.espncdn.com/i/teamlogos/nfl/500/scoreboard/ne.png","1-5","4-2","3.5","NE","""2025-10-12T17:00:00.000Z""","post","19","25",,,,,,,"4","0:00","STATUS_FINAL",,
"3ca3a8ca-733c-4cb9-a292-abc84a9a49ca","401671654","14","2024","TB","LV","https://a.espncdn.com/i/teamlogos/nfl/500/scoreboard/tb.png","https://a.espncdn.com/i/teamlogos/nfl/500/scoreboard/lv.png","0-0","0-0",,,"""2024-12-08T18:00:00.000Z""","post","28","13",,,,,,,,,,,
"3d176750-486f-46fc-9e81-bc39747a3a17","401772803","16","2025","TEN","KC","https://a.espncdn.com/i/teamlogos/nfl/500/scoreboard/ten.png","https://a.espncdn.com/i/teamlogos/nfl/500/scoreboard/kc.png","3-12","6-9","3.5","KC","""2025-12-21T18:00:00.000Z""","post","26","9",,,"31.3",,,"68.5","4","0:00","STATUS_FINAL","31.3","68.5"
"3d2cb883-4387-471a-9e7c-dc471da3c839","401671836","18","2024","PIT","CIN","https://a.espncdn.com/i/teamlogos/nfl/500/scoreboard/pit.png","https://a.espncdn.com/i/teamlogos/nfl/500/scoreboard/cin.png","0-0","0-0",,,"""2025-01-05T01:00:00.000Z""","post","17","19",,,,,,,,,,,
"3d39c331-c9b0-4b49-b89d-b7230e187105","401772890","12","2025","DAL","PHI","https://a.espncdn.com/i/teamlogos/nfl/500/scoreboard/dal.png","https://a.espncdn.com/i/teamlogos/nfl/500/scoreboard/phi.png","5-5-1","8-3",,,"""2025-11-23T21:25:00.000Z""","post","24","21",,,,,,,"4","0:00","STATUS_FINAL","44.4","55.2"
"3e3db6c8-9daf-4077-9602-a12ad24d3f1c","401772879","10","2025","SF","LAR","https://a.espncdn.com/i/teamlogos/nfl/500/scoreboard/sf.png","https://a.espncdn.com/i/teamlogos/nfl/500/scoreboard/lar.png","6-4","7-2",,,"""2025-11-09T21:25:00.000Z""","post","26","42",,,,,,,"4","0:00","STATUS_FINAL","49.8","49.8"
"3e9e6a07-5095-44e3-89eb-ef372b155693","401671729","16","2024","ATL","NYG","https://a.espncdn.com/i/teamlogos/nfl/500/scoreboard/atl.png","https://a.espncdn.com/i/teamlogos/nfl/500/scoreboard/nyg.png","0-0","0-0",,,"""2024-12-22T18:00:00.000Z""","post","34","7",,,,,,,,,,,
"3ebf3c21-5d65-4329-ad66-1c3143403743","401772883","11","2025","NYG","GB","https://a.espncdn.com/i/teamlogos/nfl/500/scoreboard/nyg.png","https://a.espncdn.com/i/teamlogos/nfl/500/scoreboard/gb.png","2-9","6-3-1",,,"""2025-11-16T18:00:00.000Z""","post","20","27",,,,,,,"4","0:00","STATUS_FINAL","56.9","42.8"
"3f0f4ffb-074c-40f9-9c48-7f34cf16e932","401671711","9","2024","NYG","WSH","https://a.espncdn.com/i/teamlogos/nfl/500/scoreboard/nyg.png","https://a.espncdn.com/i/teamlogos/nfl/500/scoreboard/wsh.png","0-0","0-0",,,"""2024-11-03T18:00:00.000Z""","post","22","27",,,,,,,,,,,
"3fe5e7a3-d446-4dc8-b5c0-33bcf4c3f5d1","401671645","2","2024","MIN","SF","https://a.espncdn.com/i/teamlogos/nfl/500/scoreboard/min.png","https://a.espncdn.com/i/teamlogos/nfl/500/scoreboard/sf.png","0-0","0-0",,,"""2024-09-15T17:00:00.000Z""","post","23","17",,,,,,,,,,,
"4008872e-dd17-43ee-bd89-66c540bb8967","401671792","1","2024","DET","LAR","https://a.espncdn.com/i/teamlogos/nfl/500/scoreboard/det.png","https://a.espncdn.com/i/teamlogos/nfl/500/scoreboard/lar.png","0-0","0-0",,,"""2024-09-09T00:20:00.000Z""","post","26","20",,,,,,,,,,,
"4123a030-1fbb-4711-bf11-e7346eb89a3a","401772830","1","2025","ATL","TB","https://a.espncdn.com/i/teamlogos/nfl/500/scoreboard/atl.png","https://a.espncdn.com/i/teamlogos/nfl/500/scoreboard/tb.png","0-1","1-0",,,"""2025-09-07T17:00:00.000Z""","post","20","23",,,,,,,,,,,
"4162ef11-1711-4c39-ba64-6f1862a51166","401671783","4","2024","BAL","BUF","https://a.espncdn.com/i/teamlogos/nfl/500/scoreboard/bal.png","https://a.espncdn.com/i/teamlogos/nfl/500/scoreboard/buf.png","0-0","0-0",,,"""2024-09-30T00:20:00.000Z""","post","35","10",,,,,,,,,,,
"4237591e-c15d-400f-a741-c2881e51db6c","401772721","1","2025","NYJ","PIT","https://a.espncdn.com/i/teamlogos/nfl/500/scoreboard/nyj.png","https://a.espncdn.com/i/teamlogos/nfl/500/scoreboard/pit.png","0-1","1-0",,,"""2025-09-07T17:00:00.000Z""","post","32","34",,,,,,,,,,,
"42dc3499-7719-4bd9-9764-bacb249e30da","401671775","12","2024","SEA","ARI","https://a.espncdn.com/i/teamlogos/nfl/500/scoreboard/sea.png","https://a.espncdn.com/i/teamlogos/nfl/500/scoreboard/ari.png","0-0","0-0",,,"""2024-11-24T21:25:00.000Z""","post","16","6",,,,,,,,,,,
"43c7fd3e-a3c4-4845-9012-8d5e64b446d7","401671823","3","2024","TEN","GB","https://a.espncdn.com/i/teamlogos/nfl/500/scoreboard/ten.png","https://a.espncdn.com/i/teamlogos/nfl/500/scoreboard/gb.png","0-0","0-0",,,"""2024-09-22T17:00:00.000Z""","post","14","30",,,,,,,,,,,
"43fd2c2e-96ca-4127-ac52-c35295bc5944","401772932","14","2025","KC","HOU","https://a.espncdn.com/i/teamlogos/nfl/500/scoreboard/kc.png","https://a.espncdn.com/i/teamlogos/nfl/500/scoreboard/hou.png","6-7","8-5",,,"""2025-12-08T01:20:00.000Z""","post","10","20",,,"66.0",,,"33.7","4","0:00","STATUS_FINAL","33.7","66.0"
"4401d322-197f-4f49-8768-8e2cf323a836","401772748","6","2025","PIT","CLE","https://a.espncdn.com/i/teamlogos/nfl/500/scoreboard/pit.png","https://a.espncdn.com/i/teamlogos/nfl/500/scoreboard/cle.png","4-1","1-5","-4.5","PIT","""2025-10-12T17:00:00.000Z""","post","23","9",,,,,,,"4","0:00","STATUS_FINAL",,
"4459038e-074a-4b1d-a7ab-cf2574f66258","401671716","2","2024","WSH","NYG","https://a.espncdn.com/i/teamlogos/nfl/500/scoreboard/wsh.png","https://a.espncdn.com/i/teamlogos/nfl/500/scoreboard/nyg.png","0-0","0-0",,,"""2024-09-15T17:00:00.000Z""","post","21","18",,,,,,,,,,,
"446bbf8f-cc12-4766-8510-dc9544c7131e","401671795","8","2024","SF","DAL","https://a.espncdn.com/i/teamlogos/nfl/500/scoreboard/sf.png","https://a.espncdn.com/i/teamlogos/nfl/500/scoreboard/dal.png","0-0","0-0",,,"""2024-10-28T00:20:00.000Z""","post","30","24",,,,,,,,,,,
"44ed9a41-84ec-4d18-9569-8283f5a81d14","401772818","9","2025","DAL","ARI","https://a.espncdn.com/i/teamlogos/nfl/500/scoreboard/dal.png","https://a.espncdn.com/i/teamlogos/nfl/500/scoreboard/ari.png","3-5-1","3-5",,,"""2025-11-04T01:15:00.000Z""","post","17","27",,,,,,,"4","0:00","STATUS_FINAL","38.8","60.8"
"452f010d-1682-4b41-92ee-3d0c0a7efcbc","401671700","5","2024","NE","MIA","https://a.espncdn.com/i/teamlogos/nfl/500/scoreboard/ne.png","https://a.espncdn.com/i/teamlogos/nfl/500/scoreboard/mia.png","0-0","0-0",,,"""2024-10-06T17:00:00.000Z""","post","10","15",,,,,,,,,,,
"45fd0527-9747-46ac-b550-c25ae846eea2","401772929","12","2025","LAR","TB","https://a.espncdn.com/i/teamlogos/nfl/500/scoreboard/lar.png","https://a.espncdn.com/i/teamlogos/nfl/500/scoreboard/tb.png","9-2","6-5",,,"""2025-11-24T01:20:00.000Z""","post","34","7",,,,,,,"4","0:00","STATUS_FINAL",,
"464f83cd-076d-4273-9416-effd35e804b4","401772770","10","2025","HOU","JAX","https://a.espncdn.com/i/teamlogos/nfl/500/scoreboard/hou.png","https://a.espncdn.com/i/teamlogos/nfl/500/scoreboard/jax.png","4-5","5-4",,,"""2025-11-09T18:00:00.000Z""","post","36","29",,,,,,,"4","0:00","STATUS_FINAL","48.5","51.1"
"46d6b8f1-25a6-4488-bbdc-8466f3ae06a7","401772854","5","2025","CIN","DET","https://a.espncdn.com/i/teamlogos/nfl/500/scoreboard/cin.png","https://a.espncdn.com/i/teamlogos/nfl/500/scoreboard/det.png","2-3","4-1",,,"""2025-10-05T20:25:00.000Z""","post","24","37",,,,,,,,,,,
"470e9d9b-9593-4795-8b46-7e309aa4c61a","401671847","12","2024","MIA","NE","https://a.espncdn.com/i/teamlogos/nfl/500/scoreboard/mia.png","https://a.espncdn.com/i/teamlogos/nfl/500/scoreboard/ne.png","0-0","0-0",,,"""2024-11-24T18:00:00.000Z""","post","34","15",,,,,,,,,,,
"47a141f6-72ba-43c5-9a00-1c0a7f0d940d","401772948","15","2025","TB","ATL","https://a.espncdn.com/i/teamlogos/nfl/500/scoreboard/tb.png","https://a.espncdn.com/i/teamlogos/nfl/500/scoreboard/atl.png","7-7","5-9",,,"""2025-12-12T01:15:00.000Z""","post","28","29",,,"62.9",,,"36.8","4","0:00","STATUS_FINAL","36.8","62.9"
"47c7cc2e-1d2f-4744-9250-acd1630d8dfa","401671644","7","2024","GB","HOU","https://a.espncdn.com/i/teamlogos/nfl/500/scoreboard/gb.png","https://a.espncdn.com/i/teamlogos/nfl/500/scoreboard/hou.png","0-0","0-0",,,"""2024-10-20T17:00:00.000Z""","post","24","22",,,,,,,,,,,
"48564d06-6cd0-4732-ae36-7bf8c6417450","401671643","4","2024","GB","MIN","https://a.espncdn.com/i/teamlogos/nfl/500/scoreboard/gb.png","https://a.espncdn.com/i/teamlogos/nfl/500/scoreboard/min.png","0-0","0-0",,,"""2024-09-29T17:00:00.000Z""","post","29","31",,,,,,,,,,,
"48710421-5a9c-46d1-b36b-caa14297d1d3","401671780","16","2024","KC","HOU","https://a.espncdn.com/i/teamlogos/nfl/500/scoreboard/kc.png","https://a.espncdn.com/i/teamlogos/nfl/500/scoreboard/hou.png","0-0","0-0",,,"""2024-12-21T18:00:00.000Z""","post","27","19",,,,,,,,,,,
"490b1443-0134-40a3-b833-0a9896d55f2f","401671745","4","2024","CAR","CIN","https://a.espncdn.com/i/teamlogos/nfl/500/scoreboard/car.png","https://a.espncdn.com/i/teamlogos/nfl/500/scoreboard/cin.png","0-0","0-0",,,"""2024-09-29T17:00:00.000Z""","post","24","34",,,,,,,,,,,
"49845823-a820-4ea5-8d17-40a60758d43a","401671768","12","2024","GB","SF","https://a.espncdn.com/i/teamlogos/nfl/500/scoreboard/gb.png","https://a.espncdn.com/i/teamlogos/nfl/500/scoreboard/sf.png","0-0","0-0",,,"""2024-11-24T21:25:00.000Z""","post","38","10",,,,,,,,,,,
"49d5b888-cefc-4a6c-9ee5-57326e3c1091","401772636","10","2025","IND","ATL","https://a.espncdn.com/i/teamlogos/nfl/500/scoreboard/ind.png","https://a.espncdn.com/i/teamlogos/nfl/500/scoreboard/atl.png","8-2","3-6",,,"""2025-11-09T14:30:00.000Z""","post","31","25",,,,,,,"5","0:00","STATUS_FINAL","69.8","29.9"
"49d8e640-2e08-4f01-9070-eeaf14a1c5be","401772756","7","2025","LAC","IND","https://a.espncdn.com/i/teamlogos/nfl/500/scoreboard/lac.png","https://a.espncdn.com/i/teamlogos/nfl/500/scoreboard/ind.png","4-3","6-1",,,"""2025-10-19T20:05:00.000Z""","post","24","38",,,,,,,"4","0:00","STATUS_FINAL",,
"4a2ab7be-acd4-44aa-a766-aa55f586ee8c","401772848","4","2025","SF","JAX","https://a.espncdn.com/i/teamlogos/nfl/500/scoreboard/sf.png","https://a.espncdn.com/i/teamlogos/nfl/500/scoreboard/jax.png","3-1","3-1",,,"""2025-09-28T20:05:00.000Z""","post","21","26",,,,,,,,,,,
"4a81eb39-2c6b-408a-bea5-495527925fca","401772882","11","2025","ATL","CAR","https://a.espncdn.com/i/teamlogos/nfl/500/scoreboard/atl.png","https://a.espncdn.com/i/teamlogos/nfl/500/scoreboard/car.png","3-7","6-5",,,"""2025-11-16T18:00:00.000Z""","post","27","30",,,,,,,"5","0:00","STATUS_FINAL","41.8","57.9"
"4ab70a15-e09a-4e45-b3ea-cd85da52eaf9","401671730","7","2024","ATL","SEA","https://a.espncdn.com/i/teamlogos/nfl/500/scoreboard/atl.png","https://a.espncdn.com/i/teamlogos/nfl/500/scoreboard/sea.png","0-0","0-0",,,"""2024-10-20T17:00:00.000Z""","post","14","34",,,,,,,,,,,
"4ad7c6d7-e225-44c7-b3c2-172d28e9fda3","401772874","9","2025","LAR","NO","https://a.espncdn.com/i/teamlogos/nfl/500/scoreboard/lar.png","https://a.espncdn.com/i/teamlogos/nfl/500/scoreboard/no.png","6-2","1-8",,,"""2025-11-02T21:05:00.000Z""","post","34","10",,,,,,,"4","0:00","STATUS_FINAL","82.9","17.0"
"4aed313f-c7e8-4f92-ba70-b28523e50720","401671672","4","2024","LV","CLE","https://a.espncdn.com/i/teamlogos/nfl/500/scoreboard/lv.png","https://a.espncdn.com/i/teamlogos/nfl/500/scoreboard/cle.png","0-0","0-0",,,"""2024-09-29T20:25:00.000Z""","post","20","16",,,,,,,,,,,
"4af77a5d-eb52-4b05-8bd2-a3380e561ac1","401671845","18","2024","ARI","SF","https://a.espncdn.com/i/teamlogos/nfl/500/scoreboard/ari.png","https://a.espncdn.com/i/teamlogos/nfl/500/scoreboard/sf.png","0-0","0-0",,,"""2025-01-05T21:25:00.000Z""","post","47","24",,,,,,,,,,,
"4b111c58-c395-436f-b84c-7f719d125783","401671752","13","2024","CAR","TB","https://a.espncdn.com/i/teamlogos/nfl/500/scoreboard/car.png","https://a.espncdn.com/i/teamlogos/nfl/500/scoreboard/tb.png","0-0","0-0",,,"""2024-12-01T21:05:00.000Z""","post","23","26",,,,,,,,,,,
"4b6f2703-4e87-4334-8298-fe77370892c8","401671688","9","2024","KC","TB","https://a.espncdn.com/i/teamlogos/nfl/500/scoreboard/kc.png","https://a.espncdn.com/i/teamlogos/nfl/500/scoreboard/tb.png","0-0","0-0",,,"""2024-11-05T01:15:00.000Z""","post","30","24",,,,,,,,,,,
"4ca05f8d-5839-4502-a066-a827679faca5","401772792","14","2025","TB","NO","https://a.espncdn.com/i/teamlogos/nfl/500/scoreboard/tb.png","https://a.espncdn.com/i/teamlogos/nfl/500/scoreboard/no.png","7-6","3-10",,,"""2025-12-07T18:00:00.000Z""","post","20","24",,,"72.5",,,"27.3","4","0:00","STATUS_FINAL","27.3","72.5"
"4ca9b780-cc42-4af0-bbdd-950730fcbf93","401671751","10","2024","LAC","TEN","https://a.espncdn.com/i/teamlogos/nfl/500/scoreboard/lac.png","https://a.espncdn.com/i/teamlogos/nfl/500/scoreboard/ten.png","0-0","0-0",,,"""2024-11-10T21:05:00.000Z""","post","27","17",,,,,,,,,,,
"4d631138-18a5-41c6-a3ed-1bbe8c6533d6","401772875","10","2025","CHI","NYG","https://a.espncdn.com/i/teamlogos/nfl/500/scoreboard/chi.png","https://a.espncdn.com/i/teamlogos/nfl/500/scoreboard/nyg.png","6-3","2-8",,,"""2025-11-09T18:00:00.000Z""","post","24","20",,,,,,,"4","0:00","STATUS_FINAL","49.7","49.9"
"4e1dc139-ee89-482e-992c-bf20980aa2f2","401772784","12","2025","LV","CLE","https://a.espncdn.com/i/teamlogos/nfl/500/scoreboard/lv.png","https://a.espncdn.com/i/teamlogos/nfl/500/scoreboard/cle.png","2-9","3-8",,,"""2025-11-23T21:05:00.000Z""","post","10","24",,,,,,,"4","0:00","STATUS_FINAL","35.9","63.8"
"4e4d4b0f-c987-478c-8112-548547aacfc7","401671631","14","2024","PIT","CLE","https://a.espncdn.com/i/teamlogos/nfl/500/scoreboard/pit.png","https://a.espncdn.com/i/teamlogos/nfl/500/scoreboard/cle.png","0-0","0-0",,,"""2024-12-08T18:00:00.000Z""","post","27","14",,,,,,,,,,,
"4eba7a4a-0755-4611-bed3-c13ff4703dca","401671867","4","2024","IND","PIT","https://a.espncdn.com/i/teamlogos/nfl/500/scoreboard/ind.png","https://a.espncdn.com/i/teamlogos/nfl/500/scoreboard/pit.png","0-0","0-0",,,"""2024-09-29T17:00:00.000Z""","post","27","24",,,,,,,,,,,
"4f0c816a-d397-41ba-a8d5-51e1c8b4830c","401772911","16","2025","NYG","MIN","https://a.espncdn.com/i/teamlogos/nfl/500/scoreboard/nyg.png","https://a.espncdn.com/i/teamlogos/nfl/500/scoreboard/min.png","2-13","7-8","2.5","MIN","""2025-12-21T18:00:00.000Z""","post","13","16",,,"55.0",,,"44.7","4","0:00","STATUS_FINAL","44.7","55.0"
"4fb26da7-7f6a-4162-bf2c-c82ad6db99d8","401671651","12","2024","CAR","KC","https://a.espncdn.com/i/teamlogos/nfl/500/scoreboard/car.png","https://a.espncdn.com/i/teamlogos/nfl/500/scoreboard/kc.png","0-0","0-0",,,"""2024-11-24T18:00:00.000Z""","post","27","30",,,,,,,,,,,
"5079b48e-5419-4607-a529-b5693b1327c2","401772905","15","2025","NYG","WSH","https://a.espncdn.com/i/teamlogos/nfl/500/scoreboard/nyg.png","https://a.espncdn.com/i/teamlogos/nfl/500/scoreboard/wsh.png","2-12","4-10",,,"""2025-12-14T18:00:00.000Z""","post","21","29",,,"53.1",,,"46.5","4","0:00","STATUS_FINAL","46.5","53.1"
"50a5b2de-18bf-4991-b344-63d91e13ef0b","401671702","2","2024","NE","SEA","https://a.espncdn.com/i/teamlogos/nfl/500/scoreboard/ne.png","https://a.espncdn.com/i/teamlogos/nfl/500/scoreboard/sea.png","0-0","0-0",,,"""2024-09-15T17:00:00.000Z""","post","20","23",,,,,,,,,,,
"50f3d872-c1df-4144-8afe-c5d75ac5aaec","401671757","11","2024","SF","SEA","https://a.espncdn.com/i/teamlogos/nfl/500/scoreboard/sf.png","https://a.espncdn.com/i/teamlogos/nfl/500/scoreboard/sea.png","0-0","0-0",,,"""2024-11-17T21:05:00.000Z""","post","17","20",,,,,,,,,,,
"51a3a933-7ed6-4fa6-8742-cf8113f18c60","401772764","9","2025","TEN","LAC","https://a.espncdn.com/i/teamlogos/nfl/500/scoreboard/ten.png","https://a.espncdn.com/i/teamlogos/nfl/500/scoreboard/lac.png","1-8","6-3",,,"""2025-11-02T18:00:00.000Z""","post","20","27",,,,,,,"4","0:00","STATUS_FINAL","74.3","25.5"
"51bbf64a-e16e-4ae4-9bd9-32e80bed0a89","401671738","17","2024","NO","LV","https://a.espncdn.com/i/teamlogos/nfl/500/scoreboard/no.png","https://a.espncdn.com/i/teamlogos/nfl/500/scoreboard/lv.png","0-0","0-0",,,"""2024-12-29T18:00:00.000Z""","post","10","25",,,,,,,,,,,
"522815a0-4205-44ff-b092-19e05729c816","401772739","4","2025","ATL","WSH","https://a.espncdn.com/i/teamlogos/nfl/500/scoreboard/atl.png","https://a.espncdn.com/i/teamlogos/nfl/500/scoreboard/wsh.png","2-2","2-2",,,"""2025-09-28T17:00:00.000Z""","post","34","27",,,,,,,,,,,
"52d8e71d-f09d-459a-9847-b0786a0fc9cb","401772839","3","2025","PHI","LAR","https://a.espncdn.com/i/teamlogos/nfl/500/scoreboard/phi.png","https://a.espncdn.com/i/teamlogos/nfl/500/scoreboard/lar.png","3-0","2-1",,,"""2025-09-21T17:00:00.000Z""","post","33","26",,,,,,,,,,,
"52e41e39-455e-4767-ad23-cff615484c7b","401671668","2","2024","DEN","PIT","https://a.espncdn.com/i/teamlogos/nfl/500/scoreboard/den.png","https://a.espncdn.com/i/teamlogos/nfl/500/scoreboard/pit.png","0-0","0-0",,,"""2024-09-15T20:25:00.000Z""","post","6","13",,,,,,,,,,,
"536a6cc2-537d-4b28-9a57-14b66bad4c54","401772744","5","2025","NO","NYG","https://a.espncdn.com/i/teamlogos/nfl/500/scoreboard/no.png","https://a.espncdn.com/i/teamlogos/nfl/500/scoreboard/nyg.png","1-4","1-4",,,"""2025-10-05T17:00:00.000Z""","post","26","14",,,,,,,,,,,
"53aa259b-a3f7-47c9-8741-e38f88a2e9c6","401772850","5","2025","NYJ","DAL","https://a.espncdn.com/i/teamlogos/nfl/500/scoreboard/nyj.png","https://a.espncdn.com/i/teamlogos/nfl/500/scoreboard/dal.png","0-5","2-2-1",,,"""2025-10-05T17:00:00.000Z""","post","22","37",,,,,,,,,,,
"53e2832e-f67a-4260-b5e2-5b90efbb2839","401671709","2","2024","DAL","NO","https://a.espncdn.com/i/teamlogos/nfl/500/scoreboard/dal.png","https://a.espncdn.com/i/teamlogos/nfl/500/scoreboard/no.png","0-0","0-0",,,"""2024-09-15T17:00:00.000Z""","post","19","44",,,,,,,,,,,
"543d500a-de09-4aff-8ab6-91d9c0d3f4eb","401671655","6","2024","DEN","LAC","https://a.espncdn.com/i/teamlogos/nfl/500/scoreboard/den.png","https://a.espncdn.com/i/teamlogos/nfl/500/scoreboard/lac.png","0-0","0-0",,,"""2024-10-13T20:05:00.000Z""","post","16","23",,,,,,,,,,,
"54b67e37-9c25-4ac0-98c8-9bc095514dbd","401671723","2","2024","GB","IND","https://a.espncdn.com/i/teamlogos/nfl/500/scoreboard/gb.png","https://a.espncdn.com/i/teamlogos/nfl/500/scoreboard/ind.png","0-0","0-0",,,"""2024-09-15T17:00:00.000Z""","post","16","10",,,,,,,,,,,
"5526123d-f045-4d28-9779-3d8d36203ff0","401671494","16","2024","BUF","NE","https://a.espncdn.com/i/teamlogos/nfl/500/scoreboard/buf.png","https://a.espncdn.com/i/teamlogos/nfl/500/scoreboard/ne.png","0-0","0-0",,,"""2024-12-22T21:25:00.000Z""","post","24","21",,,,,,,,,,,
"5585caa1-0ce3-4867-b2b7-428e11cc95d4","401671717","16","2024","WSH","PHI","https://a.espncdn.com/i/teamlogos/nfl/500/scoreboard/wsh.png","https://a.espncdn.com/i/teamlogos/nfl/500/scoreboard/phi.png","0-0","0-0",,,"""2024-12-22T18:00:00.000Z""","post","36","33",,,,,,,,,,,
"55e26f82-4945-42f6-8b87-edab5c5728b7","401671662","3","2024","SEA","MIA","https://a.espncdn.com/i/teamlogos/nfl/500/scoreboard/sea.png","https://a.espncdn.com/i/teamlogos/nfl/500/scoreboard/mia.png","0-0","0-0",,,"""2024-09-22T20:05:00.000Z""","post","24","3",,,,,,,,,,,
"55f3eaf0-c837-4053-a620-5cbbcecfafd8","401671686","13","2024","DEN","CLE","https://a.espncdn.com/i/teamlogos/nfl/500/scoreboard/den.png","https://a.espncdn.com/i/teamlogos/nfl/500/scoreboard/cle.png","0-0","0-0",,,"""2024-12-03T01:15:00.000Z""","post","41","32",,,,,,,,,,,
"5602391f-c3f9-4b58-8a79-264cdf569017","401671682","3","2024","BUF","JAX","https://a.espncdn.com/i/teamlogos/nfl/500/scoreboard/buf.png","https://a.espncdn.com/i/teamlogos/nfl/500/scoreboard/jax.png","0-0","0-0",,,"""2024-09-23T23:30:00.000Z""","post","47","10",,,,,,,,,,,
"5683370c-5b8c-4f09-86a7-b69ae192bc5a","401671803","10","2024","CAR","NYG","https://a.espncdn.com/i/teamlogos/nfl/500/scoreboard/car.png","https://a.espncdn.com/i/teamlogos/nfl/500/scoreboard/nyg.png","0-0","0-0",,,"""2024-11-10T14:30:00.000Z""","post","20","17",,,,,,,,,,,
"5714bec8-abea-4c3c-8324-92978f3b859f","401772634","6","2025","NYJ","DEN","https://a.espncdn.com/i/teamlogos/nfl/500/scoreboard/nyj.png","https://a.espncdn.com/i/teamlogos/nfl/500/scoreboard/den.png","0-6","4-2","7.5","DEN","""2025-10-12T13:30:00.000Z""","post","11","13",,,,,,,"4","0:00","STATUS_FINAL",,
"576ce7c5-7c87-4323-8fca-72a493a4f11f","401671628","1","2024","CIN","NE","https://a.espncdn.com/i/teamlogos/nfl/500/scoreboard/cin.png","https://a.espncdn.com/i/teamlogos/nfl/500/scoreboard/ne.png","0-0","0-0",,,"""2024-09-08T17:00:00.000Z""","post","10","16",,,,,,,,,,,
"57ada018-173c-4e95-8450-f74ff6e18fef","401671777","7","2024","SF","KC","https://a.espncdn.com/i/teamlogos/nfl/500/scoreboard/sf.png","https://a.espncdn.com/i/teamlogos/nfl/500/scoreboard/kc.png","0-0","0-0",,,"""2024-10-20T20:25:00.000Z""","post","18","28",,,,,,,,,,,
"58c41f89-f3f6-4dfd-82b3-55d562cd6f72","401772857","6","2025","JAX","SEA","https://a.espncdn.com/i/teamlogos/nfl/500/scoreboard/jax.png","https://a.espncdn.com/i/teamlogos/nfl/500/scoreboard/sea.png","4-2","4-2","-1.5","JAX","""2025-10-12T17:00:00.000Z""","post","12","20",,,,,,,"4","0:00","STATUS_FINAL",,
"592310e7-5f1e-411c-94bb-003b9d7cf284","401772777","11","2025","CLE","BAL","https://a.espncdn.com/i/teamlogos/nfl/500/scoreboard/cle.png","https://a.espncdn.com/i/teamlogos/nfl/500/scoreboard/bal.png","2-8","5-5",,,"""2025-11-16T21:25:00.000Z""","post","16","23",,,,,,,"4","0:00","STATUS_FINAL","79.0","20.8"
"596638f5-dc20-49b1-bd0c-fbba98408a59","401671832","17","2024","NE","LAC","https://a.espncdn.com/i/teamlogos/nfl/500/scoreboard/ne.png","https://a.espncdn.com/i/teamlogos/nfl/500/scoreboard/lac.png","0-0","0-0",,,"""2024-12-28T18:00:00.000Z""","post","7","40",,,,,,,,,,,
"599ad8ed-dcbd-4d6f-af96-bf0df84a1e46","401772743","5","2025","BAL","HOU","https://a.espncdn.com/i/teamlogos/nfl/500/scoreboard/bal.png","https://a.espncdn.com/i/teamlogos/nfl/500/scoreboard/hou.png","1-4","2-3",,,"""2025-10-05T17:00:00.000Z""","post","10","44",,,,,,,,,,,
"5adabf6b-0cdb-46b7-b2ee-0e68a1b125cc","401772630","10","2025","GB","PHI","https://a.espncdn.com/i/teamlogos/nfl/500/scoreboard/gb.png","https://a.espncdn.com/i/teamlogos/nfl/500/scoreboard/phi.png","5-3-1","7-2",,,"""2025-11-11T01:15:00.000Z""","post","7","10",,,,,,,"4","0:00","STATUS_FINAL","47.6","52.0"
"5bc7863d-fb6b-455c-9379-85c044e9124e","401671622","4","2024","NYJ","DEN","https://a.espncdn.com/i/teamlogos/nfl/500/scoreboard/nyj.png","https://a.espncdn.com/i/teamlogos/nfl/500/scoreboard/den.png","0-0","0-0",,,"""2024-09-29T17:00:00.000Z""","post","9","10",,,,,,,,,,,
"5ca39933-0941-4486-8719-9491ba784310","401772746","5","2025","SEA","TB","https://a.espncdn.com/i/teamlogos/nfl/500/scoreboard/sea.png","https://a.espncdn.com/i/teamlogos/nfl/500/scoreboard/tb.png","3-2","4-1",,,"""2025-10-05T20:05:00.000Z""","post","35","38",,,,,,,,,,,
"5ce0ef87-2e23-4582-9ac0-8d8716c54386","401671766","15","2024","PHI","PIT","https://a.espncdn.com/i/teamlogos/nfl/500/scoreboard/phi.png","https://a.espncdn.com/i/teamlogos/nfl/500/scoreboard/pit.png","0-0","0-0",,,"""2024-12-15T21:25:00.000Z""","post","27","13",,,,,,,,,,,
"5d4d9cfc-12d8-46a9-898a-c7a58d9e3dba","401671634","17","2024","JAX","TEN","https://a.espncdn.com/i/teamlogos/nfl/500/scoreboard/jax.png","https://a.espncdn.com/i/teamlogos/nfl/500/scoreboard/ten.png","0-0","0-0",,,"""2024-12-29T18:00:00.000Z""","post","20","13",,,,,,,,,,,
"5dc7125b-1eef-4be2-887a-9cd2ba3ab594","401671630","11","2024","PIT","BAL","https://a.espncdn.com/i/teamlogos/nfl/500/scoreboard/pit.png","https://a.espncdn.com/i/teamlogos/nfl/500/scoreboard/bal.png","0-0","0-0",,,"""2024-11-17T18:00:00.000Z""","post","18","16",,,,,,,,,,,
"5e474ac8-641e-4678-98ec-a31096c7356d","401671640","7","2024","WSH","CAR","https://a.espncdn.com/i/teamlogos/nfl/500/scoreboard/wsh.png","https://a.espncdn.com/i/teamlogos/nfl/500/scoreboard/car.png","0-0","0-0",,,"""2024-10-20T20:05:00.000Z""","post","40","7",,,,,,,,,,,
"5e4f2f5e-4c89-4b9d-8d63-b0ef8613f339","401772809","17","2025","TEN","NO","https://a.espncdn.com/i/teamlogos/nfl/500/scoreboard/ten.png","https://a.espncdn.com/i/teamlogos/nfl/500/scoreboard/no.png","3-13","6-10","2.5","NO","""2025-12-28T18:00:00.000Z""","post","26","34",,,"43.6",,,"56.0","4","0:00","STATUS_FINAL","56.0","43.6"
"5e6c3f12-367b-413d-8fa7-1a76fcabcfbf","401671809","9","2024","NYJ","HOU","https://a.espncdn.com/i/teamlogos/nfl/500/scoreboard/nyj.png","https://a.espncdn.com/i/teamlogos/nfl/500/scoreboard/hou.png","0-0","0-0",,,"""2024-11-01T00:15:00.000Z""","post","21","13",,,,,,,,,,,
"5ee8fa87-ea63-495d-ba53-9779d679b3e9","401772750","6","2025","MIA","LAC","https://a.espncdn.com/i/teamlogos/nfl/500/scoreboard/mia.png","https://a.espncdn.com/i/teamlogos/nfl/500/scoreboard/lac.png","1-5","4-2","4.5","LAC","""2025-10-12T17:00:00.000Z""","post","27","29",,,,,,,"4","0:00","STATUS_FINAL",,
"5f4240e5-9bb6-45c9-a004-5dca2076b2c1","401772725","2","2025","CIN","JAX","https://a.espncdn.com/i/teamlogos/nfl/500/scoreboard/cin.png","https://a.espncdn.com/i/teamlogos/nfl/500/scoreboard/jax.png","2-0","1-1",,,"""2025-09-14T17:00:00.000Z""","post","31","27",,,,,,,,,,,
"5fff642f-22ef-4c52-bdc8-86c57876f1f7","401772799","15","2025","SEA","IND","https://a.espncdn.com/i/teamlogos/nfl/500/scoreboard/sea.png","https://a.espncdn.com/i/teamlogos/nfl/500/scoreboard/ind.png","11-3","8-6",,,"""2025-12-14T21:25:00.000Z""","post","18","16",,,"71.4",,,"28.4","4","0:00","STATUS_FINAL","71.4","28.4"
"6060f4c8-3a36-495d-b841-d4f97d4a3727","401671822","9","2024","TEN","NE","https://a.espncdn.com/i/teamlogos/nfl/500/scoreboard/ten.png","https://a.espncdn.com/i/teamlogos/nfl/500/scoreboard/ne.png","0-0","0-0",,,"""2024-11-03T18:00:00.000Z""","post","20","17",,,,,,,,,,,
"6071e54d-c5b3-4662-a546-94e3bf67f48b","401671691","2","2024","PHI","ATL","https://a.espncdn.com/i/teamlogos/nfl/500/scoreboard/phi.png","https://a.espncdn.com/i/teamlogos/nfl/500/scoreboard/atl.png","0-0","0-0",,,"""2024-09-17T00:15:00.000Z""","post","21","22",,,,,,,,,,,
"60977f46-eb8d-4dba-ab8c-8d868262137c","401671760","8","2024","SEA","BUF","https://a.espncdn.com/i/teamlogos/nfl/500/scoreboard/sea.png","https://a.espncdn.com/i/teamlogos/nfl/500/scoreboard/buf.png","0-0","0-0",,,"""2024-10-27T20:05:00.000Z""","post","10","31",,,,,,,,,,,
"618b3cd1-e2df-43e3-ab97-101314fe40ed","401671641","10","2024","WSH","PIT","https://a.espncdn.com/i/teamlogos/nfl/500/scoreboard/wsh.png","https://a.espncdn.com/i/teamlogos/nfl/500/scoreboard/pit.png","0-0","0-0",,,"""2024-11-10T18:00:00.000Z""","post","27","28",,,,,,,,,,,
"620d4233-6648-49e9-8687-7fab0d88a3f2","401671626","5","2024","CIN","BAL","https://a.espncdn.com/i/teamlogos/nfl/500/scoreboard/cin.png","https://a.espncdn.com/i/teamlogos/nfl/500/scoreboard/bal.png","0-0","0-0",,,"""2024-10-06T17:00:00.000Z""","post","38","41",,,,,,,,,,,
"62600472-c342-48f2-be96-62b4ef840548","401772933","15","2025","DAL","MIN","https://a.espncdn.com/i/teamlogos/nfl/500/scoreboard/dal.png","https://a.espncdn.com/i/teamlogos/nfl/500/scoreboard/min.png","6-7-1","6-8",,,"""2025-12-15T01:20:00.000Z""","post","26","34",,,"61.2",,,"38.4","4","0:00","STATUS_FINAL","38.4","61.2"
"62d67def-28ee-4bf4-b070-61e5c73bf90a","401671778","16","2024","BAL","PIT","https://a.espncdn.com/i/teamlogos/nfl/500/scoreboard/bal.png","https://a.espncdn.com/i/teamlogos/nfl/500/scoreboard/pit.png","0-0","0-0",,,"""2024-12-21T21:30:00.000Z""","post","34","17",,,,,,,,,,,
"6346765c-9f65-41ee-9416-f968e65c0d23","401772951","17","2025","LAC","HOU","https://a.espncdn.com/i/teamlogos/nfl/500/scoreboard/lac.png","https://a.espncdn.com/i/teamlogos/nfl/500/scoreboard/hou.png","11-5","11-5","-2.5","LAC","""2025-12-27T21:30:00.000Z""","post","16","20",,,"51.7",,,"47.9","4","0:00","STATUS_FINAL","47.9","51.7"
"63c3b503-4366-459d-9397-c45c5d5ab72f","401671721","2","2024","DET","TB","https://a.espncdn.com/i/teamlogos/nfl/500/scoreboard/det.png","https://a.espncdn.com/i/teamlogos/nfl/500/scoreboard/tb.png","0-0","0-0",,,"""2024-09-15T17:00:00.000Z""","post","16","20",,,,,,,,,,,
"656ce197-05a7-4b95-ae44-3c0da767b8a9","401671701","11","2024","NE","LAR","https://a.espncdn.com/i/teamlogos/nfl/500/scoreboard/ne.png","https://a.espncdn.com/i/teamlogos/nfl/500/scoreboard/lar.png","0-0","0-0",,,"""2024-11-17T18:00:00.000Z""","post","22","28",,,,,,,,,,,
"65a3c478-0f26-4a1e-bf7f-ab390df5337c","401671871","4","2024","CHI","LAR","https://a.espncdn.com/i/teamlogos/nfl/500/scoreboard/chi.png","https://a.espncdn.com/i/teamlogos/nfl/500/scoreboard/lar.png","0-0","0-0",,,"""2024-09-29T17:00:00.000Z""","post","24","18",,,,,,,,,,,
"66a77f1d-9f09-4827-a887-0970a4d61050","401671619","6","2024","NE","HOU","https://a.espncdn.com/i/teamlogos/nfl/500/scoreboard/ne.png","https://a.espncdn.com/i/teamlogos/nfl/500/scoreboard/hou.png","0-0","0-0",,,"""2024-10-13T17:00:00.000Z""","post","21","41",,,,,,,,,,,
"6757b386-ca20-4735-9918-49e4e73b4440","401671687","5","2024","KC","NO","https://a.espncdn.com/i/teamlogos/nfl/500/scoreboard/kc.png","https://a.espncdn.com/i/teamlogos/nfl/500/scoreboard/no.png","0-0","0-0",,,"""2024-10-08T00:15:00.000Z""","post","26","13",,,,,,,,,,,
"68a478b0-50fe-4165-9e6a-5e09752aa9e6","401772765","9","2025","CIN","CHI","https://a.espncdn.com/i/teamlogos/nfl/500/scoreboard/cin.png","https://a.espncdn.com/i/teamlogos/nfl/500/scoreboard/chi.png","3-6","5-3",,,"""2025-11-02T18:00:00.000Z""","post","42","47",,,,,,,"4","0:00","STATUS_FINAL","53.1","46.5"
"69108db7-8672-445f-8276-8ecb8040648b","401671683","4","2024","MIA","TEN","https://a.espncdn.com/i/teamlogos/nfl/500/scoreboard/mia.png","https://a.espncdn.com/i/teamlogos/nfl/500/scoreboard/ten.png","0-0","0-0",,,"""2024-09-30T23:30:00.000Z""","post","12","31",,,,,,,,,,,
"6a0d84af-ac95-4d3d-a3c2-149169507d04","401772760","8","2025","ATL","MIA","https://a.espncdn.com/i/teamlogos/nfl/500/scoreboard/atl.png","https://a.espncdn.com/i/teamlogos/nfl/500/scoreboard/mia.png","3-4","2-6",,,"""2025-10-26T17:00:00.000Z""","post","10","34",,,,,,,"4","0:00","STATUS_FINAL","37.6","62.0"
"6a204869-e5da-4115-b689-35b74aeaa5a0","401772766","9","2025","PIT","IND","https://a.espncdn.com/i/teamlogos/nfl/500/scoreboard/pit.png","https://a.espncdn.com/i/teamlogos/nfl/500/scoreboard/ind.png","5-3","7-2",,,"""2025-11-02T18:00:00.000Z""","post","27","20",,,,,,,"4","0:00","STATUS_FINAL","39.9","59.8"
"6a58755f-32c7-4338-8319-7ef553af4987","401772937","3","2025","BUF","MIA","https://a.espncdn.com/i/teamlogos/nfl/500/scoreboard/buf.png","https://a.espncdn.com/i/teamlogos/nfl/500/scoreboard/mia.png","3-0","0-3",,,"""2025-09-19T00:15:00.000Z""","post","31","21",,,,,,,,,,,
"6b0872bf-a289-43e7-bc27-be771751ed95","401772949","16","2025","SEA","LAR","https://a.espncdn.com/i/teamlogos/nfl/500/scoreboard/sea.png","https://a.espncdn.com/i/teamlogos/nfl/500/scoreboard/lar.png","12-3","11-4","1.5","LAR","""2025-12-19T01:15:00.000Z""","post","38","37",,,"46.5",,,"53.1","5","0:00","STATUS_FINAL","46.5","53.1"
"6bfceca8-47b4-4e37-98f0-5183061d6da4","401772922","5","2025","BUF","NE","https://a.espncdn.com/i/teamlogos/nfl/500/scoreboard/buf.png","https://a.espncdn.com/i/teamlogos/nfl/500/scoreboard/ne.png","4-1","3-2",,,"""2025-10-06T00:20:00.000Z""","post","20","23",,,,,,,,,,,
"6cb1dce6-5879-4a27-b1e1-74205b4f0377","401671642","11","2024","DET","JAX","https://a.espncdn.com/i/teamlogos/nfl/500/scoreboard/det.png","https://a.espncdn.com/i/teamlogos/nfl/500/scoreboard/jax.png","0-0","0-0",,,"""2024-11-17T18:00:00.000Z""","post","52","6",,,,,,,,,,,
"6d209fa5-8934-42c7-8800-fe7544e1b927","401772956","18","2025","DEN","LAC","https://a.espncdn.com/i/teamlogos/nfl/500/scoreboard/den.png","https://a.espncdn.com/i/teamlogos/nfl/500/scoreboard/lac.png","13-3","11-5","-7.5","DEN","""2026-01-04T21:25:00.000Z""","post","19","3","23.9","19.3","68.6","22.8","20.1","31.1","4","0:00","STATUS_FINAL","68.6","31.1"
"6dd54dde-1403-44da-b4fd-8dc8aafb4ce1","401772749","6","2025","TB","SF","https://a.espncdn.com/i/teamlogos/nfl/500/scoreboard/tb.png","https://a.espncdn.com/i/teamlogos/nfl/500/scoreboard/sf.png","5-1","4-2","-2.5","TB","""2025-10-12T20:25:00.000Z""","post","30","19",,,,,,,"4","0:00","STATUS_FINAL",,
"6df61f48-4b1a-4853-8710-c0eb3eb8cceb","401671600","8","2024","DEN","CAR","https://a.espncdn.com/i/teamlogos/nfl/500/scoreboard/den.png","https://a.espncdn.com/i/teamlogos/nfl/500/scoreboard/car.png","0-0","0-0",,,"""2024-10-27T20:25:00.000Z""","post","28","14",,,,,,,,,,,
"6e43e081-5eb6-413d-8860-b70c89ea761f","401772924","7","2025","SF","ATL","https://a.espncdn.com/i/teamlogos/nfl/500/scoreboard/sf.png","https://a.espncdn.com/i/teamlogos/nfl/500/scoreboard/atl.png","5-2","3-3",,,"""2025-10-20T00:20:00.000Z""","post","20","10",,,,,,,"4","0:00","STATUS_FINAL",,
"6e5f47f2-2766-4243-81c6-1311dfdc2ab0","401671692","16","2024","GB","NO","https://a.espncdn.com/i/teamlogos/nfl/500/scoreboard/gb.png","https://a.espncdn.com/i/teamlogos/nfl/500/scoreboard/no.png","0-0","0-0",,,"""2024-12-24T01:15:00.000Z""","post","34","0",,,,,,,,,,,
"6f834428-4d17-4f34-9f44-609b49f6cde0","401772966","18","2025","ATL","NO","https://a.espncdn.com/i/teamlogos/nfl/500/scoreboard/atl.png","https://a.espncdn.com/i/teamlogos/nfl/500/scoreboard/no.png","7-9","6-10","-2.5","ATL","""2026-01-04T18:00:00.000Z""","post","19","17","20.9","24.0","54.6","18.1","22.8","45.1","4","0:00","STATUS_FINAL","54.6","45.1"
"6f8cf172-0bf1-4394-aeba-2036852a5edb","401772888","12","2025","DET","NYG","https://a.espncdn.com/i/teamlogos/nfl/500/scoreboard/det.png","https://a.espncdn.com/i/teamlogos/nfl/500/scoreboard/nyg.png","7-4","2-10",,,"""2025-11-23T18:00:00.000Z""","post","34","27",,,,,,,"5","0:00","STATUS_FINAL","69.4","30.4"
"70f2eca5-08ff-4861-b043-2890ebbb5fd3","401671749","16","2024","LAC","DEN","https://a.espncdn.com/i/teamlogos/nfl/500/scoreboard/lac.png","https://a.espncdn.com/i/teamlogos/nfl/500/scoreboard/den.png","0-0","0-0",,,"""2024-12-20T01:15:00.000Z""","post","34","27",,,,,,,,,,,
"712832f9-8a82-41ab-a806-0627d6d42fc4","401772752","6","2025","GB","CIN","https://a.espncdn.com/i/teamlogos/nfl/500/scoreboard/gb.png","https://a.espncdn.com/i/teamlogos/nfl/500/scoreboard/cin.png","3-1-1","2-4","-14.5","GB","""2025-10-12T20:25:00.000Z""","post","27","18",,,,,,,"4","0:00","STATUS_FINAL",,
"7192c43d-86ac-41f4-a295-4f8c93d9c895","401772841","3","2025","WSH","LV","https://a.espncdn.com/i/teamlogos/nfl/500/scoreboard/wsh.png","https://a.espncdn.com/i/teamlogos/nfl/500/scoreboard/lv.png","2-1","1-2",,,"""2025-09-21T17:00:00.000Z""","post","41","24",,,,,,,,,,,
"71cff42b-cc10-4d71-ac81-870e2fe1da2d","401671616","7","2024","BUF","TEN","https://a.espncdn.com/i/teamlogos/nfl/500/scoreboard/buf.png","https://a.espncdn.com/i/teamlogos/nfl/500/scoreboard/ten.png","0-0","0-0",,,"""2024-10-20T17:00:00.000Z""","post","34","10",,,,,,,,,,,
"72dc680f-9575-4cb3-9308-155f258f48f6","401772736","3","2025","SEA","NO","https://a.espncdn.com/i/teamlogos/nfl/500/scoreboard/sea.png","https://a.espncdn.com/i/teamlogos/nfl/500/scoreboard/no.png","2-1","0-3",,,"""2025-09-21T20:05:00.000Z""","post","44","13",,,,,,,,,,,
"7334870a-e646-42a3-b37d-bf9a330819fa","401671776","9","2024","SEA","LAR","https://a.espncdn.com/i/teamlogos/nfl/500/scoreboard/sea.png","https://a.espncdn.com/i/teamlogos/nfl/500/scoreboard/lar.png","0-0","0-0",,,"""2024-11-03T21:25:00.000Z""","post","20","26",,,,,,,,,,,
"735e7be8-dd95-4d83-897d-793954c2e402","401671802","6","2024","CHI","JAX","https://a.espncdn.com/i/teamlogos/nfl/500/scoreboard/chi.png","https://a.espncdn.com/i/teamlogos/nfl/500/scoreboard/jax.png","0-0","0-0",,,"""2024-10-13T13:30:00.000Z""","post","35","16",,,,,,,,,,,
"745bbb28-4426-4b7b-8da1-f333b20f53b1","401772775","11","2025","JAX","LAC","https://a.espncdn.com/i/teamlogos/nfl/500/scoreboard/jax.png","https://a.espncdn.com/i/teamlogos/nfl/500/scoreboard/lac.png","6-4","7-4",,,"""2025-11-16T18:00:00.000Z""","post","35","6",,,,,,,"4","0:00","STATUS_FINAL","42.5","57.2"
"74e52ef9-1e16-4afa-bc1d-7dd182ace6a5","401671715","12","2024","WSH","DAL","https://a.espncdn.com/i/teamlogos/nfl/500/scoreboard/wsh.png","https://a.espncdn.com/i/teamlogos/nfl/500/scoreboard/dal.png","0-0","0-0",,,"""2024-11-24T18:00:00.000Z""","post","26","34",,,,,,,,,,,
"7503ed79-7552-4b32-a6f3-e5d24cbbbf78","401671839","18","2024","LV","LAC","https://a.espncdn.com/i/teamlogos/nfl/500/scoreboard/lv.png","https://a.espncdn.com/i/teamlogos/nfl/500/scoreboard/lac.png","0-0","0-0",,,"""2025-01-05T21:25:00.000Z""","post","20","34",,,,,,,,,,,
"75fb78a0-ee28-474a-b080-19dbaed51a42","401772852","5","2025","CAR","MIA","https://a.espncdn.com/i/teamlogos/nfl/500/scoreboard/car.png","https://a.espncdn.com/i/teamlogos/nfl/500/scoreboard/mia.png","2-3","1-4",,,"""2025-10-05T17:00:00.000Z""","post","27","24",,,,,,,,,,,
"76d01f8f-5f8c-445a-a78b-df9081d476d5","401671706","15","2024","JAX","NYJ","https://a.espncdn.com/i/teamlogos/nfl/500/scoreboard/jax.png","https://a.espncdn.com/i/teamlogos/nfl/500/scoreboard/nyj.png","0-0","0-0",,,"""2024-12-15T18:00:00.000Z""","post","25","32",,,,,,,,,,,
"77119b11-1f29-4acc-b932-95640887d429","401671625","6","2024","BAL","WSH","https://a.espncdn.com/i/teamlogos/nfl/500/scoreboard/bal.png","https://a.espncdn.com/i/teamlogos/nfl/500/scoreboard/wsh.png","0-0","0-0",,,"""2024-10-13T17:00:00.000Z""","post","30","23",,,,,,,,,,,
"7724eb15-1bea-4896-acbd-dc3737ba014e","401772909","15","2025","LAR","DET","https://a.espncdn.com/i/teamlogos/nfl/500/scoreboard/lar.png","https://a.espncdn.com/i/teamlogos/nfl/500/scoreboard/det.png","11-3","8-6",,,"""2025-12-14T21:25:00.000Z""","post","41","34",,,"57.8",,,"41.8","4","0:00","STATUS_FINAL","57.8","41.8"
"7866d00d-ca2e-4a1b-9920-8b5fb82887c9","401772622","17","2025","KC","DEN","https://a.espncdn.com/i/teamlogos/nfl/500/scoreboard/kc.png","https://a.espncdn.com/i/teamlogos/nfl/500/scoreboard/den.png","6-10","13-3","13.5","DEN","""2025-12-26T01:15:00.000Z""","post","13","20",,,"44.1",,,"55.6","4","0:00","STATUS_FINAL","55.6","44.1"
"793d9cdc-de69-460d-ab68-902390a914ec","401772787","13","2025","IND","HOU","https://a.espncdn.com/i/teamlogos/nfl/500/scoreboard/ind.png","https://a.espncdn.com/i/teamlogos/nfl/500/scoreboard/hou.png","8-4","7-5",,,"""2025-11-30T18:00:00.000Z""","post","16","20",,,"64.3",,,"35.4","4","0:00","STATUS_FINAL","35.4","64.3"
"79720999-e25c-4f32-950f-c5b7fe829502","401671796","15","2024","SEA","GB","https://a.espncdn.com/i/teamlogos/nfl/500/scoreboard/sea.png","https://a.espncdn.com/i/teamlogos/nfl/500/scoreboard/gb.png","0-0","0-0",,,"""2024-12-16T01:20:00.000Z""","post","13","30",,,,,,,,,,,
"797236fe-612e-442c-8ea5-d6e36abc1d1c","401772926","9","2025","WSH","SEA","https://a.espncdn.com/i/teamlogos/nfl/500/scoreboard/wsh.png","https://a.espncdn.com/i/teamlogos/nfl/500/scoreboard/sea.png","3-6","6-2",,,"""2025-11-03T01:20:00.000Z""","post","14","38",,,,,,,"4","0:00","STATUS_FINAL","45.0","54.7"
"7a8e2e88-94c7-411f-858a-8f418394e2a8","401671848","14","2024","MIA","NYJ","https://a.espncdn.com/i/teamlogos/nfl/500/scoreboard/mia.png","https://a.espncdn.com/i/teamlogos/nfl/500/scoreboard/nyj.png","0-0","0-0",,,"""2024-12-08T18:00:00.000Z""","post","32","26",,,,,,,,,,,
"7b0cf584-001d-446a-ac68-ac81dd891f67","401772781","12","2025","CIN","NE","https://a.espncdn.com/i/teamlogos/nfl/500/scoreboard/cin.png","https://a.espncdn.com/i/teamlogos/nfl/500/scoreboard/ne.png","3-8","10-2",,,"""2025-11-23T18:00:00.000Z""","post","20","26",,,,,,,"4","0:00","STATUS_FINAL","59.8","39.8"
"7b4ccbb4-7d71-458f-9d87-cb9453890957","401671829","17","2024","LAR","ARI","https://a.espncdn.com/i/teamlogos/nfl/500/scoreboard/lar.png","https://a.espncdn.com/i/teamlogos/nfl/500/scoreboard/ari.png","0-0","0-0",,,"""2024-12-29T01:00:00.000Z""","post","13","9",,,,,,,,,,,
"7b59dc7c-66f5-4ba5-96b2-e349b94b3c98","401772845","4","2025","TB","PHI","https://a.espncdn.com/i/teamlogos/nfl/500/scoreboard/tb.png","https://a.espncdn.com/i/teamlogos/nfl/500/scoreboard/phi.png","3-1","4-0",,,"""2025-09-28T17:00:00.000Z""","post","25","31",,,,,,,,,,,
"7d33e40d-8a34-408e-ad57-d77bb7f606e1","401671877","17","2024","CLE","MIA","https://a.espncdn.com/i/teamlogos/nfl/500/scoreboard/cle.png","https://a.espncdn.com/i/teamlogos/nfl/500/scoreboard/mia.png","0-0","0-0",,,"""2024-12-29T21:05:00.000Z""","post","3","20",,,,,,,,,,,
"7ebf9a6d-6f11-403d-b054-401e37bfa774","401772731","3","2025","MIN","CIN","https://a.espncdn.com/i/teamlogos/nfl/500/scoreboard/min.png","https://a.espncdn.com/i/teamlogos/nfl/500/scoreboard/cin.png","2-1","2-1",,,"""2025-09-21T17:00:00.000Z""","post","48","10",,,,,,,,,,,
"7f1b8a52-e01a-4ea0-9160-0602ddfb746d","401671800","17","2024","HOU","BAL","https://a.espncdn.com/i/teamlogos/nfl/500/scoreboard/hou.png","https://a.espncdn.com/i/teamlogos/nfl/500/scoreboard/bal.png","0-0","0-0",,,"""2024-12-25T21:30:00.000Z""","post","2","31",,,,,,,,,,,
"7f4579b0-4969-4827-adac-8cacab43b8f3","401671771","3","2024","ARI","DET","https://a.espncdn.com/i/teamlogos/nfl/500/scoreboard/ari.png","https://a.espncdn.com/i/teamlogos/nfl/500/scoreboard/det.png","0-0","0-0",,,"""2024-09-22T20:25:00.000Z""","post","13","20",,,,,,,,,,,
"7fe37fa5-7882-46a5-b100-8c026ad4cbed","401772820","12","2025","SF","CAR","https://a.espncdn.com/i/teamlogos/nfl/500/scoreboard/sf.png","https://a.espncdn.com/i/teamlogos/nfl/500/scoreboard/car.png","8-4","6-6",,,"""2025-11-25T01:15:00.000Z""","post","20","9",,,"73.0",,,"26.8","4","0:00","STATUS_FINAL","73.0","26.8"
"80684a75-8cb4-4a6a-92f4-850b95158aa1","401772919","2","2025","MIN","ATL","https://a.espncdn.com/i/teamlogos/nfl/500/scoreboard/min.png","https://a.espncdn.com/i/teamlogos/nfl/500/scoreboard/atl.png","1-1","1-1",,,"""2025-09-15T00:20:00.000Z""","post","6","22",,,,,,,,,,,
"8193b700-afa4-49d8-992e-10f2cadbae55","401772843","3","2025","SF","ARI","https://a.espncdn.com/i/teamlogos/nfl/500/scoreboard/sf.png","https://a.espncdn.com/i/teamlogos/nfl/500/scoreboard/ari.png","3-0","2-1",,,"""2025-09-21T20:25:00.000Z""","post","16","15",,,,,,,,,,,
"81d4740b-8ceb-4830-a14d-405fc63cc5b8","401671690","14","2024","DAL","CIN","https://a.espncdn.com/i/teamlogos/nfl/500/scoreboard/dal.png","https://a.espncdn.com/i/teamlogos/nfl/500/scoreboard/cin.png","0-0","0-0",,,"""2024-12-10T01:15:00.000Z""","post","20","27",,,,,,,,,,,
"82cff1b3-d3d7-4f5f-8d9d-def11469ea97","401772718","1","2025","NO","ARI","https://a.espncdn.com/i/teamlogos/nfl/500/scoreboard/no.png","https://a.espncdn.com/i/teamlogos/nfl/500/scoreboard/ari.png","0-1","1-0",,,"""2025-09-07T17:00:00.000Z""","post","13","20",,,,,,,,,,,
"8316e2a3-5120-4ea9-8e30-7b803472b280","401671639","15","2024","NYG","BAL","https://a.espncdn.com/i/teamlogos/nfl/500/scoreboard/nyg.png","https://a.espncdn.com/i/teamlogos/nfl/500/scoreboard/bal.png","0-0","0-0",,,"""2024-12-15T18:00:00.000Z""","post","14","35",,,,,,,,,,,
"83456161-43d7-4a3a-ba06-ab34769f0db6","401772931","13","2025","WSH","DEN","https://a.espncdn.com/i/teamlogos/nfl/500/scoreboard/wsh.png","https://a.espncdn.com/i/teamlogos/nfl/500/scoreboard/den.png","3-9","10-2",,,"""2025-12-01T01:20:00.000Z""","post","26","27",,,"40.8",,,"58.9","5","0:00","STATUS_FINAL","58.9","40.8"
"83823e5a-293f-41ae-9873-494e438feecd","401671718","5","2024","WSH","CLE","https://a.espncdn.com/i/teamlogos/nfl/500/scoreboard/wsh.png","https://a.espncdn.com/i/teamlogos/nfl/500/scoreboard/cle.png","0-0","0-0",,,"""2024-10-06T17:00:00.000Z""","post","34","13",,,,,,,,,,,
"83f5611b-f87c-451b-9d63-3f52b18ce844","401671816","7","2024","NO","DEN","https://a.espncdn.com/i/teamlogos/nfl/500/scoreboard/no.png","https://a.espncdn.com/i/teamlogos/nfl/500/scoreboard/den.png","0-0","0-0",,,"""2024-10-18T00:15:00.000Z""","post","10","33",,,,,,,,,,,
"85ac7698-c02b-4f49-a63d-e630ae59b45d","401671670","2","2024","KC","CIN","https://a.espncdn.com/i/teamlogos/nfl/500/scoreboard/kc.png","https://a.espncdn.com/i/teamlogos/nfl/500/scoreboard/cin.png","0-0","0-0",,,"""2024-09-15T20:25:00.000Z""","post","26","25",,,,,,,,,,,
"85c030e5-5532-48aa-9cf6-89ddb705fd7d","401772952","17","2025","CAR","SEA","https://a.espncdn.com/i/teamlogos/nfl/500/scoreboard/car.png","https://a.espncdn.com/i/teamlogos/nfl/500/scoreboard/sea.png","8-8","13-3","7.5","SEA","""2025-12-28T18:00:00.000Z""","post","10","27",,,"31.4",,,"68.3","4","0:00","STATUS_FINAL","68.3","31.4"
"85fef73e-351f-47ba-a76f-4ab119a629a1","401671811","16","2024","CIN","CLE","https://a.espncdn.com/i/teamlogos/nfl/500/scoreboard/cin.png","https://a.espncdn.com/i/teamlogos/nfl/500/scoreboard/cle.png","0-0","0-0",,,"""2024-12-22T18:00:00.000Z""","post","24","6",,,,,,,,,,,
"867186b2-5000-40de-b3f5-b11048b8bc8b","401671826","18","2024","TEN","HOU","https://a.espncdn.com/i/teamlogos/nfl/500/scoreboard/ten.png","https://a.espncdn.com/i/teamlogos/nfl/500/scoreboard/hou.png","0-0","0-0",,,"""2025-01-05T18:00:00.000Z""","post","14","23",,,,,,,,,,,
"869b03b5-52da-40da-9756-f901fd4df1bb","401671624","2","2024","BAL","LV","https://a.espncdn.com/i/teamlogos/nfl/500/scoreboard/bal.png","https://a.espncdn.com/i/teamlogos/nfl/500/scoreboard/lv.png","0-0","0-0",,,"""2024-09-15T17:00:00.000Z""","post","23","26",,,,,,,,,,,
"86c22860-e48f-4b72-8035-9e83c36cfb4b","401671661","9","2024","ARI","CHI","https://a.espncdn.com/i/teamlogos/nfl/500/scoreboard/ari.png","https://a.espncdn.com/i/teamlogos/nfl/500/scoreboard/chi.png","0-0","0-0",,,"""2024-11-03T21:05:00.000Z""","post","29","9",,,,,,,,,,,
"86eb8362-f6da-4b0a-bafb-e200d8402905","401671779","13","2024","DAL","NYG","https://a.espncdn.com/i/teamlogos/nfl/500/scoreboard/dal.png","https://a.espncdn.com/i/teamlogos/nfl/500/scoreboard/nyg.png","0-0","0-0",,,"""2024-11-28T21:30:00.000Z""","post","27","20",,,,,,,,,,,
"885a097f-63a2-4d26-8573-ca0f585970f2","401772858","6","2025","CAR","DAL","https://a.espncdn.com/i/teamlogos/nfl/500/scoreboard/car.png","https://a.espncdn.com/i/teamlogos/nfl/500/scoreboard/dal.png","3-3","2-3-1","3.5","DAL","""2025-10-12T17:00:00.000Z""","post","30","27",,,,,,,"4","0:00","STATUS_FINAL",,
"88711fba-d4c6-4a22-8627-f90f1aaa8001","401772939","5","2025","LAR","SF","https://a.espncdn.com/i/teamlogos/nfl/500/scoreboard/lar.png","https://a.espncdn.com/i/teamlogos/nfl/500/scoreboard/sf.png","3-2","4-1",,,"""2025-10-03T00:15:00.000Z""","post","23","26",,,,,,,,,,,
"88aec39f-04b1-410d-8cef-974ccd5c756e","401671710","7","2024","NYG","PHI","https://a.espncdn.com/i/teamlogos/nfl/500/scoreboard/nyg.png","https://a.espncdn.com/i/teamlogos/nfl/500/scoreboard/phi.png","0-0","0-0",,,"""2024-10-20T17:00:00.000Z""","post","3","28",,,,,,,,,,,
"89180e44-0ffa-4572-8b0b-2f6d51f6d0a1","401772738","4","2025","HOU","TEN","https://a.espncdn.com/i/teamlogos/nfl/500/scoreboard/hou.png","https://a.espncdn.com/i/teamlogos/nfl/500/scoreboard/ten.png","1-3","0-4",,,"""2025-09-28T17:00:00.000Z""","post","26","0",,,,,,,,,,,
"8935b981-7f63-4806-87c9-aca46ca74c66","401772613","16","2025","CHI","GB","https://a.espncdn.com/i/teamlogos/nfl/500/scoreboard/chi.png","https://a.espncdn.com/i/teamlogos/nfl/500/scoreboard/gb.png","11-4","9-5-1","1.5","GB","""2025-12-21T01:20:00.000Z""","post","22","16",,,"40.4",,,"59.2","5","0:00","STATUS_FINAL","40.4","59.2"
"8a2ee866-5914-4643-8419-c6e5494d7c89","401671696","1","2024","SF","NYJ","https://a.espncdn.com/i/teamlogos/nfl/500/scoreboard/sf.png","https://a.espncdn.com/i/teamlogos/nfl/500/scoreboard/nyj.png","0-0","0-0",,,"""2024-09-10T00:15:00.000Z""","post","32","19",,,,,,,,,,,
"8a6946ee-f213-4861-b078-95be667b010c","401671762","15","2024","LAC","TB","https://a.espncdn.com/i/teamlogos/nfl/500/scoreboard/lac.png","https://a.espncdn.com/i/teamlogos/nfl/500/scoreboard/tb.png","0-0","0-0",,,"""2024-12-15T21:25:00.000Z""","post","17","40",,,,,,,,,,,
"8a942a7c-6810-45f8-8e18-c7895edf8121","401671774","14","2024","SF","CHI","https://a.espncdn.com/i/teamlogos/nfl/500/scoreboard/sf.png","https://a.espncdn.com/i/teamlogos/nfl/500/scoreboard/chi.png","0-0","0-0",,,"""2024-12-08T21:25:00.000Z""","post","38","13",,,,,,,,,,,
"8aa717d5-f0fd-4d88-8198-b8ec733a6205","401772810","1","2025","CHI","MIN","https://a.espncdn.com/i/teamlogos/nfl/500/scoreboard/chi.png","https://a.espncdn.com/i/teamlogos/nfl/500/scoreboard/min.png","0-1","1-0",,,"""2025-09-09T00:15:00.000Z""","post","24","27",,,,,,,,,,,
"8ac4e588-fa59-4b85-b7be-c1f053df6cf5","401671782","11","2024","NYJ","IND","https://a.espncdn.com/i/teamlogos/nfl/500/scoreboard/nyj.png","https://a.espncdn.com/i/teamlogos/nfl/500/scoreboard/ind.png","0-0","0-0",,,"""2024-11-17T18:00:00.000Z""","post","27","28",,,,,,,,,,,
"8ae1db88-b0f8-45a7-8efb-626b272c99e9","401772716","4","2025","DEN","CIN","https://a.espncdn.com/i/teamlogos/nfl/500/scoreboard/den.png","https://a.espncdn.com/i/teamlogos/nfl/500/scoreboard/cin.png","2-2","2-2",,,"""2025-09-30T00:15:00.000Z""","post","28","3",,,,,,,,,,,
"8c870c84-8121-4eb8-947e-e7e73e471f5f","401671865","3","2024","IND","CHI","https://a.espncdn.com/i/teamlogos/nfl/500/scoreboard/ind.png","https://a.espncdn.com/i/teamlogos/nfl/500/scoreboard/chi.png","0-0","0-0",,,"""2024-09-22T17:00:00.000Z""","post","21","16",,,,,,,,,,,
"8d4b29c4-5a41-48b2-bf80-492089dc3ebb","401772825","17","2025","ATL","LAR","https://a.espncdn.com/i/teamlogos/nfl/500/scoreboard/atl.png","https://a.espncdn.com/i/teamlogos/nfl/500/scoreboard/lar.png","7-9","11-5","8.5","LAR","""2025-12-30T01:15:00.000Z""","post","27","24",,,"26.4",,,"73.4","4","0:00","STATUS_FINAL","26.4","73.4"
"8dc1d7d8-3f47-445e-9d17-168f1c4e8ab2","401772796","15","2025","CIN","BAL","https://a.espncdn.com/i/teamlogos/nfl/500/scoreboard/cin.png","https://a.espncdn.com/i/teamlogos/nfl/500/scoreboard/bal.png","4-10","7-7",,,"""2025-12-14T18:00:00.000Z""","post","0","24",,,"47.3",,,"52.3","4","0:00","STATUS_FINAL","52.3","47.3"
"8e27c048-e9fc-4187-8f59-90332c1482bb","401671820","6","2024","TEN","IND","https://a.espncdn.com/i/teamlogos/nfl/500/scoreboard/ten.png","https://a.espncdn.com/i/teamlogos/nfl/500/scoreboard/ind.png","0-0","0-0",,,"""2024-10-13T17:00:00.000Z""","post","17","20",,,,,,,,,,,
"8e66c065-1f82-4e8b-add6-e914dcb648f0","401772917","17","2025","BUF","PHI","https://a.espncdn.com/i/teamlogos/nfl/500/scoreboard/buf.png","https://a.espncdn.com/i/teamlogos/nfl/500/scoreboard/phi.png","11-5","11-5","-1.5","BUF","""2025-12-28T21:25:00.000Z""","post","12","13",,,"50.3",,,"49.3","4","0:00","STATUS_FINAL","49.3","50.3"
"8f3ddffb-fff7-4ea6-81d3-4636fe7cb8b8","401671726","13","2024","MIN","ARI","https://a.espncdn.com/i/teamlogos/nfl/500/scoreboard/min.png","https://a.espncdn.com/i/teamlogos/nfl/500/scoreboard/ari.png","0-0","0-0",,,"""2024-12-01T18:00:00.000Z""","post","23","22",,,,,,,,,,,
"8f749334-e12d-44cd-87b6-6927f8ad876d","401772894","13","2025","CAR","LAR","https://a.espncdn.com/i/teamlogos/nfl/500/scoreboard/car.png","https://a.espncdn.com/i/teamlogos/nfl/500/scoreboard/lar.png","7-6","9-3",,,"""2025-11-30T18:00:00.000Z""","post","31","28",,,"28.4",,,"71.4","4","0:00","STATUS_FINAL","28.4","71.4"
"8ff1e66c-4d46-4a6e-9487-8687315102f7","401671491","4","2024","DET","SEA","https://a.espncdn.com/i/teamlogos/nfl/500/scoreboard/det.png","https://a.espncdn.com/i/teamlogos/nfl/500/scoreboard/sea.png","0-0","0-0",,,"""2024-10-01T00:15:00.000Z""","post","42","29",,,,,,,,,,,
"901a2cb5-6d93-473f-a85e-08299818412e","401772962","18","2025","HOU","IND","https://a.espncdn.com/i/teamlogos/nfl/500/scoreboard/hou.png","https://a.espncdn.com/i/teamlogos/nfl/500/scoreboard/ind.png","11-5","8-8","-10.5","HOU","""2026-01-04T18:00:00.000Z""","post","38","30","22.9","16.6","69.1","27.3","23.4","30.7","4","0:00","STATUS_FINAL","69.1","30.7"
"9052fac9-1e88-40d3-b38d-651f4d9b8baa","401772813","4","2025","MIA","NYJ","https://a.espncdn.com/i/teamlogos/nfl/500/scoreboard/mia.png","https://a.espncdn.com/i/teamlogos/nfl/500/scoreboard/nyj.png","1-3","0-4",,,"""2025-09-29T23:15:00.000Z""","post","27","21",,,,,,,,,,,
"907f9e32-ccd9-4d49-a1b3-7e19db8044d4","401671735","6","2024","NO","TB","https://a.espncdn.com/i/teamlogos/nfl/500/scoreboard/no.png","https://a.espncdn.com/i/teamlogos/nfl/500/scoreboard/tb.png","0-0","0-0",,,"""2024-10-13T17:00:00.000Z""","post","27","51",,,,,,,,,,,
"908a0a02-d9c1-4ae0-8abf-d47210acc562","401772925","8","2025","PIT","GB","https://a.espncdn.com/i/teamlogos/nfl/500/scoreboard/pit.png","https://a.espncdn.com/i/teamlogos/nfl/500/scoreboard/gb.png","4-3","5-1-1",,,"""2025-10-27T00:20:00.000Z""","post","25","35",,,,,,,"4","0:00","STATUS_FINAL","54.4","45.2"
"915ff41e-e023-45ff-b1a8-542b7d02688e","401772868","8","2025","NE","CLE","https://a.espncdn.com/i/teamlogos/nfl/500/scoreboard/ne.png","https://a.espncdn.com/i/teamlogos/nfl/500/scoreboard/cle.png","6-2","2-6",,,"""2025-10-26T17:00:00.000Z""","post","32","13",,,,,,,"4","0:00","STATUS_FINAL","68.4","31.3"
"91e343a1-9aed-41c9-a2dd-138c9b70a854","401772785","13","2025","CLE","SF","https://a.espncdn.com/i/teamlogos/nfl/500/scoreboard/cle.png","https://a.espncdn.com/i/teamlogos/nfl/500/scoreboard/sf.png","3-9","9-4",,,"""2025-11-30T18:00:00.000Z""","post","8","26",,,"23.9",,,"75.9","4","0:00","STATUS_FINAL","75.9","23.9"
"921dc171-7bd4-47fd-8a54-29eb24499a9e","401772826","7","2025","SEA","HOU","https://a.espncdn.com/i/teamlogos/nfl/500/scoreboard/sea.png","https://a.espncdn.com/i/teamlogos/nfl/500/scoreboard/hou.png","5-2","2-4",,,"""2025-10-21T02:00:00.000Z""","post","27","19",,,,,,,"4","0:00","STATUS_FINAL",,
"93009d60-cd8e-475b-a816-982fa70969a5","401772724","2","2025","TEN","LAR","https://a.espncdn.com/i/teamlogos/nfl/500/scoreboard/ten.png","https://a.espncdn.com/i/teamlogos/nfl/500/scoreboard/lar.png","0-2","2-0",,,"""2025-09-14T17:00:00.000Z""","post","19","33",,,,,,,,,,,
"9450763b-6a2d-412f-a2ca-813f3f895037","401772869","8","2025","NO","TB","https://a.espncdn.com/i/teamlogos/nfl/500/scoreboard/no.png","https://a.espncdn.com/i/teamlogos/nfl/500/scoreboard/tb.png","1-7","6-2",,,"""2025-10-26T20:05:00.000Z""","post","3","23",,,,,,,"4","0:00","STATUS_FINAL","65.1","34.7"
"94b1ecc7-3756-4452-a67a-e0130f4541cd","401671818","15","2024","SF","LAR","https://a.espncdn.com/i/teamlogos/nfl/500/scoreboard/sf.png","https://a.espncdn.com/i/teamlogos/nfl/500/scoreboard/lar.png","0-0","0-0",,,"""2024-12-13T01:15:00.000Z""","post","6","12",,,,,,,,,,,
"950d355e-96df-42af-b0a5-7853986b80f6","401772872","9","2025","GB","CAR","https://a.espncdn.com/i/teamlogos/nfl/500/scoreboard/gb.png","https://a.espncdn.com/i/teamlogos/nfl/500/scoreboard/car.png","5-2-1","5-4",,,"""2025-11-02T18:00:00.000Z""","post","13","16",,,,,,,"4","0:00","STATUS_FINAL","23.5","76.3"
"95670961-196a-4148-80a8-b7663593ab19","401671859","5","2024","HOU","BUF","https://a.espncdn.com/i/teamlogos/nfl/500/scoreboard/hou.png","https://a.espncdn.com/i/teamlogos/nfl/500/scoreboard/buf.png","0-0","0-0",,,"""2024-10-06T17:00:00.000Z""","post","23","20",,,,,,,,,,,
"96c4c12d-38a4-42e7-ab7f-ebd806682355","401671835","17","2024","CIN","DEN","https://a.espncdn.com/i/teamlogos/nfl/500/scoreboard/cin.png","https://a.espncdn.com/i/teamlogos/nfl/500/scoreboard/den.png","0-0","0-0",,,"""2024-12-28T21:30:00.000Z""","post","30","24",,,,,,,,,,,
"96f7543d-dd88-4956-a913-93da59125078","401671746","11","2024","NO","CLE","https://a.espncdn.com/i/teamlogos/nfl/500/scoreboard/no.png","https://a.espncdn.com/i/teamlogos/nfl/500/scoreboard/cle.png","0-0","0-0",,,"""2024-11-17T18:00:00.000Z""","post","35","14",,,,,,,,,,,
"990610fd-0dd7-466b-8679-70cae92c4af4","401671788","14","2024","KC","LAC","https://a.espncdn.com/i/teamlogos/nfl/500/scoreboard/kc.png","https://a.espncdn.com/i/teamlogos/nfl/500/scoreboard/lac.png","0-0","0-0",,,"""2024-12-09T01:20:00.000Z""","post","19","17",,,,,,,,,,,
"99235d98-91df-43b3-9c1f-927882dbdef1","401772957","18","2025","LV","KC","https://a.espncdn.com/i/teamlogos/nfl/500/scoreboard/lv.png","https://a.espncdn.com/i/teamlogos/nfl/500/scoreboard/kc.png","2-14","6-10","5.5","KC","""2026-01-04T21:25:00.000Z""","post","14","12","14.2","26.3","39.4","21.9","19.6","60.3","4","0:00","STATUS_FINAL","39.4","60.3"
"994d851e-04ce-4155-9fdb-ccd36218aac6","401772934","16","2025","MIA","CIN","https://a.espncdn.com/i/teamlogos/nfl/500/scoreboard/mia.png","https://a.espncdn.com/i/teamlogos/nfl/500/scoreboard/cin.png","6-9","5-10","-1.5","MIA","""2025-12-21T18:00:00.000Z""","post","21","45",,,"44.8",,,"54.9","4","0:00","STATUS_FINAL","54.9","44.8"
"9a66d710-eaad-414b-9ce2-deee4a1cc85a","401671731","15","2024","CAR","DAL","https://a.espncdn.com/i/teamlogos/nfl/500/scoreboard/car.png","https://a.espncdn.com/i/teamlogos/nfl/500/scoreboard/dal.png","0-0","0-0",,,"""2024-12-15T18:00:00.000Z""","post","14","30",,,,,,,,,,,
"9bfe49ed-52c4-4923-94cc-6ca165d56c38","401772835","2","2025","DET","CHI","https://a.espncdn.com/i/teamlogos/nfl/500/scoreboard/det.png","https://a.espncdn.com/i/teamlogos/nfl/500/scoreboard/chi.png","1-1","0-2",,,"""2025-09-14T17:00:00.000Z""","post","52","21",,,,,,,,,,,
"9c81af74-dd9b-444c-a22a-a4ccf17369ca","401671758","4","2024","SF","NE","https://a.espncdn.com/i/teamlogos/nfl/500/scoreboard/sf.png","https://a.espncdn.com/i/teamlogos/nfl/500/scoreboard/ne.png","0-0","0-0",,,"""2024-09-29T20:05:00.000Z""","post","30","13",,,,,,,,,,,
"9cb4ecef-38cd-46a4-a2c2-d997f52400d7","401772871","9","2025","DET","MIN","https://a.espncdn.com/i/teamlogos/nfl/500/scoreboard/det.png","https://a.espncdn.com/i/teamlogos/nfl/500/scoreboard/min.png","5-3","4-4",,,"""2025-11-02T18:00:00.000Z""","post","24","27",,,,,,,"4","0:00","STATUS_FINAL","24.4","75.4"
"9cdf4e41-36ae-4354-903e-0f09c651d6f5","401772900","14","2025","ATL","SEA","https://a.espncdn.com/i/teamlogos/nfl/500/scoreboard/atl.png","https://a.espncdn.com/i/teamlogos/nfl/500/scoreboard/sea.png","4-9","10-3",,,"""2025-12-07T18:00:00.000Z""","post","9","37",,,"39.1",,,"60.6","4","0:00","STATUS_FINAL","60.6","39.1"
"9ce94e98-8fdc-4919-ae1d-78fcf5eae2c4","401671740","4","2024","TB","PHI","https://a.espncdn.com/i/teamlogos/nfl/500/scoreboard/tb.png","https://a.espncdn.com/i/teamlogos/nfl/500/scoreboard/phi.png","0-0","0-0",,,"""2024-09-29T17:00:00.000Z""","post","33","16",,,,,,,,,,,
"9d84c7f1-c311-4457-a00f-12253fced02f","401772797","15","2025","JAX","NYJ","https://a.espncdn.com/i/teamlogos/nfl/500/scoreboard/jax.png","https://a.espncdn.com/i/teamlogos/nfl/500/scoreboard/nyj.png","10-4","3-11",,,"""2025-12-14T18:00:00.000Z""","post","48","20",,,"76.4",,,"23.4","4","0:00","STATUS_FINAL","76.4","23.4"
"9dc42d48-4c62-4532-b02c-9084ac237270","401772723","1","2025","LAR","HOU","https://a.espncdn.com/i/teamlogos/nfl/500/scoreboard/lar.png","https://a.espncdn.com/i/teamlogos/nfl/500/scoreboard/hou.png","1-0","0-1",,,"""2025-09-07T20:25:00.000Z""","post","14","9",,,,,,,,,,,
"9dff992f-1ac3-45d2-80a8-96e745368797","401772915","17","2025","IND","JAX","https://a.espncdn.com/i/teamlogos/nfl/500/scoreboard/ind.png","https://a.espncdn.com/i/teamlogos/nfl/500/scoreboard/jax.png","8-8","12-4","6.5","JAX","""2025-12-28T18:00:00.000Z""","post","17","23",,,"40.0",,,"59.6","4","0:00","STATUS_FINAL","59.6","40.0"
"9e2ac4f6-39c3-41f0-9719-e48a56ce7d58","401772837","2","2025","KC","PHI","https://a.espncdn.com/i/teamlogos/nfl/500/scoreboard/kc.png","https://a.espncdn.com/i/teamlogos/nfl/500/scoreboard/phi.png","0-2","2-0",,,"""2025-09-14T20:25:00.000Z""","post","17","20",,,,,,,,,,,
"9f5a2821-a4c7-4c30-9043-c6ed1c73a505","401772612","16","2025","WSH","PHI","https://a.espncdn.com/i/teamlogos/nfl/500/scoreboard/wsh.png","https://a.espncdn.com/i/teamlogos/nfl/500/scoreboard/phi.png","4-11","10-5","6.0","PHI","""2025-12-20T22:00:00.000Z""","post","18","29",,,"32.0",,,"67.7","4","0:00","STATUS_FINAL","67.7","32.0"
"9fa9610c-daa9-4022-8c64-fcaca6c446c9","401772866","8","2025","HOU","SF","https://a.espncdn.com/i/teamlogos/nfl/500/scoreboard/hou.png","https://a.espncdn.com/i/teamlogos/nfl/500/scoreboard/sf.png","3-4","5-3",,,"""2025-10-26T17:00:00.000Z""","post","26","15",,,,,,,"4","0:00","STATUS_FINAL","56.5","43.2"
"9fe8a920-966a-45f3-8838-d079ee6f08b0","401671856","8","2024","HOU","IND","https://a.espncdn.com/i/teamlogos/nfl/500/scoreboard/hou.png","https://a.espncdn.com/i/teamlogos/nfl/500/scoreboard/ind.png","0-0","0-0",,,"""2024-10-27T17:00:00.000Z""","post","23","20",,,,,,,,,,,
"a07b78e0-c836-407a-bb4f-6bf04b19444e","401671741","3","2024","TB","DEN","https://a.espncdn.com/i/teamlogos/nfl/500/scoreboard/tb.png","https://a.espncdn.com/i/teamlogos/nfl/500/scoreboard/den.png","0-0","0-0",,,"""2024-09-22T17:00:00.000Z""","post","7","26",,,,,,,,,,,
"a0e99854-6b96-4eaa-ad25-762102069c70","401671648","14","2024","MIN","ATL","https://a.espncdn.com/i/teamlogos/nfl/500/scoreboard/min.png","https://a.espncdn.com/i/teamlogos/nfl/500/scoreboard/atl.png","0-0","0-0",,,"""2024-12-08T18:00:00.000Z""","post","42","21",,,,,,,,,,,
"a112a186-d4c0-42bd-a2e1-52f89a1d9141","401772862","7","2025","MIN","PHI","https://a.espncdn.com/i/teamlogos/nfl/500/scoreboard/min.png","https://a.espncdn.com/i/teamlogos/nfl/500/scoreboard/phi.png","3-3","5-2",,,"""2025-10-19T17:00:00.000Z""","post","22","28",,,,,,,"4","0:00","STATUS_FINAL",,
"a16ca003-0e3a-4f47-9e7a-55e80da8aced","401772815","6","2025","ATL","BUF","https://a.espncdn.com/i/teamlogos/nfl/500/scoreboard/atl.png","https://a.espncdn.com/i/teamlogos/nfl/500/scoreboard/buf.png","3-2","4-2","3.5","BUF","""2025-10-13T23:15:00.000Z""","post","24","14",,,,,,,"4","0:00","STATUS_FINAL",,
"a186d164-15a7-4577-a2fc-848cbb070b1c","401671733","10","2024","NO","ATL","https://a.espncdn.com/i/teamlogos/nfl/500/scoreboard/no.png","https://a.espncdn.com/i/teamlogos/nfl/500/scoreboard/atl.png","0-0","0-0",,,"""2024-11-10T18:00:00.000Z""","post","20","17",,,,,,,,,,,
"a20a8137-2d56-408e-8b12-2b50addb4d1a","401671790","16","2024","DAL","TB","https://a.espncdn.com/i/teamlogos/nfl/500/scoreboard/dal.png","https://a.espncdn.com/i/teamlogos/nfl/500/scoreboard/tb.png","0-0","0-0",,,"""2024-12-23T01:20:00.000Z""","post","26","24",,,,,,,,,,,
"a217507b-9efd-4003-9924-f04a9565da25","401671742","10","2024","TB","SF","https://a.espncdn.com/i/teamlogos/nfl/500/scoreboard/tb.png","https://a.espncdn.com/i/teamlogos/nfl/500/scoreboard/sf.png","0-0","0-0",,,"""2024-11-10T18:00:00.000Z""","post","20","23",,,,,,,,,,,
"a25f6c8c-9b74-4a65-8af1-6345e044fe94","401772782","12","2025","BAL","NYJ","https://a.espncdn.com/i/teamlogos/nfl/500/scoreboard/bal.png","https://a.espncdn.com/i/teamlogos/nfl/500/scoreboard/nyj.png","6-5","2-9",,,"""2025-11-23T18:00:00.000Z""","post","23","10",,,,,,,"4","0:00","STATUS_FINAL","79.7","20.2"
"a2ff0265-dc65-4389-a176-28f070e9da56","401671652","2","2024","CAR","LAC","https://a.espncdn.com/i/teamlogos/nfl/500/scoreboard/car.png","https://a.espncdn.com/i/teamlogos/nfl/500/scoreboard/lac.png","0-0","0-0",,,"""2024-09-15T17:00:00.000Z""","post","3","26",,,,,,,,,,,
"a3a56d60-1066-4f41-b987-caa45a787148","401772786","13","2025","TEN","JAX","https://a.espncdn.com/i/teamlogos/nfl/500/scoreboard/ten.png","https://a.espncdn.com/i/teamlogos/nfl/500/scoreboard/jax.png","1-11","8-4",,,"""2025-11-30T18:00:00.000Z""","post","3","25",,,"32.8",,,"66.9","4","0:00","STATUS_FINAL","66.9","32.8"
"a414c339-c5ca-4763-8e61-98117721b036","401772965","18","2025","CHI","DET","https://a.espncdn.com/i/teamlogos/nfl/500/scoreboard/chi.png","https://a.espncdn.com/i/teamlogos/nfl/500/scoreboard/det.png","11-5","8-8","-2.5","CHI","""2026-01-04T21:25:00.000Z""","post","16","19","26.6","24.8","45.6","28.9","24.8","54.1","4","0:00","STATUS_FINAL","54.1","45.6"
"a4a9b9db-7597-474e-be0d-de1bb70f7335","401671789","1","2024","KC","BAL","https://a.espncdn.com/i/teamlogos/nfl/500/scoreboard/kc.png","https://a.espncdn.com/i/teamlogos/nfl/500/scoreboard/bal.png","0-0","0-0",,,"""2024-09-06T00:40:00.000Z""","post","27","20",,,,,,,,,,,
"a51a67fc-2c2b-4674-8ae1-3505c1374a2c","401772959","18","2025","PHI","WSH","https://a.espncdn.com/i/teamlogos/nfl/500/scoreboard/phi.png","https://a.espncdn.com/i/teamlogos/nfl/500/scoreboard/wsh.png","11-5","4-12","-8.5","PHI","""2026-01-04T21:25:00.000Z""","post","17","24","22.6","18.8","73.0","20.8","27.1","26.8","4","0:00","STATUS_FINAL","26.8","73.0"
"a5b49362-c91f-48b2-b509-c4f763781e5a","401671799","17","2024","PIT","KC","https://a.espncdn.com/i/teamlogos/nfl/500/scoreboard/pit.png","https://a.espncdn.com/i/teamlogos/nfl/500/scoreboard/kc.png","0-0","0-0",,,"""2024-12-25T18:00:00.000Z""","post","10","29",,,,,,,,,,,
"a603d138-7875-4ec7-b384-bbab2fc1d030","401671490","3","2024","CIN","WSH","https://a.espncdn.com/i/teamlogos/nfl/500/scoreboard/cin.png","https://a.espncdn.com/i/teamlogos/nfl/500/scoreboard/wsh.png","0-0","0-0",,,"""2024-09-24T00:15:00.000Z""","post","33","38",,,,,,,,,,,
"a62a935d-3582-4ca9-b30e-9a62d9ad5518","401772833","2","2025","NO","SF","https://a.espncdn.com/i/teamlogos/nfl/500/scoreboard/no.png","https://a.espncdn.com/i/teamlogos/nfl/500/scoreboard/sf.png","0-2","2-0",,,"""2025-09-14T17:00:00.000Z""","post","21","26",,,,,,,,,,,
"a6610cd6-055f-4716-8f88-189d342b234f","401772795","15","2025","NE","BUF","https://a.espncdn.com/i/teamlogos/nfl/500/scoreboard/ne.png","https://a.espncdn.com/i/teamlogos/nfl/500/scoreboard/buf.png","11-3","10-4",,,"""2025-12-14T18:00:00.000Z""","post","31","35",,,"45.4",,,"54.2","4","0:00","STATUS_FINAL","54.2","45.4"
"a7911bab-2f04-4cdb-ad84-6b16a18c74f3","401772930","13","2025","BAL","CIN","https://a.espncdn.com/i/teamlogos/nfl/500/scoreboard/bal.png","https://a.espncdn.com/i/teamlogos/nfl/500/scoreboard/cin.png","6-6","4-8",,,"""2025-11-28T01:20:00.000Z""","post","14","32",,,"68.0",,,"31.8","4","0:00","STATUS_FINAL","31.8","68.0"
"a7b1fe07-06b4-4ecf-8da0-38ce4bf2bac5","401671680","5","2024","SEA","NYG","https://a.espncdn.com/i/teamlogos/nfl/500/scoreboard/sea.png","https://a.espncdn.com/i/teamlogos/nfl/500/scoreboard/nyg.png","0-0","0-0",,,"""2024-10-06T20:25:00.000Z""","post","20","29",,,,,,,,,,,
"a85367b8-c465-4aaa-ad1f-5410757b5900","401671632","3","2024","PIT","LAC","https://a.espncdn.com/i/teamlogos/nfl/500/scoreboard/pit.png","https://a.espncdn.com/i/teamlogos/nfl/500/scoreboard/lac.png","0-0","0-0",,,"""2024-09-22T17:00:00.000Z""","post","20","10",,,,,,,,,,,
"a87db628-a5a8-4fbb-85f9-b0525694ab65","401772963","18","2025","NYG","DAL","https://a.espncdn.com/i/teamlogos/nfl/500/scoreboard/nyg.png","https://a.espncdn.com/i/teamlogos/nfl/500/scoreboard/dal.png","3-13","7-8-1","5.5","DAL","""2026-01-04T18:00:00.000Z""","post","34","17","21.7","26.4","51.7","28.4","29.8","47.9","4","0:00","STATUS_FINAL","51.7","47.9"
"aa089e46-2b2b-4939-b3c0-57961a62bd42","401772923","6","2025","KC","DET","https://a.espncdn.com/i/teamlogos/nfl/500/scoreboard/kc.png","https://a.espncdn.com/i/teamlogos/nfl/500/scoreboard/det.png","3-3","4-2","-1.5","KC","""2025-10-13T00:20:00.000Z""","post","30","17",,,,,,,"4","0:00","STATUS_FINAL",,
"ab250d1a-ce7a-4af9-9b27-de89eef3d2d5","401671699","7","2024","ARI","LAC","https://a.espncdn.com/i/teamlogos/nfl/500/scoreboard/ari.png","https://a.espncdn.com/i/teamlogos/nfl/500/scoreboard/lac.png","0-0","0-0",,,"""2024-10-22T01:00:00.000Z""","post","17","15",,,,,,,,,,,
"ab3a431d-296f-4614-90ce-ca0b44beccde","401772899","14","2025","MIN","WSH","https://a.espncdn.com/i/teamlogos/nfl/500/scoreboard/min.png","https://a.espncdn.com/i/teamlogos/nfl/500/scoreboard/wsh.png","5-8","3-10",,,"""2025-12-07T18:00:00.000Z""","post","31","0",,,"50.9",,,"48.7","4","0:00","STATUS_FINAL","50.9","48.7"
"abeb0c2b-6eac-4fed-8d4e-7e33d49083c1","401671794","12","2024","LAR","PHI","https://a.espncdn.com/i/teamlogos/nfl/500/scoreboard/lar.png","https://a.espncdn.com/i/teamlogos/nfl/500/scoreboard/phi.png","0-0","0-0",,,"""2024-11-25T01:20:00.000Z""","post","20","37",,,,,,,,,,,
"ac9b1ac4-f201-4c22-81bd-fc0460856be4","401671697","15","2024","LV","ATL","https://a.espncdn.com/i/teamlogos/nfl/500/scoreboard/lv.png","https://a.espncdn.com/i/teamlogos/nfl/500/scoreboard/atl.png","0-0","0-0",,,"""2024-12-17T01:30:00.000Z""","post","9","15",,,,,,,,,,,
"acc50154-acf6-497e-bd33-a0e21dc297d2","401772920","3","2025","NYG","KC","https://a.espncdn.com/i/teamlogos/nfl/500/scoreboard/nyg.png","https://a.espncdn.com/i/teamlogos/nfl/500/scoreboard/kc.png","0-3","1-2",,,"""2025-09-22T00:20:00.000Z""","post","9","22",,,,,,,,,,,
"adc9d7a4-ae90-4a83-a4ef-9187d53a47cd","401772816","7","2025","DET","TB","https://a.espncdn.com/i/teamlogos/nfl/500/scoreboard/det.png","https://a.espncdn.com/i/teamlogos/nfl/500/scoreboard/tb.png","5-2","5-2",,,"""2025-10-20T23:00:00.000Z""","post","24","9",,,,,,,"4","0:00","STATUS_FINAL",,
"addcd494-a180-4b4c-9312-f3998d7d411d","401671665","11","2024","BUF","KC","https://a.espncdn.com/i/teamlogos/nfl/500/scoreboard/buf.png","https://a.espncdn.com/i/teamlogos/nfl/500/scoreboard/kc.png","0-0","0-0",,,"""2024-11-17T21:25:00.000Z""","post","30","21",,,,,,,,,,,
"ae4aadee-c655-4dc6-abe9-e960342b4e16","401671812","4","2024","NYG","DAL","https://a.espncdn.com/i/teamlogos/nfl/500/scoreboard/nyg.png","https://a.espncdn.com/i/teamlogos/nfl/500/scoreboard/dal.png","0-0","0-0",,,"""2024-09-27T00:15:00.000Z""","post","15","20",,,,,,,,,,,
"af527a43-db92-47fd-b01c-0e2c2697f5d6","401671805","1","2024","PHI","GB","https://a.espncdn.com/i/teamlogos/nfl/500/scoreboard/phi.png","https://a.espncdn.com/i/teamlogos/nfl/500/scoreboard/gb.png","0-0","0-0",,,"""2024-09-07T00:15:00.000Z""","post","34","29",,,,,,,,,,,
"af6a4ba6-f7a9-4c5b-9532-b21b30e83c11","401772834","2","2025","DAL","NYG","https://a.espncdn.com/i/teamlogos/nfl/500/scoreboard/dal.png","https://a.espncdn.com/i/teamlogos/nfl/500/scoreboard/nyg.png","1-1","0-2",,,"""2025-09-14T17:00:00.000Z""","post","40","37",,,,,,,,,,,
"af6dbb8b-7945-4286-a7ae-7e86a9a49260","401772836","2","2025","PIT","SEA","https://a.espncdn.com/i/teamlogos/nfl/500/scoreboard/pit.png","https://a.espncdn.com/i/teamlogos/nfl/500/scoreboard/sea.png","1-1","1-1",,,"""2025-09-14T17:00:00.000Z""","post","17","31",,,,,,,,,,,
"af7bfc60-3b99-43a6-a2a3-d1c14ac8c404","401772844","3","2025","CHI","DAL","https://a.espncdn.com/i/teamlogos/nfl/500/scoreboard/chi.png","https://a.espncdn.com/i/teamlogos/nfl/500/scoreboard/dal.png","1-2","1-2",,,"""2025-09-21T20:25:00.000Z""","post","31","14",,,,,,,,,,,
"af7d3917-a8ff-4ddf-b22f-218e2d5ebff4","401671759","16","2024","SEA","MIN","https://a.espncdn.com/i/teamlogos/nfl/500/scoreboard/sea.png","https://a.espncdn.com/i/teamlogos/nfl/500/scoreboard/min.png","0-0","0-0",,,"""2024-12-22T21:05:00.000Z""","post","24","27",,,,,,,,,,,
"afc0dfd1-7737-4c19-9b71-99ea0715f973","401772824","16","2025","IND","SF","https://a.espncdn.com/i/teamlogos/nfl/500/scoreboard/ind.png","https://a.espncdn.com/i/teamlogos/nfl/500/scoreboard/sf.png","8-7","11-4","5.5","SF","""2025-12-23T01:15:00.000Z""","post","27","48",,,"38.2",,,"61.5","4","0:00","STATUS_FINAL","61.5","38.2"
"b0078085-6c9d-48cc-8f30-3b217e44edaa","401772819","11","2025","LV","DAL","https://a.espncdn.com/i/teamlogos/nfl/500/scoreboard/lv.png","https://a.espncdn.com/i/teamlogos/nfl/500/scoreboard/dal.png","2-8","4-5-1",,,"""2025-11-18T01:15:00.000Z""","post","16","33",,,,,,,"4","0:00","STATUS_FINAL","59.3","40.4"
"b03a5a5f-169b-4dfa-9b65-7551a928e707","401772950","17","2025","LV","NYG","https://a.espncdn.com/i/teamlogos/nfl/500/scoreboard/lv.png","https://a.espncdn.com/i/teamlogos/nfl/500/scoreboard/nyg.png","2-14","3-13","-1.5","LV","""2025-12-28T21:05:00.000Z""","post","10","34",,,"46.2",,,"53.4","4","0:00","STATUS_FINAL","53.4","46.2"
"b04c504f-00cf-4c39-a3f2-ca08ac3daa66","401671876","17","2024","CHI","SEA","https://a.espncdn.com/i/teamlogos/nfl/500/scoreboard/chi.png","https://a.espncdn.com/i/teamlogos/nfl/500/scoreboard/sea.png","0-0","0-0",,,"""2024-12-27T01:15:00.000Z""","post","3","6",,,,,,,,,,,
"b1092853-be4e-4bb7-beef-85df31d31fc6","401772722","1","2025","GB","DET","https://a.espncdn.com/i/teamlogos/nfl/500/scoreboard/gb.png","https://a.espncdn.com/i/teamlogos/nfl/500/scoreboard/det.png","1-0","0-1",,,"""2025-09-07T20:25:00.000Z""","post","27","13",,,,,,,,,,,
"b1189579-7676-4072-8a47-51c53e8c88c0","401671842","17","2024","WSH","ATL","https://a.espncdn.com/i/teamlogos/nfl/500/scoreboard/wsh.png","https://a.espncdn.com/i/teamlogos/nfl/500/scoreboard/atl.png","0-0","0-0",,,"""2024-12-30T01:20:00.000Z""","post","30","24",,,,,,,,,,,
"b13933b1-d259-4881-9b23-f1d737a398df","401772745","5","2025","PHI","DEN","https://a.espncdn.com/i/teamlogos/nfl/500/scoreboard/phi.png","https://a.espncdn.com/i/teamlogos/nfl/500/scoreboard/den.png","4-1","3-2",,,"""2025-10-05T17:00:00.000Z""","post","17","21",,,,,,,,,,,
"b167a4c4-bfc9-4fcf-800f-55c545d77484","401671791","6","2024","NYG","CIN","https://a.espncdn.com/i/teamlogos/nfl/500/scoreboard/nyg.png","https://a.espncdn.com/i/teamlogos/nfl/500/scoreboard/cin.png","0-0","0-0",,,"""2024-10-14T00:20:00.000Z""","post","7","17",,,,,,,,,,,
"b1b917ab-a023-45f5-8c5d-9ed1e9a8e3dc","401671736","3","2024","NO","PHI","https://a.espncdn.com/i/teamlogos/nfl/500/scoreboard/no.png","https://a.espncdn.com/i/teamlogos/nfl/500/scoreboard/phi.png","0-0","0-0",,,"""2024-09-22T17:00:00.000Z""","post","12","15",,,,,,,,,,,
"b1cce0bf-b345-4d1b-9f71-c16db8f682b1","401671620","13","2024","NE","IND","https://a.espncdn.com/i/teamlogos/nfl/500/scoreboard/ne.png","https://a.espncdn.com/i/teamlogos/nfl/500/scoreboard/ind.png","0-0","0-0",,,"""2024-12-01T18:00:00.000Z""","post","24","25",,,,,,,,,,,
"b1ef955b-aeb7-460b-82e7-fe71169a7923","401772878","10","2025","WSH","DET","https://a.espncdn.com/i/teamlogos/nfl/500/scoreboard/wsh.png","https://a.espncdn.com/i/teamlogos/nfl/500/scoreboard/det.png","3-7","6-3",,,"""2025-11-09T21:25:00.000Z""","post","22","44",,,,,,,"4","0:00","STATUS_FINAL","65.3","34.4"
"b240d41c-2aa9-4b7a-be70-fd2e6518084b","401772817","8","2025","KC","WSH","https://a.espncdn.com/i/teamlogos/nfl/500/scoreboard/kc.png","https://a.espncdn.com/i/teamlogos/nfl/500/scoreboard/wsh.png","5-3","3-5",,,"""2025-10-28T00:15:00.000Z""","post","28","7",,,,,,,"4","0:00","STATUS_FINAL","68.9","30.9"
"b43a659b-4752-4cc7-ad9a-8e9fb11b4d20","401772831","1","2025","SEA","SF","https://a.espncdn.com/i/teamlogos/nfl/500/scoreboard/sea.png","https://a.espncdn.com/i/teamlogos/nfl/500/scoreboard/sf.png","0-1","1-0",,,"""2025-09-07T20:05:00.000Z""","post","13","17",,,,,,,,,,,
"b4e9c692-0a20-4a4e-883e-5bbf3cbf094e","401671493","9","2024","BUF","MIA","https://a.espncdn.com/i/teamlogos/nfl/500/scoreboard/buf.png","https://a.espncdn.com/i/teamlogos/nfl/500/scoreboard/mia.png","0-0","0-0",,,"""2024-11-03T18:00:00.000Z""","post","30","27",,,,,,,,,,,
"b506121b-2728-4517-b0b9-7c6e691e0c81","401671685","8","2024","PIT","NYG","https://a.espncdn.com/i/teamlogos/nfl/500/scoreboard/pit.png","https://a.espncdn.com/i/teamlogos/nfl/500/scoreboard/nyg.png","0-0","0-0",,,"""2024-10-29T00:15:00.000Z""","post","26","18",,,,,,,,,,,
"b60b880e-cf41-4e16-a711-3a9cb83e0455","401671658","3","2024","LV","CAR","https://a.espncdn.com/i/teamlogos/nfl/500/scoreboard/lv.png","https://a.espncdn.com/i/teamlogos/nfl/500/scoreboard/car.png","0-0","0-0",,,"""2024-09-22T20:05:00.000Z""","post","22","36",,,,,,,,,,,
"b842596a-61de-43e6-b4d6-7998f4b0d543","401671621","16","2024","NYJ","LAR","https://a.espncdn.com/i/teamlogos/nfl/500/scoreboard/nyj.png","https://a.espncdn.com/i/teamlogos/nfl/500/scoreboard/lar.png","0-0","0-0",,,"""2024-12-22T18:00:00.000Z""","post","9","19",,,,,,,,,,,
"b8484b89-dea4-46f5-b38c-632626d2bd54","401671732","16","2024","CAR","ARI","https://a.espncdn.com/i/teamlogos/nfl/500/scoreboard/car.png","https://a.espncdn.com/i/teamlogos/nfl/500/scoreboard/ari.png","0-0","0-0",,,"""2024-12-22T18:00:00.000Z""","post","36","30",,,,,,,,,,,
"b8b91007-61ab-4f1d-b616-873838e3acc1","401671635","2","2024","JAX","CLE","https://a.espncdn.com/i/teamlogos/nfl/500/scoreboard/jax.png","https://a.espncdn.com/i/teamlogos/nfl/500/scoreboard/cle.png","0-0","0-0",,,"""2024-09-15T17:00:00.000Z""","post","13","18",,,,,,,,,,,
"b95a1157-596e-4de8-a6cc-5aa1dd5f2b31","401671827","18","2024","ATL","CAR","https://a.espncdn.com/i/teamlogos/nfl/500/scoreboard/atl.png","https://a.espncdn.com/i/teamlogos/nfl/500/scoreboard/car.png","0-0","0-0",,,"""2025-01-05T18:00:00.000Z""","post","38","44",,,,,,,,,,,
"bafe51de-84a7-486a-b104-788bf1701391","401772715","2","2025","HOU","TB","https://a.espncdn.com/i/teamlogos/nfl/500/scoreboard/hou.png","https://a.espncdn.com/i/teamlogos/nfl/500/scoreboard/tb.png","0-2","2-0",,,"""2025-09-15T23:00:00.000Z""","post","19","20",,,,,,,,,,,
"bb6d738b-ae9e-421f-9f35-58d033af3e6b","401671834","18","2024","BAL","CLE","https://a.espncdn.com/i/teamlogos/nfl/500/scoreboard/bal.png","https://a.espncdn.com/i/teamlogos/nfl/500/scoreboard/cle.png","0-0","0-0",,,"""2025-01-04T21:30:00.000Z""","post","35","10",,,,,,,,,,,
"bbf31f42-841a-4dc4-ae72-bfa5b5822a7c","401772711","17","2025","MIN","DET","https://a.espncdn.com/i/teamlogos/nfl/500/scoreboard/min.png","https://a.espncdn.com/i/teamlogos/nfl/500/scoreboard/det.png","8-8","8-8","6.0","DET","""2025-12-25T21:30:00.000Z""","post","23","10",,,"31.3",,,"68.4","4","0:00","STATUS_FINAL","31.3","68.4"
"bce79cb1-ba5f-4450-82cb-9c5e4b1f8f95","401772856","6","2025","IND","ARI","https://a.espncdn.com/i/teamlogos/nfl/500/scoreboard/ind.png","https://a.espncdn.com/i/teamlogos/nfl/500/scoreboard/ari.png","5-1","2-4","-6.5","IND","""2025-10-12T17:00:00.000Z""","post","31","27",,,,,,,"4","0:00","STATUS_FINAL",,
"bd2ae5c3-85f4-49f1-97cd-1b348c79175d","401671724","7","2024","MIN","DET","https://a.espncdn.com/i/teamlogos/nfl/500/scoreboard/min.png","https://a.espncdn.com/i/teamlogos/nfl/500/scoreboard/det.png","0-0","0-0",,,"""2024-10-20T17:00:00.000Z""","post","29","31",,,,,,,,,,,
"bd6ba9a9-c219-4325-a8f7-625320441738","401772916","17","2025","MIA","TB","https://a.espncdn.com/i/teamlogos/nfl/500/scoreboard/mia.png","https://a.espncdn.com/i/teamlogos/nfl/500/scoreboard/tb.png","7-9","7-9","5.5","TB","""2025-12-28T18:00:00.000Z""","post","20","17",,,"30.7",,,"69.1","4","0:00","STATUS_FINAL","30.7","69.1"
"bd96cfc7-07f3-421c-a0b3-7385c401f0c3","401772928","11","2025","PHI","DET","https://a.espncdn.com/i/teamlogos/nfl/500/scoreboard/phi.png","https://a.espncdn.com/i/teamlogos/nfl/500/scoreboard/det.png","8-2","6-4",,,"""2025-11-17T01:20:00.000Z""","post","16","9",,,,,,,"4","0:00","STATUS_FINAL","52.0","47.7"
"bdaa4d9c-3522-4eec-835a-140612819207","401671657","6","2024","LV","PIT","https://a.espncdn.com/i/teamlogos/nfl/500/scoreboard/lv.png","https://a.espncdn.com/i/teamlogos/nfl/500/scoreboard/pit.png","0-0","0-0",,,"""2024-10-13T20:05:00.000Z""","post","13","32",,,,,,,,,,,
"be788707-a638-4ccb-9dc7-10777fa93786","401671649","13","2024","ATL","LAC","https://a.espncdn.com/i/teamlogos/nfl/500/scoreboard/atl.png","https://a.espncdn.com/i/teamlogos/nfl/500/scoreboard/lac.png","0-0","0-0",,,"""2024-12-01T18:00:00.000Z""","post","13","17",,,,,,,,,,,
"bef334ec-a12c-4f86-b4fd-4661bb99c04d","401671773","14","2024","LAR","BUF","https://a.espncdn.com/i/teamlogos/nfl/500/scoreboard/lar.png","https://a.espncdn.com/i/teamlogos/nfl/500/scoreboard/buf.png","0-0","0-0",,,"""2024-12-08T21:25:00.000Z""","post","44","42",,,,,,,,,,,
"c07dbd01-1a69-4ea9-81d0-575a0f61ed60","401772865","8","2025","CAR","BUF","https://a.espncdn.com/i/teamlogos/nfl/500/scoreboard/car.png","https://a.espncdn.com/i/teamlogos/nfl/500/scoreboard/buf.png","4-4","5-2",,,"""2025-10-26T17:00:00.000Z""","post","9","40",,,,,,,"4","0:00","STATUS_FINAL","56.4","43.3"
"c0a4ea40-e664-457c-932c-f2ff46f41a8e","401671784","5","2024","PIT","DAL","https://a.espncdn.com/i/teamlogos/nfl/500/scoreboard/pit.png","https://a.espncdn.com/i/teamlogos/nfl/500/scoreboard/dal.png","0-0","0-0",,,"""2024-10-07T01:45:00.000Z""","post","17","20",,,,,,,,,,,
"c1188a7f-ae52-40f8-967e-a19903e87ebd","401772893","13","2025","NYJ","ATL","https://a.espncdn.com/i/teamlogos/nfl/500/scoreboard/nyj.png","https://a.espncdn.com/i/teamlogos/nfl/500/scoreboard/atl.png","3-9","4-8",,,"""2025-11-30T18:00:00.000Z""","post","27","24",,,"43.1",,,"56.6","4","0:00","STATUS_FINAL","43.1","56.6"
"c1996a08-cbb7-4262-bad2-38a0d5861f06","401671804","5","2024","MIN","NYJ","https://a.espncdn.com/i/teamlogos/nfl/500/scoreboard/min.png","https://a.espncdn.com/i/teamlogos/nfl/500/scoreboard/nyj.png","0-0","0-0",,,"""2024-10-06T13:30:00.000Z""","post","23","17",,,,,,,,,,,
"c22ea93c-59d5-4a5e-a070-2b8587a787f0","401671870","12","2024","CHI","MIN","https://a.espncdn.com/i/teamlogos/nfl/500/scoreboard/chi.png","https://a.espncdn.com/i/teamlogos/nfl/500/scoreboard/min.png","0-0","0-0",,,"""2024-11-24T18:00:00.000Z""","post","27","30",,,,,,,,,,,
"c2ff4076-7d52-4f4b-977b-3bfb48f4c73d","401671817","8","2024","LAR","MIN","https://a.espncdn.com/i/teamlogos/nfl/500/scoreboard/lar.png","https://a.espncdn.com/i/teamlogos/nfl/500/scoreboard/min.png","0-0","0-0",,,"""2024-10-25T00:15:00.000Z""","post","30","20",,,,,,,,,,,
"c319b6f1-7ac5-41fe-8f2f-823546c75235","401671849","1","2024","MIA","JAX","https://a.espncdn.com/i/teamlogos/nfl/500/scoreboard/mia.png","https://a.espncdn.com/i/teamlogos/nfl/500/scoreboard/jax.png","0-0","0-0",,,"""2024-09-08T17:00:00.000Z""","post","20","17",,,,,,,,,,,
"c3947a4d-407f-42bf-bd2e-6c8814bf4c97","401772802","16","2025","CLE","BUF","https://a.espncdn.com/i/teamlogos/nfl/500/scoreboard/cle.png","https://a.espncdn.com/i/teamlogos/nfl/500/scoreboard/buf.png","3-12","11-4","10.0","BUF","""2025-12-21T18:00:00.000Z""","post","20","23",,,"20.3",,,"79.5","4","0:00","STATUS_FINAL","79.5","20.3"
"c3c58ec3-2d73-43cd-9dd0-4e4fbb53458b","401772891","13","2025","DET","GB","https://a.espncdn.com/i/teamlogos/nfl/500/scoreboard/det.png","https://a.espncdn.com/i/teamlogos/nfl/500/scoreboard/gb.png","7-5","8-3-1",,,"""2025-11-27T18:00:00.000Z""","post","24","31",,,"54.0",,,"45.6","4","0:00","STATUS_FINAL","45.6","54.0"
"c3eac563-fddd-4906-a10d-17ba6a4e1f16","401772863","7","2025","ARI","GB","https://a.espncdn.com/i/teamlogos/nfl/500/scoreboard/ari.png","https://a.espncdn.com/i/teamlogos/nfl/500/scoreboard/gb.png","2-5","4-1-1",,,"""2025-10-19T20:25:00.000Z""","post","23","27",,,,,,,"4","0:00","STATUS_FINAL",,
"c47dca79-950a-4c99-9727-d6d8400ea754","401671866","12","2024","IND","DET","https://a.espncdn.com/i/teamlogos/nfl/500/scoreboard/ind.png","https://a.espncdn.com/i/teamlogos/nfl/500/scoreboard/det.png","0-0","0-0",,,"""2024-11-24T18:00:00.000Z""","post","6","24",,,,,,,,,,,
"c48def3f-04ff-4d04-bac8-80dddcf2b78e","401772832","1","2025","DEN","TEN","https://a.espncdn.com/i/teamlogos/nfl/500/scoreboard/den.png","https://a.espncdn.com/i/teamlogos/nfl/500/scoreboard/ten.png","1-0","0-1",,,"""2025-09-07T20:05:00.000Z""","post","20","12",,,,,,,,,,,
"c620fa63-b2ca-44e9-94cd-527910eb0084","401671761","1","2024","CLE","DAL","https://a.espncdn.com/i/teamlogos/nfl/500/scoreboard/cle.png","https://a.espncdn.com/i/teamlogos/nfl/500/scoreboard/dal.png","0-0","0-0",,,"""2024-09-08T20:25:00.000Z""","post","17","33",,,,,,,,,,,
"c65f10b8-aefd-4370-993d-f94539742b2b","401671756","5","2024","SF","ARI","https://a.espncdn.com/i/teamlogos/nfl/500/scoreboard/sf.png","https://a.espncdn.com/i/teamlogos/nfl/500/scoreboard/ari.png","0-0","0-0",,,"""2024-10-06T20:05:00.000Z""","post","23","24",,,,,,,,,,,
"c6c79559-be38-4b61-888d-3778ed2e4d57","401671828","18","2024","TB","NO","https://a.espncdn.com/i/teamlogos/nfl/500/scoreboard/tb.png","https://a.espncdn.com/i/teamlogos/nfl/500/scoreboard/no.png","0-0","0-0",,,"""2025-01-05T18:00:00.000Z""","post","27","19",,,,,,,,,,,
"c6fa10d7-3e2c-4e92-9ec4-4bec6bb4fcad","401671798","13","2024","GB","MIA","https://a.espncdn.com/i/teamlogos/nfl/500/scoreboard/gb.png","https://a.espncdn.com/i/teamlogos/nfl/500/scoreboard/mia.png","0-0","0-0",,,"""2024-11-29T01:20:00.000Z""","post","30","17",,,,,,,,,,,
"c7901f81-48bd-4e48-9eab-5a893641cdab","401671767","9","2024","GB","DET","https://a.espncdn.com/i/teamlogos/nfl/500/scoreboard/gb.png","https://a.espncdn.com/i/teamlogos/nfl/500/scoreboard/det.png","0-0","0-0",,,"""2024-11-03T21:25:00.000Z""","post","14","24",,,,,,,,,,,
"c8cbc71a-4a36-491c-b5bb-e1db1443296e","401671750","8","2024","LAC","NO","https://a.espncdn.com/i/teamlogos/nfl/500/scoreboard/lac.png","https://a.espncdn.com/i/teamlogos/nfl/500/scoreboard/no.png","0-0","0-0",,,"""2024-10-27T20:05:00.000Z""","post","26","8",,,,,,,,,,,
"c912cde0-abd7-41a5-bd0f-58584312d7bc","401772737","4","2025","NYG","LAC","https://a.espncdn.com/i/teamlogos/nfl/500/scoreboard/nyg.png","https://a.espncdn.com/i/teamlogos/nfl/500/scoreboard/lac.png","1-3","3-1",,,"""2025-09-28T17:00:00.000Z""","post","21","18",,,,,,,,,,,
"c9a08577-585b-42ed-affc-55d86d567ef3","401772846","4","2025","DET","CLE","https://a.espncdn.com/i/teamlogos/nfl/500/scoreboard/det.png","https://a.espncdn.com/i/teamlogos/nfl/500/scoreboard/cle.png","3-1","1-3",,,"""2025-09-28T17:00:00.000Z""","post","34","10",,,,,,,,,,,
"ca151594-164f-4eb9-b679-3eba6b569a85","401772955","18","2025","LAR","ARI","https://a.espncdn.com/i/teamlogos/nfl/500/scoreboard/lar.png","https://a.espncdn.com/i/teamlogos/nfl/500/scoreboard/ari.png","11-5","3-13","-9.5","LAR","""2026-01-04T21:25:00.000Z""","post","37","20","30.1","20.4","78.4","20.9","28.2","21.4","4","0:00","STATUS_FINAL","78.4","21.4"
"cb3db559-8d6f-4c84-b79c-075eca54aa81","401772921","4","2025","DAL","GB","https://a.espncdn.com/i/teamlogos/nfl/500/scoreboard/dal.png","https://a.espncdn.com/i/teamlogos/nfl/500/scoreboard/gb.png","1-2-1","2-1-1",,,"""2025-09-29T00:20:00.000Z""","post","40","40",,,,,,,,,,,
"cb8ea7e4-b35a-4791-b721-b27a5c948145","401671705","13","2024","JAX","HOU","https://a.espncdn.com/i/teamlogos/nfl/500/scoreboard/jax.png","https://a.espncdn.com/i/teamlogos/nfl/500/scoreboard/hou.png","0-0","0-0",,,"""2024-12-01T18:00:00.000Z""","post","20","23",,,,,,,,,,,
"cbbcb24c-cd2e-4c24-baa1-70b73d887780","401772773","10","2025","SEA","ARI","https://a.espncdn.com/i/teamlogos/nfl/500/scoreboard/sea.png","https://a.espncdn.com/i/teamlogos/nfl/500/scoreboard/ari.png","7-2","3-6",,,"""2025-11-09T21:05:00.000Z""","post","44","22",,,,,,,"4","0:00","STATUS_FINAL","64.0","35.8"
"cc1cad26-4240-4bc7-9044-8bf5d33e0045","401671753","13","2024","NO","LAR","https://a.espncdn.com/i/teamlogos/nfl/500/scoreboard/no.png","https://a.espncdn.com/i/teamlogos/nfl/500/scoreboard/lar.png","0-0","0-0",,,"""2024-12-01T21:05:00.000Z""","post","14","21",,,,,,,,,,,
"cc2f7e28-74cb-48e1-8a99-6d2421e9b89b","401772864","7","2025","DAL","WSH","https://a.espncdn.com/i/teamlogos/nfl/500/scoreboard/dal.png","https://a.espncdn.com/i/teamlogos/nfl/500/scoreboard/wsh.png","3-3-1","3-4",,,"""2025-10-19T20:25:00.000Z""","post","44","22",,,,,,,"4","0:00","STATUS_FINAL",,
"cc57c375-e432-430f-ad82-96dd242cd3b7","401772761","8","2025","IND","TEN","https://a.espncdn.com/i/teamlogos/nfl/500/scoreboard/ind.png","https://a.espncdn.com/i/teamlogos/nfl/500/scoreboard/ten.png","7-1","1-7",,,"""2025-10-26T20:25:00.000Z""","post","38","14",,,,,,,"4","0:00","STATUS_FINAL","82.5","17.3"
"cc641da6-093a-4573-a241-cfe9414fa11e","401671492","13","2024","DET","CHI","https://a.espncdn.com/i/teamlogos/nfl/500/scoreboard/det.png","https://a.espncdn.com/i/teamlogos/nfl/500/scoreboard/chi.png","0-0","0-0",,,"""2024-11-28T17:30:00.000Z""","post","23","20",,,,,,,,,,,
"ccb00408-299b-4110-ae06-4ad1e6aca797","401772776","11","2025","BUF","TB","https://a.espncdn.com/i/teamlogos/nfl/500/scoreboard/buf.png","https://a.espncdn.com/i/teamlogos/nfl/500/scoreboard/tb.png","7-3","6-4",,,"""2025-11-16T18:00:00.000Z""","post","44","32",,,,,,,"4","0:00","STATUS_FINAL","59.9","39.8"
"cd1f1d0a-7194-49c7-af9c-afc86b7933a0","401772821","13","2025","NE","NYG","https://a.espncdn.com/i/teamlogos/nfl/500/scoreboard/ne.png","https://a.espncdn.com/i/teamlogos/nfl/500/scoreboard/nyg.png","11-2","2-11",,,"""2025-12-02T01:15:00.000Z""","post","33","15",,,"54.9",,,"44.8","4","0:00","STATUS_FINAL","54.9","44.8"
"cdc2a856-e7e5-41aa-8abb-8394a460ad50","401772742","4","2025","LV","CHI","https://a.espncdn.com/i/teamlogos/nfl/500/scoreboard/lv.png","https://a.espncdn.com/i/teamlogos/nfl/500/scoreboard/chi.png","1-3","2-2",,,"""2025-09-28T20:25:00.000Z""","post","24","25",,,,,,,,,,,
"ce073ec9-a19b-440f-a4eb-99ecfe56754a","401772855","6","2025","BAL","LAR","https://a.espncdn.com/i/teamlogos/nfl/500/scoreboard/bal.png","https://a.espncdn.com/i/teamlogos/nfl/500/scoreboard/lar.png","1-5","4-2","7.5","LAR","""2025-10-12T17:00:00.000Z""","post","3","17",,,,,,,"4","0:00","STATUS_FINAL",,
"ce993454-eab0-4e59-af3b-f096423d36b2","401772733","3","2025","TEN","IND","https://a.espncdn.com/i/teamlogos/nfl/500/scoreboard/ten.png","https://a.espncdn.com/i/teamlogos/nfl/500/scoreboard/ind.png","0-3","3-0",,,"""2025-09-21T17:00:00.000Z""","post","20","41",,,,,,,,,,,
"ced6884d-1ed3-4fca-b3cf-79d7ab4bdc8e","401671813","11","2024","PHI","WSH","https://a.espncdn.com/i/teamlogos/nfl/500/scoreboard/phi.png","https://a.espncdn.com/i/teamlogos/nfl/500/scoreboard/wsh.png","0-0","0-0",,,"""2024-11-15T01:15:00.000Z""","post","26","18",,,,,,,,,,,
"cfabb977-38c9-46be-ac17-8b760d0000d1","401772903","15","2025","HOU","ARI","https://a.espncdn.com/i/teamlogos/nfl/500/scoreboard/hou.png","https://a.espncdn.com/i/teamlogos/nfl/500/scoreboard/ari.png","9-5","3-11",,,"""2025-12-14T18:00:00.000Z""","post","40","20",,,"71.4",,,"28.4","4","0:00","STATUS_FINAL","71.4","28.4"
"d076d7c0-3b97-4dc4-9935-ba50713895c8","401671787","10","2024","HOU","DET","https://a.espncdn.com/i/teamlogos/nfl/500/scoreboard/hou.png","https://a.espncdn.com/i/teamlogos/nfl/500/scoreboard/det.png","0-0","0-0",,,"""2024-11-11T01:20:00.000Z""","post","23","26",,,,,,,,,,,
"d1218315-3da8-476e-ad3c-28e56ab4599a","401671769","6","2024","CAR","ATL","https://a.espncdn.com/i/teamlogos/nfl/500/scoreboard/car.png","https://a.espncdn.com/i/teamlogos/nfl/500/scoreboard/atl.png","0-0","0-0",,,"""2024-10-13T20:25:00.000Z""","post","20","38",,,,,,,,,,,
"d1634e0b-ea2d-44dd-96ef-8d43b63f69c5","401772914","16","2025","ARI","ATL","https://a.espncdn.com/i/teamlogos/nfl/500/scoreboard/ari.png","https://a.espncdn.com/i/teamlogos/nfl/500/scoreboard/atl.png","3-12","6-9","2.5","ATL","""2025-12-21T21:05:00.000Z""","post","19","26",,,"51.7",,,"47.9","4","0:00","STATUS_FINAL","47.9","51.7"
"d164c1ef-94b9-44c1-a3db-fa1e187d1d2c","401671684","6","2024","NYJ","BUF","https://a.espncdn.com/i/teamlogos/nfl/500/scoreboard/nyj.png","https://a.espncdn.com/i/teamlogos/nfl/500/scoreboard/buf.png","0-0","0-0",,,"""2024-10-15T00:15:00.000Z""","post","20","23",,,,,,,,,,,
"d176cfb2-3623-4172-b708-fa83d68a5e6b","401772710","17","2025","WSH","DAL","https://a.espncdn.com/i/teamlogos/nfl/500/scoreboard/wsh.png","https://a.espncdn.com/i/teamlogos/nfl/500/scoreboard/dal.png","4-12","7-8-1","7.0","DAL","""2025-12-25T18:00:00.000Z""","post","23","30",,,"43.6",,,"56.1","4","0:00","STATUS_FINAL","56.1","43.6"
"d251abe7-5f33-4496-b64a-b772634dde3c","401671810","10","2024","BAL","CIN","https://a.espncdn.com/i/teamlogos/nfl/500/scoreboard/bal.png","https://a.espncdn.com/i/teamlogos/nfl/500/scoreboard/cin.png","0-0","0-0",,,"""2024-11-08T01:15:00.000Z""","post","35","34",,,,,,,,,,,
"d3ab96b4-607f-42c7-83e8-f9276484b515","401772758","8","2025","CIN","NYJ","https://a.espncdn.com/i/teamlogos/nfl/500/scoreboard/cin.png","https://a.espncdn.com/i/teamlogos/nfl/500/scoreboard/nyj.png","3-5","1-7",,,"""2025-10-26T17:00:00.000Z""","post","38","39",,,,,,,"4","0:00","STATUS_FINAL","41.5","58.2"
"d3ac1372-895d-4214-91b0-8990c81c763e","401772886","12","2025","TEN","SEA","https://a.espncdn.com/i/teamlogos/nfl/500/scoreboard/ten.png","https://a.espncdn.com/i/teamlogos/nfl/500/scoreboard/sea.png","1-10","8-3",,,"""2025-11-23T18:00:00.000Z""","post","24","30",,,,,,,"4","0:00","STATUS_FINAL","76.1","23.7"
"d4306190-ff48-4781-89f2-ad29de6aef34","401671698","17","2024","SF","DET","https://a.espncdn.com/i/teamlogos/nfl/500/scoreboard/sf.png","https://a.espncdn.com/i/teamlogos/nfl/500/scoreboard/det.png","0-0","0-0",,,"""2024-12-31T01:15:00.000Z""","post","34","40",,,,,,,,,,,
"d4e543e4-167e-4d7e-8534-ca9e8ef40fc9","401671674","4","2024","LAC","KC","https://a.espncdn.com/i/teamlogos/nfl/500/scoreboard/lac.png","https://a.espncdn.com/i/teamlogos/nfl/500/scoreboard/kc.png","0-0","0-0",,,"""2024-09-29T20:25:00.000Z""","post","10","17",,,,,,,,,,,
"d651c81f-0354-4c35-89a3-a09c9278c406","401772876","10","2025","MIN","BAL","https://a.espncdn.com/i/teamlogos/nfl/500/scoreboard/min.png","https://a.espncdn.com/i/teamlogos/nfl/500/scoreboard/bal.png","4-5","4-5",,,"""2025-11-09T18:00:00.000Z""","post","19","27",,,,,,,"4","0:00","STATUS_FINAL","64.0","35.7"
"d6c04882-f458-4dac-b279-da620dfce339","401772780","12","2025","CHI","PIT","https://a.espncdn.com/i/teamlogos/nfl/500/scoreboard/chi.png","https://a.espncdn.com/i/teamlogos/nfl/500/scoreboard/pit.png","8-3","6-5",,,"""2025-11-23T18:00:00.000Z""","post","31","28",,,,,,,"4","0:00","STATUS_FINAL","50.1","49.5"
"d75eab3c-d13c-42d3-843c-367951d787b7","401671872","5","2024","CHI","CAR","https://a.espncdn.com/i/teamlogos/nfl/500/scoreboard/chi.png","https://a.espncdn.com/i/teamlogos/nfl/500/scoreboard/car.png","0-0","0-0",,,"""2024-10-06T17:00:00.000Z""","post","36","10",,,,,,,,,,,
"d7ce46e4-fec6-42fd-9d17-a0c8420bc0d1","401772720","1","2025","NE","LV","https://a.espncdn.com/i/teamlogos/nfl/500/scoreboard/ne.png","https://a.espncdn.com/i/teamlogos/nfl/500/scoreboard/lv.png","0-1","1-0",,,"""2025-09-07T17:00:00.000Z""","post","13","20",,,,,,,,,,,
"d85e738c-61a4-43b1-99d7-cc6f9161dbe8","401671681","15","2024","DET","BUF","https://a.espncdn.com/i/teamlogos/nfl/500/scoreboard/det.png","https://a.espncdn.com/i/teamlogos/nfl/500/scoreboard/buf.png","0-0","0-0",,,"""2024-12-15T21:25:00.000Z""","post","42","48",,,,,,,,,,,
"d87ea987-47bb-4fb4-aaf3-04d87be2df6d","401772805","16","2025","HOU","LV","https://a.espncdn.com/i/teamlogos/nfl/500/scoreboard/hou.png","https://a.espncdn.com/i/teamlogos/nfl/500/scoreboard/lv.png","10-5","2-13","-14.5","HOU","""2025-12-21T21:25:00.000Z""","post","23","21",,,"80.4",,,"19.5","4","0:00","STATUS_FINAL","80.4","19.5"
"d8c3891e-d82c-4fae-8d9f-852604196bd1","401671495","17","2024","BUF","NYJ","https://a.espncdn.com/i/teamlogos/nfl/500/scoreboard/buf.png","https://a.espncdn.com/i/teamlogos/nfl/500/scoreboard/nyj.png","0-0","0-0",,,"""2024-12-29T18:00:00.000Z""","post","40","14",,,,,,,,,,,
"d8e096b9-3c57-4c9d-9ae7-68d7610c2198","401772898","14","2025","CLE","TEN","https://a.espncdn.com/i/teamlogos/nfl/500/scoreboard/cle.png","https://a.espncdn.com/i/teamlogos/nfl/500/scoreboard/ten.png","3-10","2-11",,,"""2025-12-07T18:00:00.000Z""","post","29","31",,,"53.5",,,"46.1","4","0:00","STATUS_FINAL","46.1","53.5"
"d9ef7df6-8d61-4b7f-bc4e-e6c7167d33ea","401772954","17","2025","CIN","ARI","https://a.espncdn.com/i/teamlogos/nfl/500/scoreboard/cin.png","https://a.espncdn.com/i/teamlogos/nfl/500/scoreboard/ari.png","6-10","3-13","-7.0","CIN","""2025-12-28T18:00:00.000Z""","post","37","14",,,"65.2",,,"34.5","4","0:00","STATUS_FINAL","65.2","34.5"
"da5986d0-a029-4174-b078-fdbd8b3cfaa6","401772807","17","2025","CLE","PIT","https://a.espncdn.com/i/teamlogos/nfl/500/scoreboard/cle.png","https://a.espncdn.com/i/teamlogos/nfl/500/scoreboard/pit.png","4-12","9-7","3.5","PIT","""2025-12-28T18:00:00.000Z""","post","13","6",,,"26.2",,,"73.6","4","0:00","STATUS_FINAL","26.2","73.6"
"da6acc85-d17f-490e-a1ec-a9b7d313fd41","401671772","3","2024","LAR","SF","https://a.espncdn.com/i/teamlogos/nfl/500/scoreboard/lar.png","https://a.espncdn.com/i/teamlogos/nfl/500/scoreboard/sf.png","0-0","0-0",,,"""2024-09-22T20:25:00.000Z""","post","27","24",,,,,,,,,,,
"dad9a672-eb43-46ec-8ae2-3002a5e40677","401772800","15","2025","DEN","GB","https://a.espncdn.com/i/teamlogos/nfl/500/scoreboard/den.png","https://a.espncdn.com/i/teamlogos/nfl/500/scoreboard/gb.png","12-2","9-4-1",,,"""2025-12-14T21:25:00.000Z""","post","34","26",,,"46.7",,,"52.9","4","0:00","STATUS_FINAL","46.7","52.9"
"dafec460-d635-47d0-9639-9b3513b7dabc","401671599","8","2024","WSH","CHI","https://a.espncdn.com/i/teamlogos/nfl/500/scoreboard/wsh.png","https://a.espncdn.com/i/teamlogos/nfl/500/scoreboard/chi.png","0-0","0-0",,,"""2024-10-27T20:25:00.000Z""","post","18","15",,,,,,,,,,,
"db548450-5be7-491f-ad32-053b014b5a57","401671808","3","2024","NYJ","NE","https://a.espncdn.com/i/teamlogos/nfl/500/scoreboard/nyj.png","https://a.espncdn.com/i/teamlogos/nfl/500/scoreboard/ne.png","0-0","0-0",,,"""2024-09-20T00:15:00.000Z""","post","24","3",,,,,,,,,,,
"dc2c288e-210c-48b1-9f72-71fcc71c9c00","401772730","2","2025","ARI","CAR","https://a.espncdn.com/i/teamlogos/nfl/500/scoreboard/ari.png","https://a.espncdn.com/i/teamlogos/nfl/500/scoreboard/car.png","2-0","0-2",,,"""2025-09-14T20:05:00.000Z""","post","27","22",,,,,,,,,,,
"dc49f1ed-b904-4ec1-9a10-7544e540a3e1","401772783","12","2025","ARI","JAX","https://a.espncdn.com/i/teamlogos/nfl/500/scoreboard/ari.png","https://a.espncdn.com/i/teamlogos/nfl/500/scoreboard/jax.png","3-8","7-4",,,"""2025-11-23T21:05:00.000Z""","post","24","27",,,,,,,"5","0:00","STATUS_FINAL","52.8","46.8"
"dc7e723a-31a9-4bec-90f7-ac659df5d421","401671837","18","2024","IND","JAX","https://a.espncdn.com/i/teamlogos/nfl/500/scoreboard/ind.png","https://a.espncdn.com/i/teamlogos/nfl/500/scoreboard/jax.png","0-0","0-0",,,"""2025-01-05T18:00:00.000Z""","post","26","23",,,,,,,,,,,
"dd09179e-f320-4b94-86e9-62345a287af4","401671770","1","2024","TB","WSH","https://a.espncdn.com/i/teamlogos/nfl/500/scoreboard/tb.png","https://a.espncdn.com/i/teamlogos/nfl/500/scoreboard/wsh.png","0-0","0-0",,,"""2024-09-08T20:25:00.000Z""","post","37","20",,,,,,,,,,,
"dd397b62-ab95-43f5-8ae9-6d2e8d0ad988","401772907","15","2025","SF","TEN","https://a.espncdn.com/i/teamlogos/nfl/500/scoreboard/sf.png","https://a.espncdn.com/i/teamlogos/nfl/500/scoreboard/ten.png","10-4","2-12",,,"""2025-12-14T21:25:00.000Z""","post","37","24",,,"82.9",,,"17.0","4","0:00","STATUS_FINAL","82.9","17.0"
"dd7fd87e-bfc9-4a18-8c64-adb4886065c2","401772793","14","2025","JAX","IND","https://a.espncdn.com/i/teamlogos/nfl/500/scoreboard/jax.png","https://a.espncdn.com/i/teamlogos/nfl/500/scoreboard/ind.png","9-4","8-5",,,"""2025-12-07T18:00:00.000Z""","post","36","19",,,"43.0",,,"56.6","4","0:00","STATUS_FINAL","43.0","56.6"
"dd9a201c-fdc7-42b6-a804-da710d30b4fb","401772960","18","2025","PIT","BAL","https://a.espncdn.com/i/teamlogos/nfl/500/scoreboard/pit.png","https://a.espncdn.com/i/teamlogos/nfl/500/scoreboard/bal.png","9-7","8-8","3.5","BAL","""2026-01-05T01:20:00.000Z""","post","26","24","23.2","22.7","42.2","25.0","23.3","57.4","4","0:00","STATUS_FINAL","42.2","57.4"
"ddd83e1b-c673-40ca-9a77-805924da8298","401671675","11","2024","LAC","CIN","https://a.espncdn.com/i/teamlogos/nfl/500/scoreboard/lac.png","https://a.espncdn.com/i/teamlogos/nfl/500/scoreboard/cin.png","0-0","0-0",,,"""2024-11-18T01:20:00.000Z""","post","34","27",,,,,,,,,,,
"de5ee3e1-72b5-4ea9-a565-65202b8d8058","401671825","15","2024","TEN","CIN","https://a.espncdn.com/i/teamlogos/nfl/500/scoreboard/ten.png","https://a.espncdn.com/i/teamlogos/nfl/500/scoreboard/cin.png","0-0","0-0",,,"""2024-12-15T18:00:00.000Z""","post","27","37",,,,,,,,,,,
"dec545cd-bc5b-4db2-999b-57e75045cb1d","401772906","15","2025","PHI","LV","https://a.espncdn.com/i/teamlogos/nfl/500/scoreboard/phi.png","https://a.espncdn.com/i/teamlogos/nfl/500/scoreboard/lv.png","9-5","2-12",,,"""2025-12-14T18:00:00.000Z""","post","31","0",,,"76.7",,,"23.1","4","0:00","STATUS_FINAL","76.7","23.1"
"df85bff7-a3fc-4b45-ae9a-cc333f0726c7","401671676","10","2024","DAL","PHI","https://a.espncdn.com/i/teamlogos/nfl/500/scoreboard/dal.png","https://a.espncdn.com/i/teamlogos/nfl/500/scoreboard/phi.png","0-0","0-0",,,"""2024-11-10T21:25:00.000Z""","post","6","34",,,,,,,,,,,
"e02b68db-5a99-4efa-b993-8ef03a0bae22","401772902","14","2025","BUF","CIN","https://a.espncdn.com/i/teamlogos/nfl/500/scoreboard/buf.png","https://a.espncdn.com/i/teamlogos/nfl/500/scoreboard/cin.png","9-4","4-9",,,"""2025-12-07T21:25:00.000Z""","post","39","34",,,"61.5",,,"38.2","4","0:00","STATUS_FINAL","61.5","38.2"
"e0b6f754-205c-4d3a-ae7a-e09aa6090b83","401671838","18","2024","DEN","KC","https://a.espncdn.com/i/teamlogos/nfl/500/scoreboard/den.png","https://a.espncdn.com/i/teamlogos/nfl/500/scoreboard/kc.png","0-0","0-0",,,"""2025-01-05T21:25:00.000Z""","post","38","0",,,,,,,,,,,
"e0e04637-9693-42aa-a826-ec4a7571ed70","401772838","3","2025","CAR","ATL","https://a.espncdn.com/i/teamlogos/nfl/500/scoreboard/car.png","https://a.espncdn.com/i/teamlogos/nfl/500/scoreboard/atl.png","1-2","1-2",,,"""2025-09-21T17:00:00.000Z""","post","30","0",,,,,,,,,,,
"e0ffe831-208d-4ad1-a879-1bcf66083fa4","401671868","16","2024","CHI","DET","https://a.espncdn.com/i/teamlogos/nfl/500/scoreboard/chi.png","https://a.espncdn.com/i/teamlogos/nfl/500/scoreboard/det.png","0-0","0-0",,,"""2024-12-22T18:00:00.000Z""","post","17","34",,,,,,,,,,,
"e3482d66-4562-4ff3-b48d-5845fb84f5c7","401772953","17","2025","GB","BAL","https://a.espncdn.com/i/teamlogos/nfl/500/scoreboard/gb.png","https://a.espncdn.com/i/teamlogos/nfl/500/scoreboard/bal.png","9-6-1","8-8","-2.5","GB","""2025-12-28T01:00:00.000Z""","post","24","41",,,"49.4",,,"50.2","4","0:00","STATUS_FINAL","50.2","49.4"
"e37673f8-4ca5-4823-af52-83bfff38261c","401772804","16","2025","BAL","NE","https://a.espncdn.com/i/teamlogos/nfl/500/scoreboard/bal.png","https://a.espncdn.com/i/teamlogos/nfl/500/scoreboard/ne.png","7-8","12-3","-2.5","BAL","""2025-12-22T01:20:00.000Z""","post","24","28",,,"60.2",,,"39.4","4","0:00","STATUS_FINAL","39.4","60.2"
"e38f39c9-74fc-4bba-adcf-2dd6a5f372f7","401671707","8","2024","JAX","GB","https://a.espncdn.com/i/teamlogos/nfl/500/scoreboard/jax.png","https://a.espncdn.com/i/teamlogos/nfl/500/scoreboard/gb.png","0-0","0-0",,,"""2024-10-27T17:00:00.000Z""","post","27","30",,,,,,,,,,,
"e3e81fc0-9ab0-418b-9f9a-22520911e6d6","401671656","12","2024","LV","DEN","https://a.espncdn.com/i/teamlogos/nfl/500/scoreboard/lv.png","https://a.espncdn.com/i/teamlogos/nfl/500/scoreboard/den.png","0-0","0-0",,,"""2024-11-24T21:05:00.000Z""","post","19","29",,,,,,,,,,,
"e3f2b78c-0ed1-4b01-8d04-1fdaa573edcb","401671489","15","2024","MIN","CHI","https://a.espncdn.com/i/teamlogos/nfl/500/scoreboard/min.png","https://a.espncdn.com/i/teamlogos/nfl/500/scoreboard/chi.png","0-0","0-0",,,"""2024-12-17T01:00:00.000Z""","post","30","12",,,,,,,,,,,
"e5f5592c-6f29-4f54-91fd-f482091aa68d","401772757","7","2025","DEN","NYG","https://a.espncdn.com/i/teamlogos/nfl/500/scoreboard/den.png","https://a.espncdn.com/i/teamlogos/nfl/500/scoreboard/nyg.png","5-2","2-5",,,"""2025-10-19T20:05:00.000Z""","post","33","32",,,,,,,"4","0:00","STATUS_FINAL",,
"e6808aab-7a72-4e45-a298-5ae94f361977","401772727","2","2025","NYJ","BUF","https://a.espncdn.com/i/teamlogos/nfl/500/scoreboard/nyj.png","https://a.espncdn.com/i/teamlogos/nfl/500/scoreboard/buf.png","0-2","2-0",,,"""2025-09-14T17:00:00.000Z""","post","10","30",,,,,,,,,,,
"e6ae54d2-94e5-4fac-a832-ae1eee9da073","401772913","16","2025","DEN","JAX","https://a.espncdn.com/i/teamlogos/nfl/500/scoreboard/den.png","https://a.espncdn.com/i/teamlogos/nfl/500/scoreboard/jax.png","12-3","11-4","-3.0","DEN","""2025-12-21T21:05:00.000Z""","post","20","34",,,"57.8",,,"41.9","4","0:00","STATUS_FINAL","41.9","57.8"
"e816fba3-9d10-47db-8ecb-46631a5d2e0a","401772968","18","2025","MIN","GB","https://a.espncdn.com/i/teamlogos/nfl/500/scoreboard/min.png","https://a.espncdn.com/i/teamlogos/nfl/500/scoreboard/gb.png","8-8","9-6-1","-6.5","MIN","""2026-01-04T18:00:00.000Z""","post","16","3","20.5","20.6","24.6","24.3","21.5","75.2","4","0:00","STATUS_FINAL","24.6","75.2"
"e8750e7d-a111-4664-ac63-cef8be87ed60","401772767","9","2025","NYG","SF","https://a.espncdn.com/i/teamlogos/nfl/500/scoreboard/nyg.png","https://a.espncdn.com/i/teamlogos/nfl/500/scoreboard/sf.png","2-7","6-3",,,"""2025-11-02T18:00:00.000Z""","post","24","34",,,,,,,"4","0:00","STATUS_FINAL","43.5","56.2"
"e88b2ca6-11c8-41b4-bc76-5afddb04464d","401671861","1","2024","IND","HOU","https://a.espncdn.com/i/teamlogos/nfl/500/scoreboard/ind.png","https://a.espncdn.com/i/teamlogos/nfl/500/scoreboard/hou.png","0-0","0-0",,,"""2024-09-08T17:00:00.000Z""","post","27","29",,,,,,,,,,,
"e8c441ce-b782-4ecb-aca5-4e44c45c9712","401772510","1","2025","PHI","DAL","https://a.espncdn.com/i/teamlogos/nfl/500/scoreboard/phi.png","https://a.espncdn.com/i/teamlogos/nfl/500/scoreboard/dal.png","1-0","0-1",,,"""2025-09-05T00:20:00.000Z""","post","24","20",,,,,,,,,,,
"e9be9eb2-a692-4a1b-909f-890ac195f92e","401772969","18","2025","TB","CAR","https://a.espncdn.com/i/teamlogos/nfl/500/scoreboard/tb.png","https://a.espncdn.com/i/teamlogos/nfl/500/scoreboard/car.png","7-9","8-8","-3.0","TB","""2026-01-03T21:30:00.000Z""","post","16","14","22.8","24.8","61.7","18.6","22.8","38.0","4","0:00","STATUS_FINAL","61.7","38.0"
"e9e4e4dc-4580-4a6d-9569-fe1800928f9e","401772860","7","2025","NYJ","CAR","https://a.espncdn.com/i/teamlogos/nfl/500/scoreboard/nyj.png","https://a.espncdn.com/i/teamlogos/nfl/500/scoreboard/car.png","0-7","4-3",,,"""2025-10-19T17:00:00.000Z""","post","6","13",,,,,,,"4","0:00","STATUS_FINAL",,
"ea4ee477-02b5-4856-b1b9-87bc0662769b","401772904","15","2025","CHI","CLE","https://a.espncdn.com/i/teamlogos/nfl/500/scoreboard/chi.png","https://a.espncdn.com/i/teamlogos/nfl/500/scoreboard/cle.png","10-4","3-11",,,"""2025-12-14T18:00:00.000Z""","post","31","3",,,"72.4",,,"27.4","4","0:00","STATUS_FINAL","72.4","27.4"
"ea8b314f-093b-45eb-82db-34f0e6d3e2f2","401671727","4","2024","ATL","NO","https://a.espncdn.com/i/teamlogos/nfl/500/scoreboard/atl.png","https://a.espncdn.com/i/teamlogos/nfl/500/scoreboard/no.png","0-0","0-0",,,"""2024-09-29T17:00:00.000Z""","post","26","24",,,,,,,,,,,
"eaa54e98-8531-4f6e-9ed6-456ad2db62fc","401671734","1","2024","NO","CAR","https://a.espncdn.com/i/teamlogos/nfl/500/scoreboard/no.png","https://a.espncdn.com/i/teamlogos/nfl/500/scoreboard/car.png","0-0","0-0",,,"""2024-09-08T17:00:00.000Z""","post","47","10",,,,,,,,,,,
"eafbd905-d9b4-48e1-836e-0249a2aea4de","401671694","11","2024","DAL","HOU","https://a.espncdn.com/i/teamlogos/nfl/500/scoreboard/dal.png","https://a.espncdn.com/i/teamlogos/nfl/500/scoreboard/hou.png","0-0","0-0",,,"""2024-11-19T01:15:00.000Z""","post","10","34",,,,,,,,,,,
"eb779388-a5fa-404b-9d24-4a1a3e07af32","401671618","8","2024","NE","NYJ","https://a.espncdn.com/i/teamlogos/nfl/500/scoreboard/ne.png","https://a.espncdn.com/i/teamlogos/nfl/500/scoreboard/nyj.png","0-0","0-0",,,"""2024-10-27T17:00:00.000Z""","post","25","22",,,,,,,,,,,
"ec179f76-565a-48fd-b306-2df56b468dfb","401671712","1","2024","NYG","MIN","https://a.espncdn.com/i/teamlogos/nfl/500/scoreboard/nyg.png","https://a.espncdn.com/i/teamlogos/nfl/500/scoreboard/min.png","0-0","0-0",,,"""2024-09-08T17:00:00.000Z""","post","6","28",,,,,,,,,,,
"ec48d4f9-2a97-44e9-99dd-600dcba4b05e","401772881","11","2025","TEN","HOU","https://a.espncdn.com/i/teamlogos/nfl/500/scoreboard/ten.png","https://a.espncdn.com/i/teamlogos/nfl/500/scoreboard/hou.png","1-9","5-5",,,"""2025-11-16T18:00:00.000Z""","post","13","16",,,,,,,"4","0:00","STATUS_FINAL","67.8","31.9"
"ec5cb2da-d52f-4231-941c-e52e7b91929d","401671797","9","2024","PHI","JAX","https://a.espncdn.com/i/teamlogos/nfl/500/scoreboard/phi.png","https://a.espncdn.com/i/teamlogos/nfl/500/scoreboard/jax.png","0-0","0-0",,,"""2024-11-03T21:05:00.000Z""","post","28","23",,,,,,,,,,,
"ec5d9daf-d323-49aa-83e4-88d0982c888a","401671713","14","2024","PHI","CAR","https://a.espncdn.com/i/teamlogos/nfl/500/scoreboard/phi.png","https://a.espncdn.com/i/teamlogos/nfl/500/scoreboard/car.png","0-0","0-0",,,"""2024-12-08T18:00:00.000Z""","post","22","16",,,,,,,,,,,
"ec769579-9a74-4461-b960-aee83d8863b8","401671666","13","2024","BAL","PHI","https://a.espncdn.com/i/teamlogos/nfl/500/scoreboard/bal.png","https://a.espncdn.com/i/teamlogos/nfl/500/scoreboard/phi.png","0-0","0-0",,,"""2024-12-01T21:25:00.000Z""","post","19","24",,,,,,,,,,,
"ecf49c5b-647b-459a-baee-4541757243e8","401772967","18","2025","BUF","NYJ","https://a.espncdn.com/i/teamlogos/nfl/500/scoreboard/buf.png","https://a.espncdn.com/i/teamlogos/nfl/500/scoreboard/nyj.png","11-5","3-13","-8.5","BUF","""2026-01-04T21:25:00.000Z""","post","35","8","27.9","22.3","90.0","18.3","29.3","10.0","4","0:00","STATUS_FINAL","90.0","10.0"
"ecfc4982-5331-4712-826e-28d59a35fb6c","401772889","12","2025","NO","ATL","https://a.espncdn.com/i/teamlogos/nfl/500/scoreboard/no.png","https://a.espncdn.com/i/teamlogos/nfl/500/scoreboard/atl.png","2-9","4-7",,,"""2025-11-23T21:25:00.000Z""","post","10","24",,,,,,,"4","0:00","STATUS_FINAL","54.3","45.4"
"ee25e879-56ef-46ff-8c61-61b85ef32fa6","401671708","10","2024","JAX","MIN","https://a.espncdn.com/i/teamlogos/nfl/500/scoreboard/jax.png","https://a.espncdn.com/i/teamlogos/nfl/500/scoreboard/min.png","0-0","0-0",,,"""2024-11-10T18:00:00.000Z""","post","7","12",,,,,,,,,,,
"ee352f02-7de9-485f-8b2e-2f5ee2477819","401671748","11","2024","DEN","ATL","https://a.espncdn.com/i/teamlogos/nfl/500/scoreboard/den.png","https://a.espncdn.com/i/teamlogos/nfl/500/scoreboard/atl.png","0-0","0-0",,,"""2024-11-17T21:05:00.000Z""","post","38","6",,,,,,,,,,,
"ef29b710-1fd0-47b9-be7c-398271a6c72b","401671667","8","2024","CIN","PHI","https://a.espncdn.com/i/teamlogos/nfl/500/scoreboard/cin.png","https://a.espncdn.com/i/teamlogos/nfl/500/scoreboard/phi.png","0-0","0-0",,,"""2024-10-27T17:00:00.000Z""","post","17","37",,,,,,,,,,,
"ef8bdbdc-f73a-4dca-8dd0-b49a7896dc81","401671855","3","2024","CLE","NYG","https://a.espncdn.com/i/teamlogos/nfl/500/scoreboard/cle.png","https://a.espncdn.com/i/teamlogos/nfl/500/scoreboard/nyg.png","0-0","0-0",,,"""2024-09-22T17:00:00.000Z""","post","15","21",,,,,,,,,,,
"ef93fbc8-a3e3-4e75-a389-c69f22b91623","401671854","15","2024","CLE","KC","https://a.espncdn.com/i/teamlogos/nfl/500/scoreboard/cle.png","https://a.espncdn.com/i/teamlogos/nfl/500/scoreboard/kc.png","0-0","0-0",,,"""2024-12-15T18:00:00.000Z""","post","7","21",,,,,,,,,,,
"f14c10ac-3107-4740-84b8-384fe48081f4","401671664","1","2024","SEA","DEN","https://a.espncdn.com/i/teamlogos/nfl/500/scoreboard/sea.png","https://a.espncdn.com/i/teamlogos/nfl/500/scoreboard/den.png","0-0","0-0",,,"""2024-09-08T20:05:00.000Z""","post","26","20",,,,,,,,,,,
"f27424c5-879c-48b1-bfd9-92133a620c63","401772717","6","2025","WSH","CHI","https://a.espncdn.com/i/teamlogos/nfl/500/scoreboard/wsh.png","https://a.espncdn.com/i/teamlogos/nfl/500/scoreboard/chi.png","3-3","3-2","-4.5","WSH","""2025-10-14T00:15:00.000Z""","post","24","25",,,,,,,"4","0:00","STATUS_FINAL",,
"f27962d0-b427-495b-84d9-73045c14ae0b","401671754","2","2024","ARI","LAR","https://a.espncdn.com/i/teamlogos/nfl/500/scoreboard/ari.png","https://a.espncdn.com/i/teamlogos/nfl/500/scoreboard/lar.png","0-0","0-0",,,"""2024-09-15T20:05:00.000Z""","post","41","10",,,,,,,,,,,
"f3512549-d3b4-439a-8f87-00f6035c0847","401671843","18","2024","DET","MIN","https://a.espncdn.com/i/teamlogos/nfl/500/scoreboard/det.png","https://a.espncdn.com/i/teamlogos/nfl/500/scoreboard/min.png","0-0","0-0",,,"""2025-01-06T01:20:00.000Z""","post","31","9",,,,,,,,,,,
"f36c055f-4d4f-4845-9c32-8fd81f510cc0","401772964","18","2025","CIN","CLE","https://a.espncdn.com/i/teamlogos/nfl/500/scoreboard/cin.png","https://a.espncdn.com/i/teamlogos/nfl/500/scoreboard/cle.png","6-10","4-12","-7.0","CIN","""2026-01-04T18:00:00.000Z""","post","18","20","24.8","29.5","79.8","16.2","22.6","20.1","4","0:00","STATUS_FINAL","20.1","79.8"
"f564e64a-d54d-4eb4-873f-0f98fb0568fd","401671650","9","2024","CAR","NO","https://a.espncdn.com/i/teamlogos/nfl/500/scoreboard/car.png","https://a.espncdn.com/i/teamlogos/nfl/500/scoreboard/no.png","0-0","0-0",,,"""2024-11-03T18:00:00.000Z""","post","23","22",,,,,,,,,,,
"f56dc354-b5fa-4954-bd9c-f9ff69e32f22","401671858","12","2024","HOU","TEN","https://a.espncdn.com/i/teamlogos/nfl/500/scoreboard/hou.png","https://a.espncdn.com/i/teamlogos/nfl/500/scoreboard/ten.png","0-0","0-0",,,"""2024-11-24T18:00:00.000Z""","post","27","32",,,,,,,,,,,
"f5c37341-4b93-45c8-b5ef-bfd19af0fab5","401772759","8","2025","BAL","CHI","https://a.espncdn.com/i/teamlogos/nfl/500/scoreboard/bal.png","https://a.espncdn.com/i/teamlogos/nfl/500/scoreboard/chi.png","2-5","4-3",,,"""2025-10-26T17:00:00.000Z""","post","30","16",,,,,,,"4","0:00","STATUS_FINAL","64.0","35.7"
"f636c358-02b9-48ca-8c23-3887151fe893","401671862","16","2024","IND","TEN","https://a.espncdn.com/i/teamlogos/nfl/500/scoreboard/ind.png","https://a.espncdn.com/i/teamlogos/nfl/500/scoreboard/ten.png","0-0","0-0",,,"""2024-12-22T18:00:00.000Z""","post","38","30",,,,,,,,,,,
"f674cdc8-d2b1-4245-bef2-80b83f704fe7","401772918","1","2025","BUF","BAL","https://a.espncdn.com/i/teamlogos/nfl/500/scoreboard/buf.png","https://a.espncdn.com/i/teamlogos/nfl/500/scoreboard/bal.png","1-0","0-1",,,"""2025-09-08T00:20:00.000Z""","post","41","40",,,,,,,,,,,
"f6fab087-2f9f-4790-bc3f-3ce30915e78f","401772753","7","2025","KC","LV","https://a.espncdn.com/i/teamlogos/nfl/500/scoreboard/kc.png","https://a.espncdn.com/i/teamlogos/nfl/500/scoreboard/lv.png","4-3","2-5",,,"""2025-10-19T17:00:00.000Z""","post","31","0",,,,,,,"4","0:00","STATUS_FINAL",,
"f7c4aba5-d223-4806-8d21-37094c582460","401671815","5","2024","ATL","TB","https://a.espncdn.com/i/teamlogos/nfl/500/scoreboard/atl.png","https://a.espncdn.com/i/teamlogos/nfl/500/scoreboard/tb.png","0-0","0-0",,,"""2024-10-04T00:15:00.000Z""","post","36","30",,,,,,,,,,,
"f9123c66-7711-44d1-a4a0-4f9e5981df11","401671663","7","2024","LAR","LV","https://a.espncdn.com/i/teamlogos/nfl/500/scoreboard/lar.png","https://a.espncdn.com/i/teamlogos/nfl/500/scoreboard/lv.png","0-0","0-0",,,"""2024-10-20T20:05:00.000Z""","post","20","15",,,,,,,,,,,
"f985f40d-4659-47fc-9e6e-72dee48d15bb","401671744","1","2024","ATL","PIT","https://a.espncdn.com/i/teamlogos/nfl/500/scoreboard/atl.png","https://a.espncdn.com/i/teamlogos/nfl/500/scoreboard/pit.png","0-0","0-0",,,"""2024-09-08T17:00:00.000Z""","post","10","18",,,,,,,,,,,
"f9db481e-1387-44b2-9403-68c802f2baa8","401671863","10","2024","IND","BUF","https://a.espncdn.com/i/teamlogos/nfl/500/scoreboard/ind.png","https://a.espncdn.com/i/teamlogos/nfl/500/scoreboard/buf.png","0-0","0-0",,,"""2024-11-10T18:00:00.000Z""","post","20","30",,,,,,,,,,,
"f9dbf52a-051d-47d2-bbc3-f94467e78464","401772847","4","2025","NE","CAR","https://a.espncdn.com/i/teamlogos/nfl/500/scoreboard/ne.png","https://a.espncdn.com/i/teamlogos/nfl/500/scoreboard/car.png","2-2","1-3",,,"""2025-09-28T17:00:00.000Z""","post","42","13",,,,,,,,,,,
"f9e49890-cbaa-403f-861b-2ec9cf3c194f","401772892","13","2025","MIA","NO","https://a.espncdn.com/i/teamlogos/nfl/500/scoreboard/mia.png","https://a.espncdn.com/i/teamlogos/nfl/500/scoreboard/no.png","5-7","2-10",,,"""2025-11-30T18:00:00.000Z""","post","21","17",,,"65.5",,,"34.3","4","0:00","STATUS_FINAL","65.5","34.3"
"fa172143-262c-4723-984d-4d429e6c3e7c","401671695","7","2024","TB","BAL","https://a.espncdn.com/i/teamlogos/nfl/500/scoreboard/tb.png","https://a.espncdn.com/i/teamlogos/nfl/500/scoreboard/bal.png","0-0","0-0",,,"""2024-10-22T00:15:00.000Z""","post","31","41",,,,,,,,,,,
"fa46e6f8-ee8f-41e8-9965-df2bb53c0409","401671660","14","2024","ARI","SEA","https://a.espncdn.com/i/teamlogos/nfl/500/scoreboard/ari.png","https://a.espncdn.com/i/teamlogos/nfl/500/scoreboard/sea.png","0-0","0-0",,,"""2024-12-08T21:05:00.000Z""","post","18","30",,,,,,,,,,,
"fb0bc69a-83ef-483f-a568-d6aa45758a4c","401772908","15","2025","NO","CAR","https://a.espncdn.com/i/teamlogos/nfl/500/scoreboard/no.png","https://a.espncdn.com/i/teamlogos/nfl/500/scoreboard/car.png","4-10","7-7",,,"""2025-12-14T21:25:00.000Z""","post","20","17",,,"46.5",,,"53.1","4","0:00","STATUS_FINAL","46.5","53.1"
"fc97303d-62cd-4a93-b698-210297cd3ec1","401772714","1","2025","LAC","KC","https://a.espncdn.com/i/teamlogos/nfl/500/scoreboard/lac.png","https://a.espncdn.com/i/teamlogos/nfl/500/scoreboard/kc.png","1-0","0-1",,,"""2025-09-06T00:00:00.000Z""","post","27","21",,,,,,,,,,,
"fca266c3-8458-4a37-aac3-9026491e158b","401772791","14","2025","BAL","PIT","https://a.espncdn.com/i/teamlogos/nfl/500/scoreboard/bal.png","https://a.espncdn.com/i/teamlogos/nfl/500/scoreboard/pit.png","6-7","7-6",,,"""2025-12-07T18:00:00.000Z""","post","22","27",,,"64.5",,,"35.3","4","0:00","STATUS_FINAL","35.3","64.5"
"fcd8c593-6923-4d49-841f-6fd9f7165820","401671764","6","2024","DAL","DET","https://a.espncdn.com/i/teamlogos/nfl/500/scoreboard/dal.png","https://a.espncdn.com/i/teamlogos/nfl/500/scoreboard/det.png","0-0","0-0",,,"""2024-10-13T20:25:00.000Z""","post","9","47",,,,,,,,,,,
"fd290696-4092-469f-8121-5c58813cabc7","401671737","15","2024","NO","WSH","https://a.espncdn.com/i/teamlogos/nfl/500/scoreboard/no.png","https://a.espncdn.com/i/teamlogos/nfl/500/scoreboard/wsh.png","0-0","0-0",,,"""2024-12-15T18:00:00.000Z""","post","19","20",,,,,,,,,,,
"fda6adfe-f6c2-45bd-89c9-a2bba460cce1","401772943","9","2025","MIA","BAL","https://a.espncdn.com/i/teamlogos/nfl/500/scoreboard/mia.png","https://a.espncdn.com/i/teamlogos/nfl/500/scoreboard/bal.png","2-7","3-5",,,"""2025-10-31T00:15:00.000Z""","post","6","28",,,,,,,"4","0:00","STATUS_FINAL","62.9","36.9"
"fddc7e6f-4250-474c-974c-2f3238e0b6a1","401671719","1","2024","CHI","TEN","https://a.espncdn.com/i/teamlogos/nfl/500/scoreboard/chi.png","https://a.espncdn.com/i/teamlogos/nfl/500/scoreboard/ten.png","0-0","0-0",,,"""2024-09-08T17:00:00.000Z""","post","24","17",,,,,,,,,,,
"ff591f4a-6cda-45e7-a8aa-7673002b81ff","401671824","11","2024","TEN","MIN","https://a.espncdn.com/i/teamlogos/nfl/500/scoreboard/ten.png","https://a.espncdn.com/i/teamlogos/nfl/500/scoreboard/min.png","0-0","0-0",,,"""2024-11-17T18:00:00.000Z""","post","13","23",,,,,,,,,,,
"ff74829e-0197-476d-a27f-7c3df0946120","401772763","9","2025","NE","ATL","https://a.espncdn.com/i/teamlogos/nfl/500/scoreboard/ne.png","https://a.espncdn.com/i/teamlogos/nfl/500/scoreboard/atl.png","7-2","3-5",,,"""2025-11-02T18:00:00.000Z""","post","24","23",,,,,,,"4","0:00","STATUS_FINAL","63.5","36.2"
"ffa49879-774b-46f4-a6f1-b3c5c08950e3","401772769","10","2025","NYJ","CLE","https://a.espncdn.com/i/teamlogos/nfl/500/scoreboard/nyj.png","https://a.espncdn.com/i/teamlogos/nfl/500/scoreboard/cle.png","2-7","2-7",,,"""2025-11-09T18:00:00.000Z""","post","27","20",,,,,,,"4","0:00","STATUS_FINAL","64.9","34.8"