"id","user_id","game_id","pick","is_correct","created_at"
"001f3b87-ae67-4df1-9459-83e4997d7a04","KNCanobU7uVRwHBloZcTX4hohOD2","3acf4b39-ba12-4d6d-83a6-8845117be627","home","false","""2025-10-11T15:11:33.438Z"""
"002b0a58-6b96-4d3b-8358-de9b77c970e9","KNCanobU7uVRwHBloZcTX4hohOD2","7192c43d-86ac-41f4-a295-4f8c93d9c895","home","true","""2025-10-11T15:08:25.434Z"""
"003368c8-69ee-401b-a159-5abe5a014ece","HHUFVmkNFOVQRY811qCFh46cuM63","cfabb977-38c9-46be-ac17-8b760d0000d1","home","true","""2025-12-10T01:12:52.098Z"""
"0034c7c5-7949-41b7-bcfc-4d2471975b2d","MrwsvsZKPwTJ4SwYnAKtyPEAsrq2","9cdf4e41-36ae-4354-903e-0f09c651d6f5","home","false","""2025-12-03T23:38:09.326Z"""
"00658f85-a031-451d-84e6-fb928448fb11","HHUFVmkNFOVQRY811qCFh46cuM63","f6fab087-2f9f-4790-bc3f-3ce30915e78f","home","true","""2025-10-15T14:35:47.122Z"""
"00832717-32cb-45ec-ab23-4f09afa3094b","BQMdo8NUOgY8n0QxdUophLPMewp2","276805f8-a20e-4293-be82-942d6476caf2","home","true","""2025-11-20T02:12:53.521Z"""
"009a5214-ef87-4bdf-975d-900bd6c19ed5","5Sg3H3XuN7cEb8TLhyA8p8j3hg12","e6808aab-7a72-4e45-a298-5ae94f361977","away","true","""2025-10-13T05:27:54.959Z"""
"00b5b3c4-f0ee-4ffe-91f0-677b3feda3ce","KNCanobU7uVRwHBloZcTX4hohOD2","e37673f8-4ca5-4823-af52-83bfff38261c","away","true","""2025-12-16T16:11:50.219Z"""
"00ed98fa-765d-4b23-8bc4-5e039aa488a8","5Sg3H3XuN7cEb8TLhyA8p8j3hg12","af6dbb8b-7945-4286-a7ae-7e86a9a49260","home","false","""2025-10-13T05:27:54.977Z"""
"00f2ed22-99da-46a0-8e33-fc9b0db268ef","uTosuZBxPucsOAnCnHmdA3pzBlb2","d651c81f-0354-4c35-89a3-a09c9278c406","away","true","""2025-11-04T20:38:13.596Z"""
"0100a04e-d194-4505-bb61-7a894474f4f8","KNCanobU7uVRwHBloZcTX4hohOD2","950d355e-96df-42af-b0a5-7853986b80f6","home","false","""2025-10-28T15:54:57.295Z"""
"015389e5-0105-46fe-b8c4-afb53d475efa","HHUFVmkNFOVQRY811qCFh46cuM63","345b6627-774b-4aba-b950-3136abdfe906","home","true","""2025-10-11T04:39:09.427Z"""
"01a30f2c-027a-4bf3-bd65-790a4559ff74","BQMdo8NUOgY8n0QxdUophLPMewp2","4123a030-1fbb-4711-bf11-e7346eb89a3a","away","true","""2025-10-11T14:49:26.834Z"""
"01b7c715-e614-4395-9db2-35218f63161e","uTosuZBxPucsOAnCnHmdA3pzBlb2","03c2cbaa-5b38-48e4-8c8d-3cd882fe4a52","away","true","""2025-12-02T21:16:51.926Z"""
"01c702a9-8cd5-448d-a10c-7c47f2d82e80","5Sg3H3XuN7cEb8TLhyA8p8j3hg12","32207c4d-7e2d-4c98-b5b3-96ca4d5dec98","away","false","""2025-11-27T02:35:10.931Z"""
"01d2898e-6116-4d4b-8dc5-beec40e0fc23","uTosuZBxPucsOAnCnHmdA3pzBlb2","f9dbf52a-051d-47d2-bbc3-f94467e78464","away","false","""2025-10-11T16:08:42.312Z"""
"02102edb-a993-480f-abf2-cf858f37d4f5","fr8mqCiecfbf9coDGLRV2l3U4Ex1","2090fc33-4cd3-45a5-afb4-72ea85a2fac1","away","false","""2025-10-13T05:51:00.786Z"""
"021b2072-ce42-4298-be55-2c3c80920eba","MrwsvsZKPwTJ4SwYnAKtyPEAsrq2","dad9a672-eb43-46ec-8ae2-3002a5e40677","away","false","""2025-12-11T02:27:27.336Z"""
"0222c949-188f-4de5-ac21-cfe74c44020e","fr8mqCiecfbf9coDGLRV2l3U4Ex1","a112a186-d4c0-42bd-a2e1-52f89a1d9141","away","true","""2025-10-15T23:46:56.067Z"""
"024aa9bc-9451-4bac-a199-5dc748738059","5Sg3H3XuN7cEb8TLhyA8p8j3hg12","4237591e-c15d-400f-a741-c2881e51db6c","away","true","""2025-10-13T05:23:59.205Z"""
"028a0c2f-62b6-4d26-9695-3ce66cc8e7b4","uTosuZBxPucsOAnCnHmdA3pzBlb2","acc50154-acf6-497e-bd33-a0e21dc297d2","away","true","""2025-10-11T16:07:45.714Z"""
"02cba876-4c90-4f41-b8a2-831266df9dc3","fr8mqCiecfbf9coDGLRV2l3U4Ex1","dd397b62-ab95-43f5-8ae9-6d2e8d0ad988","home","true","""2025-12-09T18:54:43.446Z"""
"02d0342e-cacc-4566-934e-3493e0080152","5Sg3H3XuN7cEb8TLhyA8p8j3hg12","4401d322-197f-4f49-8768-8e2cf323a836","home","true","""2025-10-13T05:34:49.243Z"""
"02fdc374-03bd-43a0-a47b-9ca1b8e409c7","5Sg3H3XuN7cEb8TLhyA8p8j3hg12","8d4b29c4-5a41-48b2-bf80-492089dc3ebb","away","false","""2025-12-24T18:04:28.623Z"""
"031109e8-8792-4852-9a38-f0f61dc6852a","uTosuZBxPucsOAnCnHmdA3pzBlb2","e8750e7d-a111-4664-ac63-cef8be87ed60","away","true","""2025-10-28T15:10:00.365Z"""
"0330dec9-edce-4763-8c87-0000a95be7d1","HHUFVmkNFOVQRY811qCFh46cuM63","d87ea987-47bb-4fb4-aaf3-04d87be2df6d","home","true","""2025-12-17T15:41:35.301Z"""
"03415e31-1e25-493b-9519-a8b634df2aff","fr8mqCiecfbf9coDGLRV2l3U4Ex1","8935b981-7f63-4806-87c9-aca46ca74c66","home","true","""2025-12-18T03:18:03.410Z"""
"03c05d97-0189-4a05-88de-9b5028803553","MrwsvsZKPwTJ4SwYnAKtyPEAsrq2","901a2cb5-6d93-473f-a85e-08299818412e","home","true","""2026-01-01T04:33:43.154Z"""
"03c0fdae-d04e-418b-a19d-392ce48bbb8c","uTosuZBxPucsOAnCnHmdA3pzBlb2","885a097f-63a2-4d26-8573-ca0f585970f2","home","true","""2025-10-06T23:16:39.342Z"""
"03cfa2b3-c93a-4ef1-99a3-b23267aafe3f","HHUFVmkNFOVQRY811qCFh46cuM63","5079b48e-5419-4607-a529-b5693b1327c2","home","false","""2025-12-10T01:12:52.120Z"""
"0430ccfe-b599-4373-95cc-5e7356c387e2","fr8mqCiecfbf9coDGLRV2l3U4Ex1","188f8022-c384-495f-bbfa-d45f60761b5d","home","false","""2025-12-18T03:18:03.407Z"""
"045a8bd8-93af-4949-a894-3555e728f79e","KNCanobU7uVRwHBloZcTX4hohOD2","522815a0-4205-44ff-b092-19e05729c816","away","false","""2025-10-11T15:09:38.755Z"""
"0479e39c-82cd-41c2-b201-f4b0165be514","5Sg3H3XuN7cEb8TLhyA8p8j3hg12","5079b48e-5419-4607-a529-b5693b1327c2","away","true","""2025-12-09T18:58:20.624Z"""
"0483f5ce-d2d2-482f-a966-f7029bc22c87","MrwsvsZKPwTJ4SwYnAKtyPEAsrq2","af7bfc60-3b99-43a6-a2a3-d1c14ac8c404","away","false","""2025-10-13T16:44:28.383Z"""
"04dbb277-30f9-4e93-8614-8b9b93853cd8","5Sg3H3XuN7cEb8TLhyA8p8j3hg12","ea4ee477-02b5-4856-b1b9-87bc0662769b","home","true","""2025-12-09T18:58:20.536Z"""
"0563171e-f461-4987-93cb-cb3ec44dccba","fr8mqCiecfbf9coDGLRV2l3U4Ex1","6bfceca8-47b4-4e37-98f0-5183061d6da4","home","false","""2025-10-13T05:49:58.081Z"""
"056e075e-489a-4c5c-a36e-ac63e14d690a","BQMdo8NUOgY8n0QxdUophLPMewp2","d3ab96b4-607f-42c7-83e8-f9276484b515","home","false","""2025-10-23T01:28:38.016Z"""
"05a9a506-8b89-42dd-8247-7c8c69ad18d5","BQMdo8NUOgY8n0QxdUophLPMewp2","994d851e-04ce-4155-9fdb-ccd36218aac6","away","true","""2025-12-18T03:34:05.054Z"""
"066a72fd-8f6e-4d40-a8e2-26477a78d476","fr8mqCiecfbf9coDGLRV2l3U4Ex1","0e8fe15d-be4e-4afb-91e7-470e575c0c0e","away","false","""2025-10-13T05:43:03.065Z"""
"0680f190-98ff-4136-a1d8-cbaa8436d881","KNCanobU7uVRwHBloZcTX4hohOD2","4f0c816a-d397-41ba-a8d5-51e1c8b4830c","away","true","""2025-12-16T16:11:50.147Z"""
"06b1eb91-842c-4da2-a893-9fc785eca670","KNCanobU7uVRwHBloZcTX4hohOD2","ccb00408-299b-4110-ae06-4ad1e6aca797","home","true","""2025-11-11T16:23:15.785Z"""
"06e4f497-b679-4d05-8994-8280edece6f5","fr8mqCiecfbf9coDGLRV2l3U4Ex1","32426bff-f56b-479e-b6c6-f599616e8c90","home","true","""2025-11-06T00:57:45.913Z"""
"06f9134c-c8e3-46e5-8969-3b59b0197c4f","fr8mqCiecfbf9coDGLRV2l3U4Ex1","9450763b-6a2d-412f-a2ca-813f3f895037","away","true","""2025-10-22T16:28:53.964Z"""
"06fe9c54-bddc-4972-9440-91fa0f145dff","KNCanobU7uVRwHBloZcTX4hohOD2","85c030e5-5532-48aa-9cf6-89ddb705fd7d","away","true","""2025-12-23T15:48:55.939Z"""
"0752136d-b541-4096-a5c3-b9df6d1004a5","KNCanobU7uVRwHBloZcTX4hohOD2","32207c4d-7e2d-4c98-b5b3-96ca4d5dec98","away","false","""2025-11-25T17:25:25.396Z"""
"076411a0-be19-4a29-a368-22cdb9fb995e","BQMdo8NUOgY8n0QxdUophLPMewp2","d176cfb2-3623-4172-b708-fa83d68a5e6b","away","true","""2025-12-25T03:44:19.706Z"""
"07b61b8d-57bf-4e6a-bb78-0d54d5ba6121","fr8mqCiecfbf9coDGLRV2l3U4Ex1","21be25ec-2be3-4dae-8b56-c58699364ee6","home","true","""2025-12-09T18:54:43.446Z"""
"07cdc51e-3f7f-4e67-bb26-a81307dfa265","5Sg3H3XuN7cEb8TLhyA8p8j3hg12","e6ae54d2-94e5-4fac-a832-ae1eee9da073","home","false","""2025-12-18T03:37:52.129Z"""
"08125c16-4de7-4ba2-813d-19c4bfa12b4f","KNCanobU7uVRwHBloZcTX4hohOD2","6bfceca8-47b4-4e37-98f0-5183061d6da4","home","false","""2025-10-11T15:11:33.436Z"""
"0815027f-34f8-487d-92b1-38e3db2f2c3a","fr8mqCiecfbf9coDGLRV2l3U4Ex1","29fb114a-3404-4532-ac55-9d558ec801df","away","true","""2025-11-25T22:02:09.411Z"""
"0824a8ee-71c8-4791-90f0-214b95771b62","KNCanobU7uVRwHBloZcTX4hohOD2","29fb114a-3404-4532-ac55-9d558ec801df","away","true","""2025-11-25T17:25:25.349Z"""
"0824d8a5-6089-4e5c-a85d-2bf97ad7d6f0","BQMdo8NUOgY8n0QxdUophLPMewp2","f9dbf52a-051d-47d2-bbc3-f94467e78464","home","true","""2025-10-11T14:55:34.616Z"""
"0876ccf6-cb5c-4141-af4f-a46cc196b702","KNCanobU7uVRwHBloZcTX4hohOD2","10c1ffc4-560d-4e34-a5eb-6473b8948b65","home","true","""2025-11-11T16:23:15.726Z"""
"089b4822-f515-4b53-a532-8aa362789c67","HHUFVmkNFOVQRY811qCFh46cuM63","35994b25-507c-4fec-9364-bdc6937e4a74","home","false","""2025-11-12T03:58:38.949Z"""
"08f9d27d-4792-458a-a6ed-9b063937d293","KNCanobU7uVRwHBloZcTX4hohOD2","7866d00d-ca2e-4a1b-9920-8b5fb82887c9","away","true","""2025-12-23T15:48:55.961Z"""
"08fbf7b3-e9be-4ba1-ad8a-0fda4329b032","HHUFVmkNFOVQRY811qCFh46cuM63","8e66c065-1f82-4e8b-add6-e914dcb648f0","away","true","""2025-12-25T03:27:20.724Z"""
"090d998e-7a19-4225-897b-4c25213a7f4d","5Sg3H3XuN7cEb8TLhyA8p8j3hg12","24c1e7d6-cb84-440c-b509-a7a45298c3b4","home","true","""2025-10-13T05:27:55.370Z"""
"090e4311-67d4-43f3-b50d-e3143a5beea3","fr8mqCiecfbf9coDGLRV2l3U4Ex1","252e5dd1-8b22-4b1c-a0d4-4e4368c2a566","away","false","""2025-12-04T04:47:54.885Z"""
"0968a00b-6379-4a7f-b873-235f195128a3","HHUFVmkNFOVQRY811qCFh46cuM63","68a478b0-50fe-4165-9e6a-5e09752aa9e6","away","true","""2025-10-28T19:41:41.122Z"""
"098016db-82c6-4775-8d4c-e9d1855896b5","MrwsvsZKPwTJ4SwYnAKtyPEAsrq2","276805f8-a20e-4293-be82-942d6476caf2","home","true","""2025-11-20T03:55:29.689Z"""
"09952c44-e3d0-45fa-a3e4-cd8a488934bf","fr8mqCiecfbf9coDGLRV2l3U4Ex1","a62a935d-3582-4ca9-b30e-9a62d9ad5518","away","true","""2025-10-13T05:45:01.468Z"""
"0999ec63-e9af-44cc-a5ec-2507631d4dff","fr8mqCiecfbf9coDGLRV2l3U4Ex1","e816fba3-9d10-47db-8ecb-46631a5d2e0a","home","true","""2025-12-31T18:30:17.474Z"""
"09bc9367-531e-4737-b9a8-a149d6609563","5Sg3H3XuN7cEb8TLhyA8p8j3hg12","03c2cbaa-5b38-48e4-8c8d-3cd882fe4a52","away","true","""2025-12-02T16:43:55.781Z"""
"09e0fa3e-a87d-4a71-9e7c-7482063f1523","MrwsvsZKPwTJ4SwYnAKtyPEAsrq2","2e020826-f20e-465a-8b83-f2eaa4acd153","away","true","""2025-10-16T00:36:23.982Z"""
"0a00ef3c-2f69-45c5-bd21-8275b33f3a0d","BQMdo8NUOgY8n0QxdUophLPMewp2","19f890c0-d258-4049-827c-84336e7569c8","home","false","""2026-01-03T04:39:38.732Z"""
"0a0c32a3-d410-4a9b-a961-7d261e3d22ef","BQMdo8NUOgY8n0QxdUophLPMewp2","c3947a4d-407f-42bf-bd2e-6c8814bf4c97","away","true","""2025-12-18T03:34:04.990Z"""
"0a1f3f10-f83d-4dfe-96a4-ed61ecd68d06","uTosuZBxPucsOAnCnHmdA3pzBlb2","7ebf9a6d-6f11-403d-b054-401e37bfa774","away","false","""2025-10-11T16:07:45.658Z"""
"0a368d13-a0a4-45de-9b63-cdc5d891d4c5","HHUFVmkNFOVQRY811qCFh46cuM63","9cdf4e41-36ae-4354-903e-0f09c651d6f5","away","true","""2025-12-03T23:32:03.798Z"""
"0a4bd162-365b-4cfa-ae14-7b0b8ad0b38c","uTosuZBxPucsOAnCnHmdA3pzBlb2","6f834428-4d17-4f34-9f44-609b49f6cde0","away","false","""2026-01-01T21:46:43.765Z"""
"0a53cded-29f5-4fea-a521-a22f18528d37","HHUFVmkNFOVQRY811qCFh46cuM63","908a0a02-d9c1-4ae0-8abf-d47210acc562","away","true","""2025-10-23T00:09:53.188Z"""
"0a6c6213-4513-4291-9e82-7327cbe7c262","fr8mqCiecfbf9coDGLRV2l3U4Ex1","dd7fd87e-bfc9-4a18-8c64-adb4886065c2","home","true","""2025-12-04T04:47:54.818Z"""
"0a987d91-0b7e-48a8-8817-ba226b8405d8","uTosuZBxPucsOAnCnHmdA3pzBlb2","536a6cc2-537d-4b28-9a57-14b66bad4c54","away","false","""2025-10-11T16:09:43.303Z"""
"0a98fa01-2544-4901-9e55-d509f101875b","5Sg3H3XuN7cEb8TLhyA8p8j3hg12","43fd2c2e-96ca-4127-ac52-c35295bc5944","home","false","""2025-12-02T16:43:55.764Z"""
"0ac9a399-9d7e-4097-83ea-8648d17152dc","5Sg3H3XuN7cEb8TLhyA8p8j3hg12","051cd2bf-649c-4ec3-b1a2-f1260e37a178","home","false","""2025-11-06T03:11:58.001Z"""
"0ad2fd28-7716-4165-9292-c2b210751318","5Sg3H3XuN7cEb8TLhyA8p8j3hg12","bce79cb1-ba5f-4450-82cb-9c5e4b1f8f95","home","true","""2025-10-13T05:34:49.288Z"""
"0adba466-8c6b-4d2a-acae-7b91e23c4d75","BQMdo8NUOgY8n0QxdUophLPMewp2","06166fe9-e0aa-4e3c-b84a-60851b05b11d","away","false","""2025-10-11T14:55:35.635Z"""
"0aeb8a54-06c4-4117-8206-2036bd985021","MrwsvsZKPwTJ4SwYnAKtyPEAsrq2","536a6cc2-537d-4b28-9a57-14b66bad4c54","home","true","""2025-10-13T16:47:30.316Z"""
"0af9d841-af2a-455e-b5cf-3d3e484d1d29","HHUFVmkNFOVQRY811qCFh46cuM63","ca151594-164f-4eb9-b679-3eba6b569a85","home","true","""2026-01-02T06:19:39.842Z"""
"0b026e55-4b9c-4949-b872-65510c41fdbf","fr8mqCiecfbf9coDGLRV2l3U4Ex1","89180e44-0ffa-4572-8b0b-2f6d51f6d0a1","away","false","""2025-10-13T05:48:22.358Z"""
"0b3862ce-65d4-46dc-a79c-2f778f8b7af6","KNCanobU7uVRwHBloZcTX4hohOD2","6a204869-e5da-4115-b689-35b74aeaa5a0","away","false","""2025-10-28T15:54:57.321Z"""
"0b404c22-7940-4246-adc5-244d73410eb0","MrwsvsZKPwTJ4SwYnAKtyPEAsrq2","53aa259b-a3f7-47c9-8741-e38f88a2e9c6","away","true","""2025-10-13T16:47:30.298Z"""
"0be734ac-eeae-4999-b3c8-151fc7716a25","KNCanobU7uVRwHBloZcTX4hohOD2","62600472-c342-48f2-be96-62b4ef840548","home","false","""2025-12-09T18:35:56.946Z"""
"0bed51a4-d080-48b9-b522-42d2d1e1e74c","5Sg3H3XuN7cEb8TLhyA8p8j3hg12","8935b981-7f63-4806-87c9-aca46ca74c66","away","false","""2025-12-18T03:37:52.145Z"""
"0c147ec1-7eb1-4b48-a5e4-a0559f5bae66","MrwsvsZKPwTJ4SwYnAKtyPEAsrq2","ea4ee477-02b5-4856-b1b9-87bc0662769b","home","true","""2025-12-11T02:27:27.313Z"""
"0c26c67a-2375-43db-a20f-24e04b0d8c13","MrwsvsZKPwTJ4SwYnAKtyPEAsrq2","dd9a201c-fdc7-42b6-a804-da710d30b4fb","home","true","""2026-01-01T04:33:43.157Z"""
"0c2fac0e-eead-46fc-82c1-b9e0e16bc083","MrwsvsZKPwTJ4SwYnAKtyPEAsrq2","7866d00d-ca2e-4a1b-9920-8b5fb82887c9","away","true","""2025-12-24T22:42:46.874Z"""
"0c4b25cc-d2d1-4a02-bbe8-2ffc68ab743c","uTosuZBxPucsOAnCnHmdA3pzBlb2","fca266c3-8458-4a37-aac3-9026491e158b","home","false","""2025-12-02T21:16:51.922Z"""
"0ca8cbb9-548f-472c-8a16-9ac133d2a232","fr8mqCiecfbf9coDGLRV2l3U4Ex1","e8750e7d-a111-4664-ac63-cef8be87ed60","away","true","""2025-10-30T00:37:16.721Z"""
"0cbd0643-5f98-4a6e-9878-b6067e7114d0","HHUFVmkNFOVQRY811qCFh46cuM63","4e1dc139-ee89-482e-992c-bf20980aa2f2","home","false","""2025-11-19T16:16:01.092Z"""
"0cd52ecb-6db5-4ccc-8215-55849c91ad5f","KNCanobU7uVRwHBloZcTX4hohOD2","cc2f7e28-74cb-48e1-8a99-6d2421e9b89b","away","false","""2025-10-06T20:38:17.369Z"""
"0ce81604-1d5e-45cf-a77c-2a496d1dd625","fr8mqCiecfbf9coDGLRV2l3U4Ex1","01b38b62-0eeb-482b-ba65-10d5468a0d1a","away","false","""2025-11-13T03:54:10.504Z"""
"0ce98b71-a7ba-48f6-aef4-804f95c576b5","BQMdo8NUOgY8n0QxdUophLPMewp2","e6808aab-7a72-4e45-a298-5ae94f361977","away","true","""2025-10-11T14:52:44.514Z"""
"0cf4e6f2-8008-4354-8e63-5be334b97a69","fr8mqCiecfbf9coDGLRV2l3U4Ex1","80684a75-8cb4-4a6a-92f4-850b95158aa1","home","false","""2025-10-13T05:45:01.441Z"""
"0d19c979-8e85-4173-9bd6-8c9d2534a0b5","KNCanobU7uVRwHBloZcTX4hohOD2","27272f98-3733-4614-a94f-7c57e4de90b0","away","false","""2025-11-04T17:08:40.040Z"""
"0d26d6ac-0413-499e-8bbd-e76d9ca4290d","uTosuZBxPucsOAnCnHmdA3pzBlb2","b43a659b-4752-4cc7-ad9a-8e9fb11b4d20","home","false","""2025-10-11T16:05:19.880Z"""
"0d508aae-81ec-41cb-9a25-a5c81826545d","uTosuZBxPucsOAnCnHmdA3pzBlb2","fb0bc69a-83ef-483f-a568-d6aa45758a4c","away","false","""2025-12-09T19:52:27.618Z"""
"0d555455-976b-423d-9a9a-071bd6918619","fr8mqCiecfbf9coDGLRV2l3U4Ex1","cd1f1d0a-7194-49c7-af9c-afc86b7933a0","home","true","""2025-11-25T22:02:09.407Z"""
"0d7674d8-2a18-405b-bf72-063eaf486817","HHUFVmkNFOVQRY811qCFh46cuM63","c3eac563-fddd-4906-a10d-17ba6a4e1f16","away","true","""2025-10-15T14:35:45.473Z"""
"0d80c357-62cc-434f-88b7-79f41a47d4ac","uTosuZBxPucsOAnCnHmdA3pzBlb2","e9be9eb2-a692-4a1b-909f-890ac195f92e","away","false","""2026-01-01T21:46:43.712Z"""
"0d88c090-eaaa-454f-8578-c92be6bc04a6","KNCanobU7uVRwHBloZcTX4hohOD2","6dd54dde-1403-44da-b4fd-8dc8aafb4ce1","home","true","""2025-10-06T20:33:28.098Z"""
"0daaa31d-86f8-4fc6-a9fd-598084944e2b","uTosuZBxPucsOAnCnHmdA3pzBlb2","5ee8fa87-ea63-495d-ba53-9779d679b3e9","away","true","""2025-10-06T23:16:40.507Z"""
"0db51489-d121-4726-ba36-efad0e632235","HHUFVmkNFOVQRY811qCFh46cuM63","3e3db6c8-9daf-4077-9602-a12ad24d3f1c","away","true","""2025-11-05T16:48:22.346Z"""
"0dc13df6-c06a-468f-b0fe-5a78e4a9b2e6","KNCanobU7uVRwHBloZcTX4hohOD2","34233cff-87ec-4c05-aa66-21af99b029e6","away","false","""2025-12-16T16:11:50.169Z"""
"0dc4d62b-637b-4722-b5b6-907d885663ee","KNCanobU7uVRwHBloZcTX4hohOD2","5fff642f-22ef-4c52-bdc8-86c57876f1f7","home","true","""2025-12-09T18:35:56.878Z"""
"0e26220f-70e0-43cc-a729-1630153d43ba","KNCanobU7uVRwHBloZcTX4hohOD2","75fb78a0-ee28-474a-b080-19dbaed51a42","home","true","""2025-10-11T15:11:33.418Z"""
"0e3ca47b-209a-47a8-aa7b-4c39a6d53f77","BQMdo8NUOgY8n0QxdUophLPMewp2","f6fab087-2f9f-4790-bc3f-3ce30915e78f","home","true","""2025-10-16T00:52:51.677Z"""
"0e487354-31c5-41cb-8594-40ba7f6bdb9a","HHUFVmkNFOVQRY811qCFh46cuM63","bafe51de-84a7-486a-b104-788bf1701391","away","true","""2025-10-11T04:35:46.483Z"""
"0e674577-afbc-46b3-b6aa-2861a1cad835","KNCanobU7uVRwHBloZcTX4hohOD2","d3ac1372-895d-4214-91b0-8990c81c763e","away","true","""2025-11-18T17:23:10.538Z"""
"0ee3959d-75d4-4944-8dcc-59d76ed6fb52","5Sg3H3XuN7cEb8TLhyA8p8j3hg12","f27424c5-879c-48b1-bfd9-92133a620c63","home","false","""2025-10-13T05:34:49.245Z"""
"0f22bbbf-091b-4337-9854-fbc126f1c5a8","5Sg3H3XuN7cEb8TLhyA8p8j3hg12","9cdf4e41-36ae-4354-903e-0f09c651d6f5","away","true","""2025-12-02T16:43:55.744Z"""
"0f2a5e75-79b4-4305-8053-16cbd5a7b8a5","fr8mqCiecfbf9coDGLRV2l3U4Ex1","a6610cd6-055f-4716-8f88-189d342b234f","away","true","""2025-12-09T18:54:43.395Z"""
"0f71de92-2e10-4106-aff2-bc78b080b79b","BQMdo8NUOgY8n0QxdUophLPMewp2","ce993454-eab0-4e59-af3b-f096423d36b2","away","true","""2025-10-11T14:54:09.783Z"""
"0fa5303a-7c12-4ddd-8a63-a9dd6d1b5dbc","HHUFVmkNFOVQRY811qCFh46cuM63","99235d98-91df-43b3-9c1f-927882dbdef1","away","false","""2026-01-02T06:19:39.790Z"""
"0faa9070-189e-4058-9cea-f6d6d7f13daa","BQMdo8NUOgY8n0QxdUophLPMewp2","01b38b62-0eeb-482b-ba65-10d5468a0d1a","away","false","""2025-11-13T04:17:56.808Z"""
"0fbddc7c-8e14-4b11-b5d7-42c12418066e","KNCanobU7uVRwHBloZcTX4hohOD2","2038f542-7164-4fe9-8cde-198fe2c08076","away","false","""2025-10-11T15:09:38.712Z"""
"0fd0b45e-6313-4c0e-ac13-d6ef746a9f5d","KNCanobU7uVRwHBloZcTX4hohOD2","e3482d66-4562-4ff3-b48d-5845fb84f5c7","home","false","""2025-12-23T15:48:55.924Z"""
"10692d4f-ff66-444e-9b8f-9dd67bc266f0","MrwsvsZKPwTJ4SwYnAKtyPEAsrq2","e6808aab-7a72-4e45-a298-5ae94f361977","away","true","""2025-10-13T16:43:12.565Z"""
"10835c4e-98b0-4b2a-89e2-325bad836248","fr8mqCiecfbf9coDGLRV2l3U4Ex1","da5986d0-a029-4174-b078-fdbd8b3cfaa6","away","false","""2025-12-24T17:05:36.281Z"""
"10891569-1e7a-4cbb-8229-6554c2e3a646","fr8mqCiecfbf9coDGLRV2l3U4Ex1","9bfe49ed-52c4-4923-94cc-6ca165d56c38","home","true","""2025-10-13T05:45:01.468Z"""
"10adfce0-abf3-45b6-9066-a164e40b5acc","uTosuZBxPucsOAnCnHmdA3pzBlb2","dd397b62-ab95-43f5-8ae9-6d2e8d0ad988","home","true","""2025-12-09T19:52:27.636Z"""
"10dacdfd-9332-48d5-b0b4-b4de89927b63","KNCanobU7uVRwHBloZcTX4hohOD2","0882b537-08b1-4a14-b320-02958418489e","away","true","""2025-12-23T15:48:55.940Z"""
"10fac148-2abc-42ab-b0b3-79823ce79cf7","HHUFVmkNFOVQRY811qCFh46cuM63","0e8fe15d-be4e-4afb-91e7-470e575c0c0e","away","false","""2025-10-11T04:32:32.836Z"""
"10fb380c-7b2b-4d14-81c7-02877309173d","MrwsvsZKPwTJ4SwYnAKtyPEAsrq2","29981eec-1aff-4705-9a1a-50abfd2ae3b6","home","true","""2025-11-27T00:46:50.678Z"""
"10fb5254-b691-41eb-9629-062c9223bf85","uTosuZBxPucsOAnCnHmdA3pzBlb2","28d1bb5a-b58b-4999-967d-e88f6ee87dfd","away","false","""2025-10-14T21:25:29.567Z"""
"1125c687-57c2-4570-af92-6afebb0e2196","HHUFVmkNFOVQRY811qCFh46cuM63","4f0c816a-d397-41ba-a8d5-51e1c8b4830c","away","true","""2025-12-17T15:41:35.365Z"""
"112ae47e-979b-4cc8-b506-0308d229ca6d","KNCanobU7uVRwHBloZcTX4hohOD2","9052fac9-1e88-40d3-b38d-651f4d9b8baa","away","false","""2025-10-11T15:09:38.757Z"""
"117bd01a-5bf1-4d62-b8db-29785d9a4c03","HHUFVmkNFOVQRY811qCFh46cuM63","e5f5592c-6f29-4f54-91fd-f482091aa68d","home","true","""2025-10-15T14:35:47.110Z"""
"1192dffa-ac1b-450a-a571-02e8744c967d","fr8mqCiecfbf9coDGLRV2l3U4Ex1","7192c43d-86ac-41f4-a295-4f8c93d9c895","home","true","""2025-10-13T05:46:46.100Z"""
"11a27106-73d5-40f8-b37a-64f3ad1107ec","uTosuZBxPucsOAnCnHmdA3pzBlb2","102b51be-41f2-4990-b2f0-894f6667fe87","away","true","""2025-10-28T15:10:00.368Z"""
"11b815eb-dd02-4744-8b1c-96f5a9a8fecf","HHUFVmkNFOVQRY811qCFh46cuM63","797236fe-612e-442c-8ea5-d6e36abc1d1c","away","true","""2025-10-28T19:41:39.292Z"""
"11cbb5ab-a824-4856-a5c6-a739f4504974","uTosuZBxPucsOAnCnHmdA3pzBlb2","29981eec-1aff-4705-9a1a-50abfd2ae3b6","home","true","""2025-11-25T20:11:42.017Z"""
"11d5535d-9dde-4d9c-9db2-aa84555ed1ef","MrwsvsZKPwTJ4SwYnAKtyPEAsrq2","d651c81f-0354-4c35-89a3-a09c9278c406","away","true","""2025-11-06T03:07:14.244Z"""
"11d9f2fb-e24a-4865-b246-69f62dd1aa12","5Sg3H3XuN7cEb8TLhyA8p8j3hg12","bd6ba9a9-c219-4325-a8f7-625320441738","away","false","""2025-12-24T18:04:28.599Z"""
"11da0ffe-593a-45aa-8faf-6d00f1ca9d24","uTosuZBxPucsOAnCnHmdA3pzBlb2","950d355e-96df-42af-b0a5-7853986b80f6","home","false","""2025-10-28T15:10:00.350Z"""
"11dd746c-13b0-4bd8-8992-97a6b47cd7ad","MrwsvsZKPwTJ4SwYnAKtyPEAsrq2","d7ce46e4-fec6-42fd-9d17-a0c8420bc0d1","home","false","""2025-10-13T16:41:38.928Z"""
"11fc25b4-ff73-4215-948b-9e35d2c16815","HHUFVmkNFOVQRY811qCFh46cuM63","0a064dc3-1a53-476e-a2dd-3bbbffabe099","home","true","""2025-10-11T04:41:16.103Z"""
"1208a46d-eefc-4f6f-b68b-d55c048b51f9","MrwsvsZKPwTJ4SwYnAKtyPEAsrq2","19635a4a-0712-45ce-a323-5d4a2df881f5","away","true","""2025-12-03T23:38:09.278Z"""
"1214d48d-a7f1-4514-94bd-bc5715d915e0","uTosuZBxPucsOAnCnHmdA3pzBlb2","53aa259b-a3f7-47c9-8741-e38f88a2e9c6","away","true","""2025-10-11T16:09:43.269Z"""
"1236d5d8-3b4f-433e-8524-7faaf618d5b9","uTosuZBxPucsOAnCnHmdA3pzBlb2","58c41f89-f3f6-4dfd-82b3-55d562cd6f72","home","false","""2025-10-06T23:16:39.343Z"""
"123a94bc-d65b-4d8f-9d25-8825a506acb6","BQMdo8NUOgY8n0QxdUophLPMewp2","83456161-43d7-4a3a-ba06-ab34769f0db6","away","true","""2025-11-26T03:40:12.549Z"""
"1275468c-6731-473d-96cf-a679be2a8a23","KNCanobU7uVRwHBloZcTX4hohOD2","4ca05f8d-5839-4502-a066-a827679faca5","home","false","""2025-12-02T16:21:10.758Z"""
"128fce12-6329-463b-bae9-6c7db79cfc66","MrwsvsZKPwTJ4SwYnAKtyPEAsrq2","dd397b62-ab95-43f5-8ae9-6d2e8d0ad988","home","true","""2025-12-11T02:27:27.373Z"""
"129df160-180d-456b-ab2b-93eb5d1d27d5","HHUFVmkNFOVQRY811qCFh46cuM63","d6c04882-f458-4dac-b279-da620dfce339","home","true","""2025-11-19T16:16:01.093Z"""
"12d382c9-edc5-47c4-a137-efec8ab2abea","uTosuZBxPucsOAnCnHmdA3pzBlb2","f27424c5-879c-48b1-bfd9-92133a620c63","home","false","""2025-10-06T23:16:40.524Z"""
"12dd850e-4954-4dd3-b6a3-74cfbf8e17ed","KNCanobU7uVRwHBloZcTX4hohOD2","dc49f1ed-b904-4ec1-9a10-7544e540a3e1","away","true","""2025-11-18T17:23:10.587Z"""
"12f2186e-481a-4e74-b35e-3742926b0b1c","MrwsvsZKPwTJ4SwYnAKtyPEAsrq2","ecf49c5b-647b-459a-baee-4541757243e8","home","true","""2026-01-01T04:33:43.155Z"""
"12fedc1f-4f41-4ef2-b7fb-d97ca08b61e8","HHUFVmkNFOVQRY811qCFh46cuM63","d3ab96b4-607f-42c7-83e8-f9276484b515","away","true","""2025-10-23T00:09:53.218Z"""
"13016e4c-ba36-44e7-8e79-cc5cca90e6ad","MrwsvsZKPwTJ4SwYnAKtyPEAsrq2","9052fac9-1e88-40d3-b38d-651f4d9b8baa","home","true","""2025-10-13T16:46:19.661Z"""
"1305e653-d900-4571-b7ba-ff547fc0276e","BQMdo8NUOgY8n0QxdUophLPMewp2","e6ae54d2-94e5-4fac-a832-ae1eee9da073","away","true","""2025-12-18T03:34:05.020Z"""
"130dc06f-6349-4ae5-a8fd-442bd5e776ed","HHUFVmkNFOVQRY811qCFh46cuM63","02a74aac-db07-4ef6-9008-16ab15999c67","home","true","""2026-01-02T06:19:39.814Z"""
"134230e2-65b1-4b41-b9c7-c629a2e45793","BQMdo8NUOgY8n0QxdUophLPMewp2","a25f6c8c-9b74-4a65-8af1-6345e044fe94","home","true","""2025-11-20T02:12:53.593Z"""
"135ec7eb-97d5-491c-9189-7a22ea9e051b","uTosuZBxPucsOAnCnHmdA3pzBlb2","b240d41c-2aa9-4b7a-be70-fd2e6518084b","home","true","""2025-10-22T15:35:13.989Z"""
"13820527-394b-4640-a8d5-b36898098561","BQMdo8NUOgY8n0QxdUophLPMewp2","6dd54dde-1403-44da-b4fd-8dc8aafb4ce1","home","true","""2025-10-11T14:59:21.029Z"""
"138552bb-264c-48f0-8019-139a77dbeff7","HHUFVmkNFOVQRY811qCFh46cuM63","47a141f6-72ba-43c5-9a00-1c0a7f0d940d","home","false","""2025-12-10T01:12:52.122Z"""
"1388c9d9-cd51-4f0e-a790-05cc45d284f3","MrwsvsZKPwTJ4SwYnAKtyPEAsrq2","5714bec8-abea-4c3c-8324-92978f3b859f","away","true","""2025-10-13T16:48:32.159Z"""
"139d200f-41c6-4f28-a1a6-6feae09e6b9f","MrwsvsZKPwTJ4SwYnAKtyPEAsrq2","5079b48e-5419-4607-a529-b5693b1327c2","away","true","""2025-12-11T02:27:27.341Z"""
"13a37b24-cf62-426e-b965-daddcc4eae89","HHUFVmkNFOVQRY811qCFh46cuM63","009a2f6f-c791-4f7c-80a2-61e12cd49ce0","home","true","""2025-10-11T04:32:32.833Z"""
"13a914ea-5514-40ce-9847-40438acd3795","MrwsvsZKPwTJ4SwYnAKtyPEAsrq2","ecfc4982-5331-4712-826e-28d59a35fb6c","away","true","""2025-11-20T03:55:29.695Z"""
"1440f094-ba2a-4fee-bb8b-2504c7fecc93","fr8mqCiecfbf9coDGLRV2l3U4Ex1","fda6adfe-f6c2-45bd-89c9-a2bba460cce1","away","true","""2025-10-30T00:37:14.792Z"""
"14a87630-6776-403b-8670-2619cb4ed465","KNCanobU7uVRwHBloZcTX4hohOD2","a87db628-a5a8-4fbb-85f9-b0525694ab65","away","false","""2026-01-01T21:09:52.950Z"""
"14db00ca-8d8b-429f-9f82-e73540a30f86","fr8mqCiecfbf9coDGLRV2l3U4Ex1","24c1e7d6-cb84-440c-b509-a7a45298c3b4","home","true","""2025-10-13T05:45:01.421Z"""
"1515f8e9-ce71-48f0-b090-f8496507dfff","MrwsvsZKPwTJ4SwYnAKtyPEAsrq2","30faaa86-dc68-4696-87be-97baea9a53e3","home","true","""2025-11-06T03:07:14.242Z"""
"152d8171-c8a1-4c57-b6ef-d492eca747c0","BQMdo8NUOgY8n0QxdUophLPMewp2","3d39c331-c9b0-4b49-b89d-b7230e187105","away","false","""2025-11-20T02:12:53.518Z"""
"154afb0f-a142-4b57-9769-62f2178c0b27","BQMdo8NUOgY8n0QxdUophLPMewp2","fca266c3-8458-4a37-aac3-9026491e158b","home","false","""2025-12-04T03:57:32.756Z"""
"155c81c2-2d9c-4fc7-8758-512e5eaefdb8","uTosuZBxPucsOAnCnHmdA3pzBlb2","378eba84-9711-4e34-949d-17568364eb54","home","false","""2025-12-09T19:52:27.664Z"""
"15d190fd-4a74-4f79-8391-4ece40037b8b","fr8mqCiecfbf9coDGLRV2l3U4Ex1","6dd54dde-1403-44da-b4fd-8dc8aafb4ce1","home","true","""2025-10-13T05:51:00.795Z"""
"15d81496-19e6-460d-878b-3d5a37918f43","uTosuZBxPucsOAnCnHmdA3pzBlb2","bbf31f42-841a-4dc4-ae72-bfa5b5822a7c","home","true","""2025-12-23T20:19:36.533Z"""
"1600693f-ca81-4b8f-b470-4e0ce2bc7f14","uTosuZBxPucsOAnCnHmdA3pzBlb2","10c1ffc4-560d-4e34-a5eb-6473b8948b65","home","true","""2025-11-11T16:11:13.277Z"""
"163ca944-fd38-4b5a-a6f3-028fdb2cc3e5","fr8mqCiecfbf9coDGLRV2l3U4Ex1","5ee8fa87-ea63-495d-ba53-9779d679b3e9","away","true","""2025-10-13T05:51:00.753Z"""
"164596ea-61d6-47db-b4c1-d7f09e43d03d","KNCanobU7uVRwHBloZcTX4hohOD2","e816fba3-9d10-47db-8ecb-46631a5d2e0a","away","false","""2026-01-01T21:09:52.912Z"""
"16525c8e-00b4-4ffb-a068-6baa4bea63da","BQMdo8NUOgY8n0QxdUophLPMewp2","5fff642f-22ef-4c52-bdc8-86c57876f1f7","home","true","""2025-12-11T04:11:58.855Z"""
"168f9bd4-fe8e-4ddf-9268-42202cefbf21","5Sg3H3XuN7cEb8TLhyA8p8j3hg12","02a74aac-db07-4ef6-9008-16ab15999c67","home","true","""2026-01-01T21:41:19.097Z"""
"16988bd7-0d35-4cdb-bcf2-c8f3ff23b296","HHUFVmkNFOVQRY811qCFh46cuM63","341b5cbc-ccde-4fa1-88be-589e8affad57","away","false","""2025-11-12T03:58:38.983Z"""
"17351979-f667-41de-a33a-a99903df168d","KNCanobU7uVRwHBloZcTX4hohOD2","91e343a1-9aed-41c9-a2dd-138c9b70a854","away","true","""2025-11-25T17:25:25.397Z"""
"17506497-d0b2-4313-8f6e-e4ab179fc14c","uTosuZBxPucsOAnCnHmdA3pzBlb2","afc0dfd1-7737-4c19-9b71-99ea0715f973","away","true","""2025-12-16T20:58:45.552Z"""
"1761b472-6cc6-4d24-b363-45dd439326be","MrwsvsZKPwTJ4SwYnAKtyPEAsrq2","adc9d7a4-ae90-4a83-a4ef-9187d53a47cd","home","true","""2025-10-16T00:36:24.053Z"""
"17766bf9-8ab3-4d6a-b7ff-95cf07f64ee7","HHUFVmkNFOVQRY811qCFh46cuM63","f27424c5-879c-48b1-bfd9-92133a620c63","home","false","""2025-10-11T04:46:06.562Z"""
"17be9a1a-0275-407b-b658-b85a8dee872c","BQMdo8NUOgY8n0QxdUophLPMewp2","5e4f2f5e-4c89-4b9d-8d63-b0ef8613f339","home","false","""2025-12-25T03:44:19.663Z"""
"183ffa95-69b7-4078-9291-83e6b88b2f7a","5Sg3H3XuN7cEb8TLhyA8p8j3hg12","ecf49c5b-647b-459a-baee-4541757243e8","home","true","""2026-01-01T21:41:19.050Z"""
"186a558b-ae30-48a3-818a-e44ddf7d66da","KNCanobU7uVRwHBloZcTX4hohOD2","9e2ac4f6-39c3-41f0-9719-e48a56ce7d58","home","false","""2025-10-11T15:06:13.028Z"""
"192b0838-cc74-454d-8189-85c40f99990f","BQMdo8NUOgY8n0QxdUophLPMewp2","dd9a201c-fdc7-42b6-a804-da710d30b4fb","home","true","""2026-01-03T04:39:38.701Z"""
"1953b4bd-5749-44cb-95d8-e454f70cd30b","HHUFVmkNFOVQRY811qCFh46cuM63","2657802c-1ec7-4932-bf94-0e13a5d42e8e","home","false","""2025-10-11T04:43:21.385Z"""
"1956da10-2a1d-44f5-a6a4-710ad12976cc","HHUFVmkNFOVQRY811qCFh46cuM63","c48def3f-04ff-4d04-bac8-80dddcf2b78e","home","true","""2025-10-11T04:32:32.885Z"""
"1979b8b9-f09e-4261-a5fb-f0b472530bcb","MrwsvsZKPwTJ4SwYnAKtyPEAsrq2","915ff41e-e023-45ff-b1a8-542b7d02688e","home","true","""2025-10-23T01:31:36.609Z"""
"197d4693-a375-4c07-8898-5a3a02b5e864","fr8mqCiecfbf9coDGLRV2l3U4Ex1","217ed8cf-3646-45d4-9c85-97020be55145","home","false","""2025-10-13T05:46:46.110Z"""
"197f8932-608a-4bfe-999a-a7a7516531e7","HHUFVmkNFOVQRY811qCFh46cuM63","a3a56d60-1066-4f41-b987-caa45a787148","away","true","""2025-11-27T01:32:28.226Z"""
"198293ff-44e8-4bd4-9b39-2a2e8c06cc77","fr8mqCiecfbf9coDGLRV2l3U4Ex1","51a3a933-7ed6-4fa6-8742-cf8113f18c60","away","true","""2025-10-30T00:37:14.868Z"""
"19e52be7-add2-4984-aa7d-f80b276d9a15","5Sg3H3XuN7cEb8TLhyA8p8j3hg12","9dff992f-1ac3-45d2-80a8-96e745368797","away","true","""2025-12-24T18:04:28.564Z"""
"1a33c4ff-f41b-437c-8654-4c6e14c8a899","5Sg3H3XuN7cEb8TLhyA8p8j3hg12","345b6627-774b-4aba-b950-3136abdfe906","home","true","""2025-10-13T05:30:02.150Z"""
"1a3bafa5-2a8f-4e03-8eae-846f98fa242e","5Sg3H3XuN7cEb8TLhyA8p8j3hg12","ce993454-eab0-4e59-af3b-f096423d36b2","away","true","""2025-10-13T05:30:01.813Z"""
"1a56dd7d-56e8-488e-bab5-1edd9413829c","MrwsvsZKPwTJ4SwYnAKtyPEAsrq2","dc49f1ed-b904-4ec1-9a10-7544e540a3e1","away","true","""2025-11-20T03:55:29.692Z"""
"1a57b559-9f24-4d84-897e-42732707a219","BQMdo8NUOgY8n0QxdUophLPMewp2","6bfceca8-47b4-4e37-98f0-5183061d6da4","home","false","""2025-10-11T14:56:50.300Z"""
"1a6196a5-fee3-45cb-94d9-bbe166aeed15","5Sg3H3XuN7cEb8TLhyA8p8j3hg12","217ed8cf-3646-45d4-9c85-97020be55145","away","true","""2025-10-13T05:30:01.767Z"""
"1a7c0c8d-226e-44fb-8070-05ab95774b6f","BQMdo8NUOgY8n0QxdUophLPMewp2","35994b25-507c-4fec-9364-bdc6937e4a74","away","true","""2025-11-13T04:17:56.792Z"""
"1a9b372a-463c-4ce8-85fd-a14bafdf06e0","uTosuZBxPucsOAnCnHmdA3pzBlb2","6a0d84af-ac95-4d3d-a3c2-149169507d04","home","false","""2025-10-22T15:35:14.069Z"""
"1ac68642-f348-4e1f-9789-58f4a6b5c438","uTosuZBxPucsOAnCnHmdA3pzBlb2","213f1589-9833-4ae3-b0f7-0f7364bae188","home","true","""2025-10-11T16:09:43.288Z"""
"1ae547bb-ba5a-4317-81c3-3c3e4702f262","KNCanobU7uVRwHBloZcTX4hohOD2","bce79cb1-ba5f-4450-82cb-9c5e4b1f8f95","home","true","""2025-10-06T20:33:27.999Z"""
"1ae67925-2960-497d-baa4-88183783cdb4","MrwsvsZKPwTJ4SwYnAKtyPEAsrq2","dec545cd-bc5b-4db2-999b-57e75045cb1d","home","true","""2025-12-11T02:27:27.301Z"""
"1aee4872-4aa5-414d-8563-144cb112d20f","MrwsvsZKPwTJ4SwYnAKtyPEAsrq2","82cff1b3-d3d7-4f5f-8d9d-def11469ea97","home","false","""2025-10-13T16:41:38.960Z"""
"1af01db6-6900-42a0-a647-bdad257e658d","KNCanobU7uVRwHBloZcTX4hohOD2","4a81eb39-2c6b-408a-bea5-495527925fca","home","false","""2025-11-11T16:23:15.771Z"""
"1b032466-8225-4bbf-8e78-6596e471cda3","KNCanobU7uVRwHBloZcTX4hohOD2","52d8e71d-f09d-459a-9847-b0786a0fc9cb","home","true","""2025-10-11T15:08:25.557Z"""
"1b2510e3-376e-4ae3-b99e-bfca2dcc24fc","HHUFVmkNFOVQRY811qCFh46cuM63","51a3a933-7ed6-4fa6-8742-cf8113f18c60","away","true","""2025-10-28T19:41:41.126Z"""
"1b53e1ea-a648-457a-b0d8-df1a45b2a593","HHUFVmkNFOVQRY811qCFh46cuM63","2038f542-7164-4fe9-8cde-198fe2c08076","home","true","""2025-10-11T04:41:16.206Z"""
"1b685cdb-f0aa-4405-9c11-1f8084027f58","HHUFVmkNFOVQRY811qCFh46cuM63","f674cdc8-d2b1-4245-bef2-80b83f704fe7","away","false","""2025-10-11T04:32:32.885Z"""
"1b8ccd40-195e-45d3-9cb3-2ea47ae189be","BQMdo8NUOgY8n0QxdUophLPMewp2","bd6ba9a9-c219-4325-a8f7-625320441738","away","false","""2025-12-25T03:44:19.682Z"""
"1ba180fe-12f8-4b8b-929d-92e2111ffcd8","KNCanobU7uVRwHBloZcTX4hohOD2","02a74aac-db07-4ef6-9008-16ab15999c67","home","true","""2026-01-01T21:09:52.988Z"""
"1bafa4e7-f5f2-4643-b54a-d8a05236fa94","BQMdo8NUOgY8n0QxdUophLPMewp2","3d176750-486f-46fc-9e81-bc39747a3a17","home","true","""2025-12-18T03:34:04.982Z"""
"1bbad709-f3b6-46ea-a614-324c8e6fa6d2","MrwsvsZKPwTJ4SwYnAKtyPEAsrq2","d1634e0b-ea2d-44dd-96ef-8d43b63f69c5","away","true","""2025-12-17T03:21:11.616Z"""
"1c07b7df-a23e-4a30-a9fd-c1bf295d8370","BQMdo8NUOgY8n0QxdUophLPMewp2","e816fba3-9d10-47db-8ecb-46631a5d2e0a","home","true","""2026-01-03T04:39:38.669Z"""
"1c3684bb-5ff9-497f-94b7-dff4ef4f67fa","HHUFVmkNFOVQRY811qCFh46cuM63","14296231-b958-407d-b299-8c8dc027d43e","away","true","""2025-10-28T19:41:39.286Z"""
"1c4501e4-e60c-4f2e-bb75-1591986e5896","fr8mqCiecfbf9coDGLRV2l3U4Ex1","27272f98-3733-4614-a94f-7c57e4de90b0","away","false","""2025-11-06T00:57:45.963Z"""
"1cd0cc27-87db-493e-b530-b72f4f469318","5Sg3H3XuN7cEb8TLhyA8p8j3hg12","21be25ec-2be3-4dae-8b56-c58699364ee6","home","true","""2025-12-09T18:58:20.637Z"""
"1cd75142-2342-4ce6-aa39-c175cc4bd066","KNCanobU7uVRwHBloZcTX4hohOD2","d3ab96b4-607f-42c7-83e8-f9276484b515","home","false","""2025-10-22T14:54:23.408Z"""
"1cf09f7f-32f1-48c0-9a34-7b9d5a77c742","5Sg3H3XuN7cEb8TLhyA8p8j3hg12","797236fe-612e-442c-8ea5-d6e36abc1d1c","away","true","""2025-10-30T02:37:38.439Z"""
"1cf3c112-73b4-46a7-b8ef-986a07f64a7d","5Sg3H3XuN7cEb8TLhyA8p8j3hg12","8e66c065-1f82-4e8b-add6-e914dcb648f0","home","false","""2025-12-24T18:04:28.600Z"""
"1d10398d-267b-4957-991c-173efec5d8f3","uTosuZBxPucsOAnCnHmdA3pzBlb2","ab3a431d-296f-4614-90ce-ca0b44beccde","away","false","""2025-12-02T21:16:51.966Z"""
"1d16e345-5579-4ac9-a468-c05eca77b3df","5Sg3H3XuN7cEb8TLhyA8p8j3hg12","51a3a933-7ed6-4fa6-8742-cf8113f18c60","away","true","""2025-10-30T02:37:38.443Z"""
"1d30c61b-a6fc-4ac4-861f-a8fd84e48f19","BQMdo8NUOgY8n0QxdUophLPMewp2","53aa259b-a3f7-47c9-8741-e38f88a2e9c6","away","true","""2025-10-11T14:56:50.286Z"""
"1d4167dd-8f2b-48a0-b471-1b036470f052","MrwsvsZKPwTJ4SwYnAKtyPEAsrq2","7ebf9a6d-6f11-403d-b054-401e37bfa774","home","true","""2025-10-13T16:44:28.402Z"""
"1d46b742-eaf7-40cc-8408-87881da87572","fr8mqCiecfbf9coDGLRV2l3U4Ex1","332b0a33-6015-4982-8412-814d325eceaa","home","true","""2025-11-25T22:02:09.351Z"""
"1d4cd10b-d80d-4c33-a48e-77a9ffe4c34e","KNCanobU7uVRwHBloZcTX4hohOD2","b43a659b-4752-4cc7-ad9a-8e9fb11b4d20","away","true","""2025-10-11T04:21:21.028Z"""
"1d63de14-0eca-432f-86f7-fb69a56be3a5","BQMdo8NUOgY8n0QxdUophLPMewp2","9450763b-6a2d-412f-a2ca-813f3f895037","away","true","""2025-10-23T01:28:37.817Z"""
"1d6a1a11-3e72-4f1d-a2c5-b33a41361ce9","BQMdo8NUOgY8n0QxdUophLPMewp2","9e2ac4f6-39c3-41f0-9719-e48a56ce7d58","away","true","""2025-10-11T14:52:44.506Z"""
"1d75294e-c1a0-4e44-9aab-3a419a590f1f","KNCanobU7uVRwHBloZcTX4hohOD2","a16ca003-0e3a-4f47-9e7a-55e80da8aced","away","false","""2025-10-06T20:33:28.007Z"""
"1d7b6563-b7e6-47b4-9c02-0709c7a5dcfb","fr8mqCiecfbf9coDGLRV2l3U4Ex1","d6c04882-f458-4dac-b279-da620dfce339","home","true","""2025-11-18T22:07:01.175Z"""
"1d7e951b-dec7-4ef0-92c9-ed4314cf1608","MrwsvsZKPwTJ4SwYnAKtyPEAsrq2","5ca39933-0941-4486-8719-9491ba784310","home","false","""2025-10-13T16:47:30.326Z"""
"1dcfab1b-340a-4fd9-af28-d7872fb3c5e2","uTosuZBxPucsOAnCnHmdA3pzBlb2","a112a186-d4c0-42bd-a2e1-52f89a1d9141","away","true","""2025-10-14T21:25:29.575Z"""
"1dde66ed-a8d9-499b-997a-f99d09a73914","fr8mqCiecfbf9coDGLRV2l3U4Ex1","6d209fa5-8934-42c7-8800-fe7544e1b927","away","false","""2025-12-31T18:30:17.484Z"""
"1e0f641e-b981-4ba0-aa9f-8eb8433b19d5","BQMdo8NUOgY8n0QxdUophLPMewp2","1ae363ac-8ade-44d7-9772-7f98f075c205","home","true","""2025-10-11T14:49:26.667Z"""
"1e18a6a1-c331-4802-95f9-3f262dff1ea1","5Sg3H3XuN7cEb8TLhyA8p8j3hg12","ab3a431d-296f-4614-90ce-ca0b44beccde","home","true","""2025-12-02T16:43:55.748Z"""
"1e266414-d5ff-4b32-a7c0-3a9466204e06","fr8mqCiecfbf9coDGLRV2l3U4Ex1","309d5644-af03-4371-8cd6-b853a61d65dd","home","false","""2025-11-06T00:57:45.962Z"""
"1e2ddc89-f619-46f8-936a-71ba9cb89a5a","HHUFVmkNFOVQRY811qCFh46cuM63","712832f9-8a82-41ab-a806-0627d6d42fc4","home","true","""2025-10-11T04:46:07.169Z"""
"1e364b37-b72d-43c8-a49f-93ff3f96c159","fr8mqCiecfbf9coDGLRV2l3U4Ex1","14296231-b958-407d-b299-8c8dc027d43e","away","true","""2025-10-30T00:37:16.719Z"""
"1e70bd51-a47e-48e1-97c5-306cc58e71f8","BQMdo8NUOgY8n0QxdUophLPMewp2","3a4bdeb3-43f1-424e-b283-260aea8a907d","home","true","""2025-11-13T04:17:56.756Z"""
"1e8c905b-88c0-4730-a2c8-7d92735595b0","uTosuZBxPucsOAnCnHmdA3pzBlb2","8e66c065-1f82-4e8b-add6-e914dcb648f0","away","true","""2025-12-23T20:19:36.691Z"""
"1eacf775-acf8-4bd5-83c1-5d599c6cdab3","MrwsvsZKPwTJ4SwYnAKtyPEAsrq2","d3ab96b4-607f-42c7-83e8-f9276484b515","home","false","""2025-10-23T01:31:36.628Z"""
"1ef80d98-bf30-485f-8eae-4951897efebe","uTosuZBxPucsOAnCnHmdA3pzBlb2","e02b68db-5a99-4efa-b993-8ef03a0bae22","home","true","""2025-12-02T21:16:52.199Z"""
"1f34541c-d7dd-44f6-88d6-1546d22e83c2","BQMdo8NUOgY8n0QxdUophLPMewp2","68a478b0-50fe-4165-9e6a-5e09752aa9e6","home","false","""2025-10-30T03:07:44.243Z"""
"1f810d66-190b-4b4e-b36c-ab7f4ef63b48","HHUFVmkNFOVQRY811qCFh46cuM63","32426bff-f56b-479e-b6c6-f599616e8c90","home","true","""2025-11-05T16:48:22.304Z"""
"1faff030-1eea-4caf-accd-8e60eff5cb55","BQMdo8NUOgY8n0QxdUophLPMewp2","c07dbd01-1a69-4ea9-81d0-575a0f61ed60","away","true","""2025-10-23T01:28:37.872Z"""
"1fbafa41-638b-44d3-a1c9-08271e965782","KNCanobU7uVRwHBloZcTX4hohOD2","8e66c065-1f82-4e8b-add6-e914dcb648f0","home","false","""2025-12-23T15:48:55.910Z"""
"1ffbc439-e672-4855-9403-884a32c558de","uTosuZBxPucsOAnCnHmdA3pzBlb2","8193b700-afa4-49d8-992e-10f2cadbae55","home","true","""2025-10-11T16:07:45.713Z"""
"20058d6d-7440-417d-8c6e-5589c5e51c76","KNCanobU7uVRwHBloZcTX4hohOD2","83456161-43d7-4a3a-ba06-ab34769f0db6","away","true","""2025-11-25T17:25:25.373Z"""
"209b741c-8584-4b34-bcfd-58e30cc03a56","uTosuZBxPucsOAnCnHmdA3pzBlb2","a51a67fc-2c2b-4674-8ae1-3505c1374a2c","home","false","""2026-01-01T21:46:43.796Z"""
"20cfc12d-d274-4a68-b459-3a51e8a99f63","BQMdo8NUOgY8n0QxdUophLPMewp2","44ed9a41-84ec-4d18-9569-8283f5a81d14","home","false","""2025-10-30T03:07:44.272Z"""
"21329a9e-12fe-446a-8f7e-7fe62572e42d","fr8mqCiecfbf9coDGLRV2l3U4Ex1","9fa9610c-daa9-4022-8c64-fcaca6c446c9","home","true","""2025-10-22T16:28:53.882Z"""
"213fd9ed-be5a-4954-99be-fa77f74e30cb","fr8mqCiecfbf9coDGLRV2l3U4Ex1","c3947a4d-407f-42bf-bd2e-6c8814bf4c97","away","true","""2025-12-18T03:18:03.408Z"""
"21bb0b85-a9f8-4512-bb90-bed7aac8a7c0","BQMdo8NUOgY8n0QxdUophLPMewp2","7fe37fa5-7882-46a5-b100-8c026ad4cbed","home","true","""2025-11-20T02:12:53.592Z"""
"21dc42bc-809c-439f-8780-e2abcb6477a5","KNCanobU7uVRwHBloZcTX4hohOD2","ff74829e-0197-476d-a27f-7c3df0946120","home","true","""2025-10-28T15:54:57.369Z"""
"21fbea46-f826-4cf3-8234-dcc10e8a6b34","fr8mqCiecfbf9coDGLRV2l3U4Ex1","2faad927-ee71-4555-95d6-b307aad6e403","home","true","""2025-10-13T05:49:58.071Z"""
"2202c40a-bd07-464f-a129-1a83f97e7226","uTosuZBxPucsOAnCnHmdA3pzBlb2","3e3db6c8-9daf-4077-9602-a12ad24d3f1c","away","true","""2025-11-04T20:38:13.646Z"""
"221db192-608c-4e46-8269-901eb05edc36","HHUFVmkNFOVQRY811qCFh46cuM63","45fd0527-9747-46ac-b550-c25ae846eea2","home","true","""2025-11-19T16:16:01.048Z"""
"22200f9b-a987-488c-b5c3-9e6f663bede1","uTosuZBxPucsOAnCnHmdA3pzBlb2","4ca05f8d-5839-4502-a066-a827679faca5","home","false","""2025-12-02T21:16:52.200Z"""
"2232d4c6-454d-4da7-802f-9369d62a519e","uTosuZBxPucsOAnCnHmdA3pzBlb2","9dc42d48-4c62-4532-b02c-9084ac237270","home","true","""2025-10-11T16:05:19.924Z"""
"224cd22c-a949-4488-ae47-7945440a22ec","uTosuZBxPucsOAnCnHmdA3pzBlb2","9dff992f-1ac3-45d2-80a8-96e745368797","away","true","""2025-12-23T20:19:36.693Z"""
"225c49c9-79dc-4262-a0e1-1c9b7db7c47c","KNCanobU7uVRwHBloZcTX4hohOD2","797236fe-612e-442c-8ea5-d6e36abc1d1c","away","true","""2025-10-28T15:54:57.339Z"""
"22673157-d036-4de0-b1fd-86ce0586c9f3","fr8mqCiecfbf9coDGLRV2l3U4Ex1","5e4f2f5e-4c89-4b9d-8d63-b0ef8613f339","away","true","""2025-12-24T17:05:36.304Z"""
"22682bd5-9b16-4d10-9384-9332645fc88d","KNCanobU7uVRwHBloZcTX4hohOD2","a3a56d60-1066-4f41-b987-caa45a787148","away","true","""2025-11-25T17:25:25.348Z"""
"22ae21ae-7205-458f-b234-af359f7da87f","KNCanobU7uVRwHBloZcTX4hohOD2","599ad8ed-dcbd-4d6f-af96-bf0df84a1e46","home","false","""2025-10-11T15:11:33.454Z"""
"22e9a9db-d587-4f28-98bc-8a7cd427615a","5Sg3H3XuN7cEb8TLhyA8p8j3hg12","ec48d4f9-2a97-44e9-99dd-600dcba4b05e","away","true","""2025-11-11T19:35:37.901Z"""
"23008190-9347-40b7-ba69-2b6bd043c696","uTosuZBxPucsOAnCnHmdA3pzBlb2","901a2cb5-6d93-473f-a85e-08299818412e","away","false","""2026-01-01T21:46:43.786Z"""
"2357f30a-7300-4793-b1f3-987ddc128a39","BQMdo8NUOgY8n0QxdUophLPMewp2","2090fc33-4cd3-45a5-afb4-72ea85a2fac1","home","true","""2025-10-11T14:59:21.505Z"""
"23b498b9-5e6a-4f7c-a4df-1507cdcca950","5Sg3H3XuN7cEb8TLhyA8p8j3hg12","cd1f1d0a-7194-49c7-af9c-afc86b7933a0","home","true","""2025-11-27T02:35:10.995Z"""
"23beba37-43bf-41fc-acde-006d47d11bc9","fr8mqCiecfbf9coDGLRV2l3U4Ex1","34233cff-87ec-4c05-aa66-21af99b029e6","home","true","""2025-12-18T03:18:03.393Z"""
"23c6758f-0c16-451d-8e8b-430741ba2430","KNCanobU7uVRwHBloZcTX4hohOD2","125817a5-7c31-4006-ad58-a27c84beae30","away","true","""2025-11-11T16:23:15.728Z"""
"23dbc0dd-0f1b-4946-a849-651d2b58f1cf","KNCanobU7uVRwHBloZcTX4hohOD2","06166fe9-e0aa-4e3c-b84a-60851b05b11d","home","true","""2025-10-11T15:09:38.747Z"""
"23fc7ef3-a894-495a-beb8-991464bfee91","fr8mqCiecfbf9coDGLRV2l3U4Ex1","88711fba-d4c6-4a22-8627-f90f1aaa8001","home","false","""2025-10-13T05:49:58.024Z"""
"245c8eaf-8582-4fbc-811a-5928cc8a3424","BQMdo8NUOgY8n0QxdUophLPMewp2","03c2cbaa-5b38-48e4-8c8d-3cd882fe4a52","away","true","""2025-12-04T03:57:32.767Z"""
"24b704fd-f1bb-4ca1-8bfa-1320004a0b08","KNCanobU7uVRwHBloZcTX4hohOD2","1d0e651a-40b2-40ca-be8a-51b133d3dbd4","home","false","""2025-10-11T15:08:25.511Z"""
"24efaf43-a8ce-4de4-9c19-d34bb5c3e143","KNCanobU7uVRwHBloZcTX4hohOD2","14296231-b958-407d-b299-8c8dc027d43e","away","true","""2025-10-28T15:54:57.329Z"""
"252827dd-d65d-4e7c-89db-102613d8ac53","MrwsvsZKPwTJ4SwYnAKtyPEAsrq2","72dc680f-9575-4cb3-9308-155f258f48f6","home","true","""2025-10-13T16:44:28.403Z"""
"2535c5c0-3b37-4ec2-8390-3eca6256768b","5Sg3H3XuN7cEb8TLhyA8p8j3hg12","06166fe9-e0aa-4e3c-b84a-60851b05b11d","home","true","""2025-10-13T05:31:33.774Z"""
"253ff01e-59a0-4d2e-8843-162151ecf125","BQMdo8NUOgY8n0QxdUophLPMewp2","ca151594-164f-4eb9-b679-3eba6b569a85","home","true","""2026-01-03T04:39:38.711Z"""
"255c3d30-361c-45d4-bf03-154864f7ac9c","fr8mqCiecfbf9coDGLRV2l3U4Ex1","d651c81f-0354-4c35-89a3-a09c9278c406","away","true","""2025-11-06T00:57:45.954Z"""
"259f79d3-7e29-48ed-926b-0a65f827e62f","MrwsvsZKPwTJ4SwYnAKtyPEAsrq2","88711fba-d4c6-4a22-8627-f90f1aaa8001","home","false","""2025-10-13T16:47:30.311Z"""
"25cd20fa-291b-4fe2-a997-b8e62ce47b45","MrwsvsZKPwTJ4SwYnAKtyPEAsrq2","009a2f6f-c791-4f7c-80a2-61e12cd49ce0","home","true","""2025-10-13T16:41:38.901Z"""
"26151fe1-7de0-43ad-986d-67e2ab74237b","BQMdo8NUOgY8n0QxdUophLPMewp2","75fb78a0-ee28-474a-b080-19dbaed51a42","away","false","""2025-10-11T14:56:50.330Z"""
"2619af1c-1317-498d-87e8-1402b2c18968","BQMdo8NUOgY8n0QxdUophLPMewp2","332b0a33-6015-4982-8412-814d325eceaa","home","true","""2025-11-26T03:40:12.519Z"""
"2623ca30-cc6e-4e5c-87a4-a2ff8978d566","BQMdo8NUOgY8n0QxdUophLPMewp2","213f1589-9833-4ae3-b0f7-0f7364bae188","home","true","""2025-10-11T14:56:50.335Z"""
"2625995d-aac0-4bed-bd7a-fed9dc2e470e","MrwsvsZKPwTJ4SwYnAKtyPEAsrq2","125817a5-7c31-4006-ad58-a27c84beae30","away","true","""2025-11-13T01:24:07.805Z"""
"2626a16e-a5db-4fe2-84f4-2e57ae80910a","5Sg3H3XuN7cEb8TLhyA8p8j3hg12","c48def3f-04ff-4d04-bac8-80dddcf2b78e","home","true","""2025-10-13T05:23:59.270Z"""
"2654c7e1-7170-4b81-a092-651a0665e4e6","MrwsvsZKPwTJ4SwYnAKtyPEAsrq2","2038f542-7164-4fe9-8cde-198fe2c08076","away","false","""2025-10-13T16:46:21.449Z"""
"266f7138-ceb8-4789-9e69-cc6e8d04d8ca","5Sg3H3XuN7cEb8TLhyA8p8j3hg12","99235d98-91df-43b3-9c1f-927882dbdef1","away","false","""2026-01-01T21:41:19.066Z"""
"269314a0-6cef-489f-ab60-7ad708b359f5","KNCanobU7uVRwHBloZcTX4hohOD2","c07dbd01-1a69-4ea9-81d0-575a0f61ed60","away","true","""2025-10-22T14:54:23.392Z"""
"269d1ae0-27ea-4083-a1f8-8aec3a5bfbd7","MrwsvsZKPwTJ4SwYnAKtyPEAsrq2","0a064dc3-1a53-476e-a2dd-3bbbffabe099","home","true","""2025-10-13T16:46:19.613Z"""
"26b05f91-97a8-43a8-854b-0fe41897f0ba","KNCanobU7uVRwHBloZcTX4hohOD2","ec48d4f9-2a97-44e9-99dd-600dcba4b05e","away","true","""2025-11-11T16:23:15.779Z"""
"26c060ef-fd01-4c62-81d6-67715f98ada0","fr8mqCiecfbf9coDGLRV2l3U4Ex1","10c1ffc4-560d-4e34-a5eb-6473b8948b65","away","false","""2025-11-13T03:54:10.470Z"""
"26f46fba-d544-4df9-98d3-ac0086977512","KNCanobU7uVRwHBloZcTX4hohOD2","2d07aaab-8152-443c-aaf1-ba51bd7519be","away","false","""2025-11-18T17:23:10.538Z"""
"27a5df76-ee88-42db-bf82-99f4ebae9334","5Sg3H3XuN7cEb8TLhyA8p8j3hg12","c9a08577-585b-42ed-affc-55d86d567ef3","home","true","""2025-10-13T05:31:33.701Z"""
"27b62c65-3c98-45d0-a6ee-bef2ae76f965","5Sg3H3XuN7cEb8TLhyA8p8j3hg12","62600472-c342-48f2-be96-62b4ef840548","home","false","""2025-12-09T18:58:20.578Z"""
"27ca33cd-27e7-46e3-a71b-f54cd92b6c45","KNCanobU7uVRwHBloZcTX4hohOD2","217ed8cf-3646-45d4-9c85-97020be55145","away","true","""2025-10-11T15:08:25.872Z"""
"27cbe2e7-30a0-44dc-97ec-863208bc3e8f","fr8mqCiecfbf9coDGLRV2l3U4Ex1","7b59dc7c-66f5-4ba5-96b2-e349b94b3c98","home","false","""2025-10-13T05:48:22.356Z"""
"27e517bb-88e4-44d6-97b3-f2f75f2125dc","uTosuZBxPucsOAnCnHmdA3pzBlb2","290af0a5-b885-4094-9c69-3a8024ea32da","away","false","""2025-10-28T15:10:00.323Z"""
"27e88c39-0311-4bac-b44a-030e848f1cb3","HHUFVmkNFOVQRY811qCFh46cuM63","e6ae54d2-94e5-4fac-a832-ae1eee9da073","home","false","""2025-12-17T15:41:35.312Z"""
"27ffc269-1e6f-407b-8299-fc413bd72a25","5Sg3H3XuN7cEb8TLhyA8p8j3hg12","d6c04882-f458-4dac-b279-da620dfce339","away","false","""2025-11-20T02:28:45.210Z"""
"2829e13e-b55d-42a3-beca-d0d3d8e5bf00","KNCanobU7uVRwHBloZcTX4hohOD2","885a097f-63a2-4d26-8573-ca0f585970f2","away","false","""2025-10-06T20:33:28.009Z"""
"282c22bd-1f76-4184-9f7f-e2d00da2029a","fr8mqCiecfbf9coDGLRV2l3U4Ex1","f9e49890-cbaa-403f-861b-2ec9cf3c194f","away","false","""2025-11-25T22:02:09.379Z"""
"28434ae7-a25f-4266-b919-973d9fd3478c","fr8mqCiecfbf9coDGLRV2l3U4Ex1","99235d98-91df-43b3-9c1f-927882dbdef1","home","true","""2025-12-31T18:30:17.449Z"""
"28620521-08af-4ab0-a17a-5754c9c1643b","fr8mqCiecfbf9coDGLRV2l3U4Ex1","52d8e71d-f09d-459a-9847-b0786a0fc9cb","home","true","""2025-10-13T05:46:45.969Z"""
"288b3298-52bb-40b1-871c-8d0459d0b779","fr8mqCiecfbf9coDGLRV2l3U4Ex1","e5f5592c-6f29-4f54-91fd-f482091aa68d","home","true","""2025-10-15T23:46:56.116Z"""
"28af32b5-67e7-4f4f-91a7-f05e16e971da","BQMdo8NUOgY8n0QxdUophLPMewp2","0a265fbc-60d0-4e8c-bfa1-150fb01880f1","away","true","""2025-12-04T03:57:32.736Z"""
"28b4d292-a54f-4333-8cab-07c421034799","fr8mqCiecfbf9coDGLRV2l3U4Ex1","e9e4e4dc-4580-4a6d-9569-fe1800928f9e","away","true","""2025-10-15T23:46:56.109Z"""
"28b75fc3-fbee-48a5-8952-1fb225fcbae2","fr8mqCiecfbf9coDGLRV2l3U4Ex1","8dc1d7d8-3f47-445e-9d17-168f1c4e8ab2","home","false","""2025-12-09T18:54:43.490Z"""
"28d1413c-6afc-4b45-8ec7-db457afeece9","fr8mqCiecfbf9coDGLRV2l3U4Ex1","cc57c375-e432-430f-ad82-96dd242cd3b7","home","true","""2025-10-22T16:28:53.854Z"""
"28d20d84-043d-4573-951b-ba552aa07697","HHUFVmkNFOVQRY811qCFh46cuM63","72dc680f-9575-4cb3-9308-155f258f48f6","home","true","""2025-10-11T04:39:09.461Z"""
"29151744-3942-4f45-8976-cbaa0ba13548","MrwsvsZKPwTJ4SwYnAKtyPEAsrq2","9dc42d48-4c62-4532-b02c-9084ac237270","home","true","""2025-10-13T16:41:38.964Z"""
"291b973f-a272-42b4-b612-c43329905a60","uTosuZBxPucsOAnCnHmdA3pzBlb2","27272f98-3733-4614-a94f-7c57e4de90b0","away","false","""2025-11-04T20:38:13.608Z"""
"291c6f51-e8be-4c31-9527-49666221e621","MrwsvsZKPwTJ4SwYnAKtyPEAsrq2","15eb92cf-99f9-458a-859c-1161b5f5e81c","away","false","""2025-10-13T16:48:32.163Z"""
"29216caa-56ba-4e42-8459-3eaf5113a580","fr8mqCiecfbf9coDGLRV2l3U4Ex1","345b6627-774b-4aba-b950-3136abdfe906","home","true","""2025-10-13T05:46:46.042Z"""
"29217194-5490-4b06-ad9c-cc4964c021d2","BQMdo8NUOgY8n0QxdUophLPMewp2","47a141f6-72ba-43c5-9a00-1c0a7f0d940d","home","false","""2025-12-11T04:11:58.870Z"""
"2921fb4d-e3cf-45d2-9fde-77e6dcf5eac0","MrwsvsZKPwTJ4SwYnAKtyPEAsrq2","908a0a02-d9c1-4ae0-8abf-d47210acc562","home","false","""2025-10-23T01:31:36.607Z"""
"29237b06-0745-4a12-8764-c34e58e3f94e","fr8mqCiecfbf9coDGLRV2l3U4Ex1","0a265fbc-60d0-4e8c-bfa1-150fb01880f1","away","true","""2025-12-04T04:47:54.819Z"""
"2932e397-01fe-4ebd-b9c9-58d2ca78b731","uTosuZBxPucsOAnCnHmdA3pzBlb2","e6808aab-7a72-4e45-a298-5ae94f361977","away","true","""2025-10-11T16:06:31.183Z"""
"298ba3e9-582b-4194-8e4f-d9755f89eab5","uTosuZBxPucsOAnCnHmdA3pzBlb2","d3ab96b4-607f-42c7-83e8-f9276484b515","home","false","""2025-10-22T15:35:15.923Z"""
"29c45296-e3f5-45d0-9e3e-ff6e74f6c28b","fr8mqCiecfbf9coDGLRV2l3U4Ex1","091ea06d-494c-4561-a6c9-5ca52ee2c291","away","true","""2025-10-13T05:45:01.453Z"""
"29ef0f42-88e3-4772-b881-5078dfbe4fa6","MrwsvsZKPwTJ4SwYnAKtyPEAsrq2","e8750e7d-a111-4664-ac63-cef8be87ed60","away","true","""2025-10-29T22:30:17.400Z"""
"2a2d7ade-db7c-49ef-a5ba-fbced140fb34","BQMdo8NUOgY8n0QxdUophLPMewp2","18b4661d-a29c-4770-92f0-c69c15ef87fe","home","false","""2025-11-26T03:40:12.551Z"""
"2a3462af-8d17-44ac-b513-51f9c07822a1","5Sg3H3XuN7cEb8TLhyA8p8j3hg12","75fb78a0-ee28-474a-b080-19dbaed51a42","home","true","""2025-10-13T05:33:24.461Z"""
"2a688cab-43c9-4a04-a8c4-edae29aa1ca1","MrwsvsZKPwTJ4SwYnAKtyPEAsrq2","03c2cbaa-5b38-48e4-8c8d-3cd882fe4a52","home","false","""2025-12-03T23:38:09.291Z"""
"2a729a61-564a-448a-a22a-a57aadc18be0","HHUFVmkNFOVQRY811qCFh46cuM63","8193b700-afa4-49d8-992e-10f2cadbae55","away","false","""2025-10-11T04:39:09.460Z"""
"2a75b7e3-aa0a-411e-88e2-9910b6f99de2","BQMdo8NUOgY8n0QxdUophLPMewp2","af6dbb8b-7945-4286-a7ae-7e86a9a49260","home","false","""2025-10-11T14:52:44.499Z"""
"2a848f62-c22a-4b39-a13e-eae3419a94e8","fr8mqCiecfbf9coDGLRV2l3U4Ex1","f27424c5-879c-48b1-bfd9-92133a620c63","away","true","""2025-10-13T05:51:00.803Z"""
"2a8d1440-73e4-4214-83dc-c434d244cc47","KNCanobU7uVRwHBloZcTX4hohOD2","29981eec-1aff-4705-9a1a-50abfd2ae3b6","home","true","""2025-11-25T17:25:25.390Z"""
"2b0076a2-e72f-4ca4-9c7b-770eb138c1e3","fr8mqCiecfbf9coDGLRV2l3U4Ex1","bafe51de-84a7-486a-b104-788bf1701391","away","true","""2025-10-13T05:45:01.427Z"""
"2b3d4e31-a747-439c-8841-e8246e24980e","HHUFVmkNFOVQRY811qCFh46cuM63","ecf49c5b-647b-459a-baee-4541757243e8","home","true","""2026-01-02T06:19:39.712Z"""
"2b536ac2-5e64-4561-9acd-965ccf4b01bb","BQMdo8NUOgY8n0QxdUophLPMewp2","bd96cfc7-07f3-421c-a0b3-7385c401f0c3","home","true","""2025-11-13T04:17:56.754Z"""
"2b5a2147-6dba-4ae6-a205-e33f880cf123","5Sg3H3XuN7cEb8TLhyA8p8j3hg12","ffa49879-774b-46f4-a6f1-b3c5c08950e3","away","false","""2025-11-06T03:11:58.002Z"""
"2b5c03c7-08a3-44ce-b6c2-893dcf7896b8","HHUFVmkNFOVQRY811qCFh46cuM63","9f5a2821-a4c7-4c30-9043-c6ed1c73a505","away","true","""2025-12-17T15:41:35.570Z"""
"2b5f25c2-3060-4fcc-88e4-422920d5335c","BQMdo8NUOgY8n0QxdUophLPMewp2","cb3db559-8d6f-4c84-b79c-075eca54aa81","away","false","""2025-10-11T14:55:35.644Z"""
"2bb0ca8c-feb0-41d8-9046-2ec61c1f248c","HHUFVmkNFOVQRY811qCFh46cuM63","7866d00d-ca2e-4a1b-9920-8b5fb82887c9","away","true","""2025-12-25T03:27:20.733Z"""
"2bb87609-dc01-4e0d-b50d-d1172b1a010f","MrwsvsZKPwTJ4SwYnAKtyPEAsrq2","3a4bdeb3-43f1-424e-b283-260aea8a907d","home","true","""2025-11-13T01:24:07.784Z"""
"2bd85842-0200-404f-a902-c46fa489baf1","KNCanobU7uVRwHBloZcTX4hohOD2","c48def3f-04ff-4d04-bac8-80dddcf2b78e","home","true","""2025-10-11T04:21:21.028Z"""
"2be9dba3-d37d-4dc0-9b14-928bbc67bc75","KNCanobU7uVRwHBloZcTX4hohOD2","c912cde0-abd7-41a5-bd0f-58584312d7bc","away","false","""2025-10-11T15:09:38.772Z"""
"2bf2d873-e327-4035-ab72-64ab75f8871a","HHUFVmkNFOVQRY811qCFh46cuM63","7ebf9a6d-6f11-403d-b054-401e37bfa774","home","true","""2025-10-11T04:39:09.450Z"""
"2c318760-8e01-4e34-8a21-875d471b85cc","BQMdo8NUOgY8n0QxdUophLPMewp2","58c41f89-f3f6-4dfd-82b3-55d562cd6f72","away","true","""2025-10-11T14:59:20.957Z"""
"2c3bb1cc-3b9e-45b4-90a7-8d67a0c068c3","MrwsvsZKPwTJ4SwYnAKtyPEAsrq2","a3a56d60-1066-4f41-b987-caa45a787148","away","true","""2025-11-27T00:46:50.680Z"""
"2c47f7cf-cc20-41c2-b0ce-821f3f7bd733","MrwsvsZKPwTJ4SwYnAKtyPEAsrq2","37a5b9e0-5c29-4478-b83b-31cb0f702086","away","true","""2025-10-13T16:43:12.556Z"""
"2c4e78e4-7e78-4130-8d3d-836d037433c9","5Sg3H3XuN7cEb8TLhyA8p8j3hg12","7724eb15-1bea-4896-acbd-dc3737ba014e","home","true","""2025-12-09T18:58:20.569Z"""
"2c57a204-2f43-4b16-81a1-6a2ae8ba2573","5Sg3H3XuN7cEb8TLhyA8p8j3hg12","9e2ac4f6-39c3-41f0-9719-e48a56ce7d58","away","true","""2025-10-13T05:27:55.041Z"""
"2c7870c2-3b80-4e21-81b3-faf8e22a5e50","HHUFVmkNFOVQRY811qCFh46cuM63","2d48aa2d-0cf4-4160-84ef-84ba8296bb1b","home","true","""2025-10-11T04:35:46.515Z"""
"2c800969-39dd-4041-a60a-eb4ec97abceb","HHUFVmkNFOVQRY811qCFh46cuM63","5adabf6b-0cdb-46b7-b2ee-0e68a1b125cc","away","true","""2025-11-05T16:48:22.340Z"""
"2c90a25b-6208-40c7-967f-28ad7c055d4b","MrwsvsZKPwTJ4SwYnAKtyPEAsrq2","a25f6c8c-9b74-4a65-8af1-6345e044fe94","home","true","""2025-11-20T03:55:29.694Z"""
"2c9f2769-f38b-43f5-9f5b-72fa099b0032","HHUFVmkNFOVQRY811qCFh46cuM63","3c008454-ab11-4d81-9033-2030ee4bd713","away","true","""2025-10-11T04:46:06.952Z"""
"2ca150e1-36e8-4225-b7d8-b3f9315feb0e","uTosuZBxPucsOAnCnHmdA3pzBlb2","793d9cdc-de69-460d-ab68-902390a914ec","home","false","""2025-11-25T20:11:42.086Z"""
"2d5a6cc9-c7f9-4118-bce5-96ff4efcabdc","5Sg3H3XuN7cEb8TLhyA8p8j3hg12","08c4b8dc-3f26-473f-bd1b-c3394daa3de7","home","true","""2025-11-11T19:35:37.867Z"""
"2e15c805-39f5-4b2f-824a-627d81a20882","uTosuZBxPucsOAnCnHmdA3pzBlb2","3324e314-b033-45e3-9071-5f0ee73511f3","home","true","""2025-10-14T21:25:27.636Z"""
"2e228716-d948-4489-92af-bca814b324a8","MrwsvsZKPwTJ4SwYnAKtyPEAsrq2","bce79cb1-ba5f-4450-82cb-9c5e4b1f8f95","home","true","""2025-10-13T16:48:32.114Z"""
"2e2f9e43-2212-4c74-bb2b-db730c7b1522","HHUFVmkNFOVQRY811qCFh46cuM63","f5c37341-4b93-45c8-b5ef-bfd19af0fab5","home","true","""2025-10-23T00:09:53.197Z"""
"2e81e3b8-3b00-4311-899d-dd5c5bc12736","MrwsvsZKPwTJ4SwYnAKtyPEAsrq2","cb3db559-8d6f-4c84-b79c-075eca54aa81","away","false","""2025-10-13T16:46:21.471Z"""
"2e83070f-cd6e-4d6b-861a-8037d9ebe4f9","MrwsvsZKPwTJ4SwYnAKtyPEAsrq2","a51a67fc-2c2b-4674-8ae1-3505c1374a2c","home","false","""2026-01-01T04:33:43.116Z"""
"2e9733f9-9730-46bc-8745-d6fa07613d1a","fr8mqCiecfbf9coDGLRV2l3U4Ex1","ecf49c5b-647b-459a-baee-4541757243e8","away","false","""2025-12-31T18:30:17.475Z"""
"2f10c65b-4eb9-4c15-b710-0f6c7ed10052","KNCanobU7uVRwHBloZcTX4hohOD2","3324e314-b033-45e3-9071-5f0ee73511f3","home","true","""2025-10-06T20:38:17.386Z"""
"2f311d46-fadc-4274-b91c-96021dedfa8b","fr8mqCiecfbf9coDGLRV2l3U4Ex1","29981eec-1aff-4705-9a1a-50abfd2ae3b6","home","true","""2025-11-25T22:02:09.409Z"""
"2f53cd79-99d4-41e5-bbd2-97ab475626b8","HHUFVmkNFOVQRY811qCFh46cuM63","3acf4b39-ba12-4d6d-83a6-8845117be627","home","false","""2025-10-11T04:43:21.383Z"""
"2f70134e-0739-4dd7-a655-486e9cb7d7dd","uTosuZBxPucsOAnCnHmdA3pzBlb2","c3947a4d-407f-42bf-bd2e-6c8814bf4c97","away","true","""2025-12-16T20:58:47.472Z"""
"2f9cb1fe-96d3-426b-9c41-734b9b2fd44e","MrwsvsZKPwTJ4SwYnAKtyPEAsrq2","cbbcb24c-cd2e-4c24-baa1-70b73d887780","home","true","""2025-11-06T03:07:14.219Z"""
"2fddd412-9716-40f0-ab9f-439d9c7e0e5e","uTosuZBxPucsOAnCnHmdA3pzBlb2","592310e7-5f1e-411c-94bb-003b9d7cf284","away","true","""2025-11-11T16:11:13.281Z"""
"301f2231-f022-4c64-bb53-98c391da048a","HHUFVmkNFOVQRY811qCFh46cuM63","03452ff1-f0d2-4e79-b52f-dbe07de90710","home","true","""2025-10-23T00:09:53.243Z"""
"302305e2-21be-4633-bcb8-afac6515ed4c","BQMdo8NUOgY8n0QxdUophLPMewp2","ce073ec9-a19b-440f-a4eb-99ecfe56754a","away","true","""2025-10-11T14:59:21.508Z"""
"30c1367c-ca61-49df-a43e-42814f756ace","5Sg3H3XuN7cEb8TLhyA8p8j3hg12","dad9a672-eb43-46ec-8ae2-3002a5e40677","away","false","""2025-12-09T18:58:20.584Z"""
"30c3eea9-365d-4ded-b1f4-c86e17df8b2f","5Sg3H3XuN7cEb8TLhyA8p8j3hg12","7b59dc7c-66f5-4ba5-96b2-e349b94b3c98","home","false","""2025-10-13T05:31:33.767Z"""
"310f8cd3-7114-47e2-905d-79c0d790955c","KNCanobU7uVRwHBloZcTX4hohOD2","9cb4ecef-38cd-46a4-a2c2-d997f52400d7","home","false","""2025-10-28T15:54:57.318Z"""
"312216f7-f6d6-43bf-b77d-abebbf270bd4","KNCanobU7uVRwHBloZcTX4hohOD2","b13933b1-d259-4881-9b23-f1d737a398df","home","false","""2025-10-11T15:11:33.392Z"""
"31492938-59db-4f53-a139-8a713812ce8a","5Sg3H3XuN7cEb8TLhyA8p8j3hg12","2faad927-ee71-4555-95d6-b307aad6e403","away","false","""2025-10-13T05:33:24.496Z"""
"315a1946-0c02-49a4-a819-d06a9e644953","5Sg3H3XuN7cEb8TLhyA8p8j3hg12","10c1ffc4-560d-4e34-a5eb-6473b8948b65","home","true","""2025-11-11T19:35:37.895Z"""
"319616ec-3c65-42f5-b18e-e451f4a1c8c6","BQMdo8NUOgY8n0QxdUophLPMewp2","592310e7-5f1e-411c-94bb-003b9d7cf284","away","true","""2025-11-13T04:17:56.791Z"""
"31c44fe5-1756-41aa-8417-549c0efad06b","HHUFVmkNFOVQRY811qCFh46cuM63","536a6cc2-537d-4b28-9a57-14b66bad4c54","away","false","""2025-10-11T04:43:21.383Z"""
"31d638b3-c06b-4993-9a04-15a0d33c01d9","MrwsvsZKPwTJ4SwYnAKtyPEAsrq2","2090fc33-4cd3-45a5-afb4-72ea85a2fac1","home","true","""2025-10-13T16:48:32.162Z"""
"31dc06f2-bb63-4b7e-9c97-a7448a0b6231","KNCanobU7uVRwHBloZcTX4hohOD2","18b4661d-a29c-4770-92f0-c69c15ef87fe","home","false","""2025-11-25T17:25:25.312Z"""
"32505040-ee60-4c0f-a63f-00b8bad37969","BQMdo8NUOgY8n0QxdUophLPMewp2","f5c37341-4b93-45c8-b5ef-bfd19af0fab5","away","false","""2025-10-23T01:28:38.082Z"""
"3254d4dd-d6a4-4e50-a003-34c9389d53d5","uTosuZBxPucsOAnCnHmdA3pzBlb2","03452ff1-f0d2-4e79-b52f-dbe07de90710","home","true","""2025-10-22T15:35:14.032Z"""
"32d3f1df-e5d6-4941-a8eb-84eb4f437db7","MrwsvsZKPwTJ4SwYnAKtyPEAsrq2","6a204869-e5da-4115-b689-35b74aeaa5a0","away","false","""2025-10-29T22:30:17.394Z"""
"32dbe949-5616-4d93-8dc0-e41ed98b0fb6","KNCanobU7uVRwHBloZcTX4hohOD2","10750ab4-159d-445a-91aa-b9e21d6b714e","home","true","""2025-10-22T14:54:23.368Z"""
"32f8c038-8fae-4714-8ec7-eda3de5f2d8c","HHUFVmkNFOVQRY811qCFh46cuM63","0882b537-08b1-4a14-b320-02958418489e","away","true","""2025-12-25T03:27:20.769Z"""
"332c4db0-f2bc-4ecf-9f75-0b747f580608","5Sg3H3XuN7cEb8TLhyA8p8j3hg12","cc2f7e28-74cb-48e1-8a99-6d2421e9b89b","away","false","""2025-10-15T17:10:02.683Z"""
"334139bc-e8f3-4a52-9c98-62e88d086402","MrwsvsZKPwTJ4SwYnAKtyPEAsrq2","6f834428-4d17-4f34-9f44-609b49f6cde0","home","true","""2026-01-01T04:33:43.115Z"""
"3348f466-61e6-4b65-87f2-a24533290042","uTosuZBxPucsOAnCnHmdA3pzBlb2","3ebf3c21-5d65-4329-ad66-1c3143403743","away","true","""2025-11-11T16:11:18.109Z"""
"334bd0a1-8046-4c0b-a1fe-5d69abc28e55","HHUFVmkNFOVQRY811qCFh46cuM63","c9a08577-585b-42ed-affc-55d86d567ef3","home","true","""2025-10-11T04:41:16.186Z"""
"334f14df-a27d-43ce-b2d5-f1fc2a344eb1","HHUFVmkNFOVQRY811qCFh46cuM63","f9e49890-cbaa-403f-861b-2ec9cf3c194f","home","true","""2025-11-27T01:32:28.189Z"""
"33a85c29-6d6c-44ed-91c3-8af7b4c39b35","uTosuZBxPucsOAnCnHmdA3pzBlb2","7866d00d-ca2e-4a1b-9920-8b5fb82887c9","away","true","""2025-12-23T20:19:35.238Z"""
"33b4f629-4088-4055-a5b0-b6d08060c9e4","5Sg3H3XuN7cEb8TLhyA8p8j3hg12","5ca39933-0941-4486-8719-9491ba784310","away","true","""2025-10-13T05:33:24.452Z"""
"33bea207-ceeb-4a5c-94d9-bb6a50d54d0a","KNCanobU7uVRwHBloZcTX4hohOD2","9f5a2821-a4c7-4c30-9043-c6ed1c73a505","away","true","""2025-12-16T16:11:50.185Z"""
"33ceb302-8a48-4963-a5b1-9c7a34c68cdb","fr8mqCiecfbf9coDGLRV2l3U4Ex1","712832f9-8a82-41ab-a806-0627d6d42fc4","home","true","""2025-10-13T05:51:00.812Z"""
"33d2cd20-8199-4cc7-9f43-ca4b29d4a071","fr8mqCiecfbf9coDGLRV2l3U4Ex1","cfabb977-38c9-46be-ac17-8b760d0000d1","home","true","""2025-12-09T18:54:43.397Z"""
"3406a3e0-d92f-44ea-b681-f5a9f348f850","5Sg3H3XuN7cEb8TLhyA8p8j3hg12","1b827358-ad04-4acd-8e1a-5b78ec0b6fd8","home","true","""2025-12-02T16:43:55.775Z"""
"3409b690-5a72-4ace-b940-04a5571292a2","5Sg3H3XuN7cEb8TLhyA8p8j3hg12","b03a5a5f-169b-4dfa-9b65-7551a928e707","away","true","""2025-12-24T18:04:28.598Z"""
"343b3ae7-c8c7-4bc5-aebd-5733c6b0ca6d","fr8mqCiecfbf9coDGLRV2l3U4Ex1","b240d41c-2aa9-4b7a-be70-fd2e6518084b","home","true","""2025-10-22T16:28:53.869Z"""
"344ac9e5-7b3f-4d3a-b588-baca85dc0aee","KNCanobU7uVRwHBloZcTX4hohOD2","915ff41e-e023-45ff-b1a8-542b7d02688e","home","true","""2025-10-22T14:54:23.391Z"""
"348070f2-0c5e-4019-a944-75a9d6f13d03","uTosuZBxPucsOAnCnHmdA3pzBlb2","72dc680f-9575-4cb3-9308-155f258f48f6","home","true","""2025-10-11T16:07:45.652Z"""
"349fc015-79a3-4c41-b725-e2ec7b48aefc","BQMdo8NUOgY8n0QxdUophLPMewp2","2e020826-f20e-465a-8b83-f2eaa4acd153","away","true","""2025-10-16T00:52:51.665Z"""
"34a08085-1e31-4fa3-a018-e0620800392d","fr8mqCiecfbf9coDGLRV2l3U4Ex1","3d176750-486f-46fc-9e81-bc39747a3a17","home","true","""2025-12-18T03:18:03.406Z"""
"34a43163-257e-4d53-ac0f-741c75f99572","5Sg3H3XuN7cEb8TLhyA8p8j3hg12","47a141f6-72ba-43c5-9a00-1c0a7f0d940d","home","false","""2025-12-09T18:58:20.577Z"""
"34d99487-50d9-4c36-8f25-77108d076d1f","KNCanobU7uVRwHBloZcTX4hohOD2","b1092853-be4e-4bb7-beef-85df31d31fc6","home","true","""2025-10-11T04:21:21.017Z"""
"34d9c197-6e5b-4553-bae2-6621114e97b5","HHUFVmkNFOVQRY811qCFh46cuM63","46d6b8f1-25a6-4488-bbdc-8466f3ae06a7","away","true","""2025-10-11T04:43:21.712Z"""
"34ecbd43-9327-45d2-9fdb-3c5151b7151b","KNCanobU7uVRwHBloZcTX4hohOD2","c3eac563-fddd-4906-a10d-17ba6a4e1f16","away","true","""2025-10-06T20:38:17.366Z"""
"3506a359-002f-4efb-a599-664ed5f8469a","BQMdo8NUOgY8n0QxdUophLPMewp2","d1634e0b-ea2d-44dd-96ef-8d43b63f69c5","home","false","""2025-12-18T03:34:05.031Z"""
"352b9d0c-bd50-495a-af7e-9b63d0f51d23","fr8mqCiecfbf9coDGLRV2l3U4Ex1","d1634e0b-ea2d-44dd-96ef-8d43b63f69c5","away","true","""2025-12-18T03:18:03.391Z"""
"352d1b17-2e5c-47e1-9092-f88234b69188","5Sg3H3XuN7cEb8TLhyA8p8j3hg12","8193b700-afa4-49d8-992e-10f2cadbae55","home","true","""2025-10-13T05:30:01.766Z"""
"35396543-018d-49f8-b8a0-84e7c8ed3d80","KNCanobU7uVRwHBloZcTX4hohOD2","dd397b62-ab95-43f5-8ae9-6d2e8d0ad988","home","true","""2025-12-09T18:35:56.943Z"""
"35d00b15-51dc-46cc-8621-d209f1f2c5f8","BQMdo8NUOgY8n0QxdUophLPMewp2","a6610cd6-055f-4716-8f88-189d342b234f","home","false","""2025-12-11T04:11:58.918Z"""
"35d180e9-1d5f-4b45-8fa9-157774799ced","BQMdo8NUOgY8n0QxdUophLPMewp2","d6c04882-f458-4dac-b279-da620dfce339","away","false","""2025-11-20T02:12:53.590Z"""
"35de4e18-f4d9-4747-a0b5-f52991baa12d","HHUFVmkNFOVQRY811qCFh46cuM63","125817a5-7c31-4006-ad58-a27c84beae30","away","true","""2025-11-12T03:58:38.992Z"""
"35e0c785-fdb8-4068-8e00-fd929bfff6ce","uTosuZBxPucsOAnCnHmdA3pzBlb2","091ea06d-494c-4561-a6c9-5ca52ee2c291","home","false","""2025-10-11T16:06:31.194Z"""
"35eb5982-7c79-4b2d-bd9b-3ec63d23ba67","MrwsvsZKPwTJ4SwYnAKtyPEAsrq2","ce073ec9-a19b-440f-a4eb-99ecfe56754a","away","true","""2025-10-13T16:48:32.116Z"""
"3602b3c4-c79d-4038-81ee-bad4895ab7f0","KNCanobU7uVRwHBloZcTX4hohOD2","c3947a4d-407f-42bf-bd2e-6c8814bf4c97","away","true","""2025-12-16T16:11:50.209Z"""
"360b6594-5131-4e6a-8267-32fa1c092de4","uTosuZBxPucsOAnCnHmdA3pzBlb2","32426bff-f56b-479e-b6c6-f599616e8c90","home","true","""2025-11-04T20:38:13.606Z"""
"36368a4d-70b6-4d6b-8fcd-e46cd2422879","5Sg3H3XuN7cEb8TLhyA8p8j3hg12","4ca05f8d-5839-4502-a066-a827679faca5","home","false","""2025-12-02T16:43:55.755Z"""
"363ece4a-e131-43b7-acad-d170ede48b3e","uTosuZBxPucsOAnCnHmdA3pzBlb2","6dd54dde-1403-44da-b4fd-8dc8aafb4ce1","home","true","""2025-10-06T23:16:40.501Z"""
"365eea0b-6b02-4a1a-b350-eb9d7fa69ff1","BQMdo8NUOgY8n0QxdUophLPMewp2","14296231-b958-407d-b299-8c8dc027d43e","away","true","""2025-10-30T03:07:44.231Z"""
"3683f8cb-6aec-41aa-bde3-7cf5bad9dcac","MrwsvsZKPwTJ4SwYnAKtyPEAsrq2","102b51be-41f2-4990-b2f0-894f6667fe87","away","true","""2025-10-29T22:30:17.392Z"""
"368cbc8b-f8f2-4e25-abb4-2914417169ff","fr8mqCiecfbf9coDGLRV2l3U4Ex1","9d84c7f1-c311-4457-a00f-12253fced02f","home","true","""2025-12-09T18:54:43.403Z"""
"369fff32-3a9f-4dcd-9b9c-f24ba7558472","BQMdo8NUOgY8n0QxdUophLPMewp2","394218dd-01fb-496f-86c8-9c8a1a2f1a08","away","false","""2025-10-16T00:52:49.969Z"""
"36b9bcb0-c485-4dc7-a4d7-42b6c5876003","HHUFVmkNFOVQRY811qCFh46cuM63","dc2c288e-210c-48b1-9f72-71fcc71c9c00","home","true","""2025-10-11T04:35:46.480Z"""
"36d32932-72d8-4bdb-9187-cf1c31968081","uTosuZBxPucsOAnCnHmdA3pzBlb2","2faad927-ee71-4555-95d6-b307aad6e403","away","false","""2025-10-11T16:09:43.282Z"""
"36edcef9-f79a-4706-b285-d3efaf2461ff","KNCanobU7uVRwHBloZcTX4hohOD2","345b6627-774b-4aba-b950-3136abdfe906","home","true","""2025-10-11T15:08:25.864Z"""
"36efde79-bf4b-423b-8f3d-d16f95cef9d4","HHUFVmkNFOVQRY811qCFh46cuM63","8d4b29c4-5a41-48b2-bf80-492089dc3ebb","away","false","""2025-12-25T03:27:20.797Z"""
"370e7c29-da78-43a8-b330-660f75fa6010","MrwsvsZKPwTJ4SwYnAKtyPEAsrq2","c48def3f-04ff-4d04-bac8-80dddcf2b78e","home","true","""2025-10-13T16:41:38.885Z"""
"3735ef5b-08d0-43df-9e12-5117e923a538","uTosuZBxPucsOAnCnHmdA3pzBlb2","125817a5-7c31-4006-ad58-a27c84beae30","away","true","""2025-11-11T16:11:18.156Z"""
"374823a6-afb2-4be8-8cb0-93d303c88df9","MrwsvsZKPwTJ4SwYnAKtyPEAsrq2","8ae1db88-b0f8-45a7-8efb-626b272c99e9","home","true","""2025-10-13T16:46:19.630Z"""
"37750590-6a19-4e09-9917-8b8af272dd95","BQMdo8NUOgY8n0QxdUophLPMewp2","49d5b888-cefc-4a6c-9ee5-57326e3c1091","home","true","""2025-11-06T04:09:37.011Z"""
"37a0c12c-23a3-4ed2-8166-f852f8aa201f","5Sg3H3XuN7cEb8TLhyA8p8j3hg12","bbf31f42-841a-4dc4-ae72-bfa5b5822a7c","away","false","""2025-12-24T18:04:28.623Z"""
"37c29439-e8d6-4aab-b22f-a0bd91d902e9","BQMdo8NUOgY8n0QxdUophLPMewp2","22759715-e3f6-42cb-99a0-ba1c9ea0c590","away","false","""2026-01-03T04:39:38.694Z"""
"37ddacaf-c7ef-4f0b-9425-7006710f051c","MrwsvsZKPwTJ4SwYnAKtyPEAsrq2","7b0cf584-001d-446a-ac68-ac81dd891f67","away","true","""2025-11-20T03:55:29.690Z"""
"37fe0eab-14c5-49fe-9974-733e2c9229e2","KNCanobU7uVRwHBloZcTX4hohOD2","712832f9-8a82-41ab-a806-0627d6d42fc4","home","true","""2025-10-06T20:33:28.095Z"""
"382ca5ef-5a13-4ade-a81e-5d66a6744cbe","BQMdo8NUOgY8n0QxdUophLPMewp2","cc2f7e28-74cb-48e1-8a99-6d2421e9b89b","home","true","""2025-10-16T00:52:49.905Z"""
"387dd032-aa9b-4653-924d-e89e21150ecc","HHUFVmkNFOVQRY811qCFh46cuM63","b13933b1-d259-4881-9b23-f1d737a398df","home","false","""2025-10-11T04:43:21.716Z"""
"38a28416-0be8-4e62-85c1-47d3585911f3","MrwsvsZKPwTJ4SwYnAKtyPEAsrq2","08c4b8dc-3f26-473f-bd1b-c3394daa3de7","home","true","""2025-11-13T01:24:07.806Z"""
"38bde5c3-31e0-43cd-a668-0dde75bc36d7","uTosuZBxPucsOAnCnHmdA3pzBlb2","2d48aa2d-0cf4-4160-84ef-84ba8296bb1b","home","true","""2025-10-11T16:06:31.176Z"""
"38c9ce66-2664-45a5-8493-376055103ce3","BQMdo8NUOgY8n0QxdUophLPMewp2","15eb92cf-99f9-458a-859c-1161b5f5e81c","away","false","""2025-10-11T14:59:20.956Z"""
"38dd7563-bbb7-4c90-a332-d0a197f1f79d","KNCanobU7uVRwHBloZcTX4hohOD2","72dc680f-9575-4cb3-9308-155f258f48f6","home","true","""2025-10-11T15:08:25.556Z"""
"38eacd0b-c735-4d0c-9421-c2262b8ec1f1","KNCanobU7uVRwHBloZcTX4hohOD2","f6fab087-2f9f-4790-bc3f-3ce30915e78f","home","true","""2025-10-06T20:38:17.430Z"""
"38f2b07c-372c-49fa-b225-314f57671fde","5Sg3H3XuN7cEb8TLhyA8p8j3hg12","cdc2a856-e7e5-41aa-8abb-8394a460ad50","away","true","""2025-10-13T05:31:33.737Z"""
"396021c2-5f49-4e27-9e14-002bf918b377","KNCanobU7uVRwHBloZcTX4hohOD2","e9be9eb2-a692-4a1b-909f-890ac195f92e","home","true","""2026-01-01T21:09:52.970Z"""
"39fcfc81-29e1-4465-b0db-0e35458a0ca3","BQMdo8NUOgY8n0QxdUophLPMewp2","e5f5592c-6f29-4f54-91fd-f482091aa68d","home","true","""2025-10-16T00:52:51.676Z"""
"3a0a83c8-3845-4c4a-9cef-12ffe5d92259","HHUFVmkNFOVQRY811qCFh46cuM63","8aa717d5-f0fd-4d88-8198-b8ec733a6205","away","true","""2025-10-11T04:32:32.849Z"""
"3a1433e3-1474-415c-949b-993d8efa19e7","HHUFVmkNFOVQRY811qCFh46cuM63","745bbb28-4426-4b7b-8da1-f333b20f53b1","away","false","""2025-11-12T03:58:39.028Z"""
"3a1dcef9-8372-47e7-ab3b-29efcefcc9b6","fr8mqCiecfbf9coDGLRV2l3U4Ex1","35994b25-507c-4fec-9364-bdc6937e4a74","home","false","""2025-11-13T03:54:10.449Z"""
"3a51becf-c20a-4adc-90b1-0344a9aca907","BQMdo8NUOgY8n0QxdUophLPMewp2","03452ff1-f0d2-4e79-b52f-dbe07de90710","home","true","""2025-10-23T01:28:37.860Z"""
"3a58356a-9cda-4304-833d-208212bcaa58","KNCanobU7uVRwHBloZcTX4hohOD2","d9ef7df6-8d61-4b7f-bc4e-e6c7167d33ea","home","true","""2025-12-23T15:48:55.951Z"""
"3a618850-4f9e-46b7-88be-14626c300493","HHUFVmkNFOVQRY811qCFh46cuM63","27272f98-3733-4614-a94f-7c57e4de90b0","away","false","""2025-11-05T16:48:22.293Z"""
"3aed2a86-6a48-4cfb-81f8-0152d211975c","KNCanobU7uVRwHBloZcTX4hohOD2","aa089e46-2b2b-4939-b3c0-57961a62bd42","home","true","""2025-10-06T20:33:28.095Z"""
"3b1c9f2c-f149-42f1-8494-d172d88699ec","5Sg3H3XuN7cEb8TLhyA8p8j3hg12","00a25211-2151-49de-96dd-eecb1280c2e4","home","true","""2025-11-27T02:35:10.992Z"""
"3b5c23eb-0ad1-4d4e-a0a3-8702ddfc2bf2","KNCanobU7uVRwHBloZcTX4hohOD2","a25f6c8c-9b74-4a65-8af1-6345e044fe94","home","true","""2025-11-18T17:23:10.538Z"""
"3b76607b-8c75-43f0-a3e4-c2f2f3c08434","uTosuZBxPucsOAnCnHmdA3pzBlb2","276805f8-a20e-4293-be82-942d6476caf2","home","true","""2025-11-18T19:09:31.804Z"""
"3b8b462b-bc46-4884-acf1-a04cc41129a9","MrwsvsZKPwTJ4SwYnAKtyPEAsrq2","b03a5a5f-169b-4dfa-9b65-7551a928e707","away","true","""2025-12-24T22:42:46.736Z"""
"3b8ec559-0f7d-45c0-b75a-fe2bbc73a702","uTosuZBxPucsOAnCnHmdA3pzBlb2","83456161-43d7-4a3a-ba06-ab34769f0db6","away","true","""2025-11-25T20:11:42.088Z"""
"3b94bdea-1e11-4181-b6b3-b2056c601904","uTosuZBxPucsOAnCnHmdA3pzBlb2","37a5b9e0-5c29-4478-b83b-31cb0f702086","away","true","""2025-10-11T16:06:31.190Z"""
"3bb2f9d0-e878-4c10-a7cb-8e5a0395d84a","5Sg3H3XuN7cEb8TLhyA8p8j3hg12","22759715-e3f6-42cb-99a0-ba1c9ea0c590","home","true","""2026-01-01T21:41:19.048Z"""
"3bbd61b5-1367-4d26-b0a8-50817bedef6e","fr8mqCiecfbf9coDGLRV2l3U4Ex1","2e020826-f20e-465a-8b83-f2eaa4acd153","away","true","""2025-10-15T23:46:56.012Z"""
"3bc76bc3-35f4-49e4-a0e3-a8e8ab5de8d1","uTosuZBxPucsOAnCnHmdA3pzBlb2","d87ea987-47bb-4fb4-aaf3-04d87be2df6d","home","true","""2025-12-16T20:58:45.548Z"""
"3bd34785-0176-43c1-85fc-27823b6e9e22","HHUFVmkNFOVQRY811qCFh46cuM63","8935b981-7f63-4806-87c9-aca46ca74c66","away","false","""2025-12-17T15:41:35.310Z"""
"3c055b51-3023-4b56-a177-889dc2fc9215","KNCanobU7uVRwHBloZcTX4hohOD2","8935b981-7f63-4806-87c9-aca46ca74c66","away","false","""2025-12-16T16:11:50.141Z"""
"3c7aa328-f991-4df3-b3cd-78320bf0f196","5Sg3H3XuN7cEb8TLhyA8p8j3hg12","f6fab087-2f9f-4790-bc3f-3ce30915e78f","home","true","""2025-10-15T17:10:02.712Z"""
"3c86ec9d-b647-4dda-af5e-af69980099b1","KNCanobU7uVRwHBloZcTX4hohOD2","cd1f1d0a-7194-49c7-af9c-afc86b7933a0","home","true","""2025-11-25T17:25:25.346Z"""
"3c96889b-6bc5-4bad-93a0-9a79f2873462","fr8mqCiecfbf9coDGLRV2l3U4Ex1","b13933b1-d259-4881-9b23-f1d737a398df","home","false","""2025-10-13T05:49:58.062Z"""
"3ca1cae9-e2e1-4440-80ce-a011e7b0b316","uTosuZBxPucsOAnCnHmdA3pzBlb2","6bfceca8-47b4-4e37-98f0-5183061d6da4","home","false","""2025-10-11T16:09:43.299Z"""
"3cac1a9f-ae9f-4b6b-b0de-a81b9eebaa0d","BQMdo8NUOgY8n0QxdUophLPMewp2","5714bec8-abea-4c3c-8324-92978f3b859f","away","true","""2025-10-11T14:59:20.963Z"""
"3cbd4180-6371-43ff-9481-07a16b3e04ff","BQMdo8NUOgY8n0QxdUophLPMewp2","ff74829e-0197-476d-a27f-7c3df0946120","home","true","""2025-10-30T03:07:44.227Z"""
"3ccffda0-caf0-4dcd-8374-0eb9fb2c71f7","5Sg3H3XuN7cEb8TLhyA8p8j3hg12","e37673f8-4ca5-4823-af52-83bfff38261c","away","true","""2025-12-18T03:37:52.131Z"""
"3cdb5f34-ebc4-485e-ac67-e25a7f805104","uTosuZBxPucsOAnCnHmdA3pzBlb2","cfabb977-38c9-46be-ac17-8b760d0000d1","home","true","""2025-12-09T19:52:27.594Z"""
"3d18e127-87ec-4bba-b059-ae000595e10b","MrwsvsZKPwTJ4SwYnAKtyPEAsrq2","c07dbd01-1a69-4ea9-81d0-575a0f61ed60","away","true","""2025-10-23T01:31:36.568Z"""
"3d1e0bb1-914f-42d6-a8df-feea70382b26","KNCanobU7uVRwHBloZcTX4hohOD2","9dff992f-1ac3-45d2-80a8-96e745368797","home","false","""2025-12-23T15:48:55.915Z"""
"3d4c5e72-8f63-441e-be48-68e6d019ee0e","uTosuZBxPucsOAnCnHmdA3pzBlb2","2657802c-1ec7-4932-bf94-0e13a5d42e8e","home","false","""2025-10-11T16:09:43.313Z"""
"3d51f794-8130-4e19-aaa2-f38db9cd8d28","HHUFVmkNFOVQRY811qCFh46cuM63","e8c441ce-b782-4ecb-aca5-4e44c45c9712","home","true","""2025-10-11T04:32:32.835Z"""
"3d53f0f4-906a-49e6-92eb-cdc04de774cc","fr8mqCiecfbf9coDGLRV2l3U4Ex1","dec545cd-bc5b-4db2-999b-57e75045cb1d","home","true","""2025-12-09T18:54:43.446Z"""
"3e11d82a-bbe6-411e-a679-6d2d9624be51","5Sg3H3XuN7cEb8TLhyA8p8j3hg12","6346765c-9f65-41ee-9416-f968e65c0d23","home","false","""2025-12-24T18:04:28.622Z"""
"3e1ff6a2-616d-4154-a7ee-0982e5c2b889","MrwsvsZKPwTJ4SwYnAKtyPEAsrq2","f36c055f-4d4f-4845-9c32-8fd81f510cc0","away","true","""2026-01-01T04:33:43.160Z"""
"3e4e07b7-13ff-4f6c-a782-aef0f4a095c7","HHUFVmkNFOVQRY811qCFh46cuM63","8f749334-e12d-44cd-87b6-6927f8ad876d","away","false","""2025-11-27T01:32:28.164Z"""
"3e77fc02-177a-4772-ad97-053354fc5b69","MrwsvsZKPwTJ4SwYnAKtyPEAsrq2","cfabb977-38c9-46be-ac17-8b760d0000d1","home","true","""2025-12-11T02:27:27.324Z"""
"3e8c4aeb-53f7-4b69-8f79-7f882a5fe5bc","KNCanobU7uVRwHBloZcTX4hohOD2","793d9cdc-de69-460d-ab68-902390a914ec","home","false","""2025-11-25T17:25:25.315Z"""
"3ea527dc-e698-4bb4-a02b-2292489c6f8d","BQMdo8NUOgY8n0QxdUophLPMewp2","93009d60-cd8e-475b-a816-982fa70969a5","away","true","""2025-10-11T14:52:44.498Z"""
"3edcb6fe-e202-46c8-a9fb-1c2d840c3a04","MrwsvsZKPwTJ4SwYnAKtyPEAsrq2","c3c58ec3-2d73-43cd-9dd0-4e4fbb53458b","home","false","""2025-11-27T00:46:50.617Z"""
"3ee1ff0e-e5e0-4ff4-b443-cbbab537e0c1","fr8mqCiecfbf9coDGLRV2l3U4Ex1","7866d00d-ca2e-4a1b-9920-8b5fb82887c9","away","true","""2025-12-24T17:05:36.286Z"""
"3eef63d8-f90f-4ff6-8db5-e83308367f87","uTosuZBxPucsOAnCnHmdA3pzBlb2","ec48d4f9-2a97-44e9-99dd-600dcba4b05e","away","true","""2025-11-11T16:11:13.297Z"""
"3ef05b6c-60b8-4f7f-a3e7-2f2ed96142ae","fr8mqCiecfbf9coDGLRV2l3U4Ex1","06166fe9-e0aa-4e3c-b84a-60851b05b11d","away","false","""2025-10-13T05:48:22.796Z"""
"3ef1d2bc-2098-4b3e-a4d6-d10475a71309","HHUFVmkNFOVQRY811qCFh46cuM63","21be25ec-2be3-4dae-8b56-c58699364ee6","home","true","""2025-12-10T01:12:52.123Z"""
"3f0b8bd7-2e9a-4371-8ff0-ada33f90d59b","MrwsvsZKPwTJ4SwYnAKtyPEAsrq2","49d5b888-cefc-4a6c-9ee5-57326e3c1091","home","true","""2025-11-06T03:07:14.243Z"""
"3f2e8390-8c13-4f08-beb3-e8e408fa0b87","HHUFVmkNFOVQRY811qCFh46cuM63","dec545cd-bc5b-4db2-999b-57e75045cb1d","home","true","""2025-12-10T01:12:52.169Z"""
"3f73511e-b84a-499f-a7c5-8ca75dd504aa","BQMdo8NUOgY8n0QxdUophLPMewp2","8e66c065-1f82-4e8b-add6-e914dcb648f0","home","false","""2025-12-25T03:44:19.629Z"""
"3f92f551-38ad-4f86-92da-3ea6753592df","KNCanobU7uVRwHBloZcTX4hohOD2","0d235aa7-8a1c-49a1-9b34-29246d31e6fc","home","true","""2025-10-22T14:54:23.392Z"""
"3faa46c4-2ed2-42d5-b09b-cc72fd4d8b00","BQMdo8NUOgY8n0QxdUophLPMewp2","adc9d7a4-ae90-4a83-a4ef-9187d53a47cd","away","false","""2025-10-16T00:52:51.663Z"""
"3fb486b3-6e6c-4f03-aa29-0c2044b4eb44","BQMdo8NUOgY8n0QxdUophLPMewp2","ccb00408-299b-4110-ae06-4ad1e6aca797","away","false","""2025-11-13T04:17:56.752Z"""
"3fbccbf8-cd1a-4a13-9751-e43e863f4d19","MrwsvsZKPwTJ4SwYnAKtyPEAsrq2","3324e314-b033-45e3-9071-5f0ee73511f3","away","false","""2025-10-16T00:36:23.981Z"""
"3fc28156-463e-43a8-a537-4a7627a01fb6","HHUFVmkNFOVQRY811qCFh46cuM63","01b38b62-0eeb-482b-ba65-10d5468a0d1a","away","false","""2025-11-12T03:58:38.976Z"""
"3fc412e5-05e7-47b2-8812-f80a9dc65a3e","KNCanobU7uVRwHBloZcTX4hohOD2","dc2c288e-210c-48b1-9f72-71fcc71c9c00","home","true","""2025-10-11T15:06:13.059Z"""
"3ffecb1e-0240-48f6-8bd8-f2d7dee1749b","fr8mqCiecfbf9coDGLRV2l3U4Ex1","8193b700-afa4-49d8-992e-10f2cadbae55","away","false","""2025-10-13T05:46:45.975Z"""
"401b6b03-0bfb-422c-91db-7006abc13e7d","uTosuZBxPucsOAnCnHmdA3pzBlb2","345b6627-774b-4aba-b950-3136abdfe906","home","true","""2025-10-11T16:07:45.674Z"""
"40266526-e428-4950-ace8-44befc61941a","BQMdo8NUOgY8n0QxdUophLPMewp2","a7911bab-2f04-4cdb-ad84-6b16a18c74f3","home","false","""2025-11-26T03:40:12.505Z"""
"40658d91-386f-434b-ad87-66cc82418c2e","BQMdo8NUOgY8n0QxdUophLPMewp2","8935b981-7f63-4806-87c9-aca46ca74c66","home","true","""2025-12-18T03:34:05.053Z"""
"40a081f4-551f-405d-9723-bd749ca94173","KNCanobU7uVRwHBloZcTX4hohOD2","6a0d84af-ac95-4d3d-a3c2-149169507d04","home","false","""2025-10-22T14:54:23.369Z"""
"40ad985c-8aa5-4095-bc00-f4874a1ac69e","fr8mqCiecfbf9coDGLRV2l3U4Ex1","2657802c-1ec7-4932-bf94-0e13a5d42e8e","home","false","""2025-10-13T05:49:58.067Z"""
"4111edb0-af7c-465d-887f-47eab3f03966","fr8mqCiecfbf9coDGLRV2l3U4Ex1","c48def3f-04ff-4d04-bac8-80dddcf2b78e","home","true","""2025-10-13T05:43:03.127Z"""
"4130be06-5e92-49c8-8d0f-5d418b025bf1","MrwsvsZKPwTJ4SwYnAKtyPEAsrq2","3ebf3c21-5d65-4329-ad66-1c3143403743","away","true","""2025-11-13T01:24:07.782Z"""
"41373e00-dd5c-497f-b613-29e18db791fa","BQMdo8NUOgY8n0QxdUophLPMewp2","037eeb17-0a48-44f0-bfc4-d65ef659c1e4","home","false","""2025-10-16T00:52:49.942Z"""
"4147dd48-8746-4e4e-99ba-160b5a47c1b1","KNCanobU7uVRwHBloZcTX4hohOD2","1fc7e4a6-93c4-41b6-b74f-e54d12d7601d","home","true","""2025-12-16T16:11:50.199Z"""
"418f51f6-65e4-4942-b0cf-44cb60d086e3","KNCanobU7uVRwHBloZcTX4hohOD2","dec545cd-bc5b-4db2-999b-57e75045cb1d","home","true","""2025-12-09T18:35:56.884Z"""
"41bf0b83-9f79-4004-ba82-7c7d6f5311ad","BQMdo8NUOgY8n0QxdUophLPMewp2","52d8e71d-f09d-459a-9847-b0786a0fc9cb","home","true","""2025-10-11T14:54:09.810Z"""
"41ca0d41-5396-416d-a462-c1bfc02cf566","uTosuZBxPucsOAnCnHmdA3pzBlb2","e0e04637-9693-42aa-a826-ec4a7571ed70","away","false","""2025-10-11T16:07:45.669Z"""
"41cf4f22-0a07-4404-a8dd-cccd626493fd","BQMdo8NUOgY8n0QxdUophLPMewp2","dc49f1ed-b904-4ec1-9a10-7544e540a3e1","away","true","""2025-11-20T02:12:53.532Z"""
"41fc0d3b-d289-4eac-bf8e-d324da91826a","KNCanobU7uVRwHBloZcTX4hohOD2","00a25211-2151-49de-96dd-eecb1280c2e4","home","true","""2025-11-25T17:25:25.379Z"""
"424a02d4-38e0-4258-a6a5-d961cccd0f3e","HHUFVmkNFOVQRY811qCFh46cuM63","6346765c-9f65-41ee-9416-f968e65c0d23","away","true","""2025-12-25T03:27:20.736Z"""
"424ee512-7ad2-4938-8623-dcb3cf1225f9","BQMdo8NUOgY8n0QxdUophLPMewp2","ecf49c5b-647b-459a-baee-4541757243e8","home","true","""2026-01-03T04:39:38.718Z"""
"4258db0a-cfe2-4710-ada3-8f699d851174","MrwsvsZKPwTJ4SwYnAKtyPEAsrq2","58c41f89-f3f6-4dfd-82b3-55d562cd6f72","home","false","""2025-10-13T16:48:32.149Z"""
"4273e561-4ed6-4652-930f-fc835600dbc4","uTosuZBxPucsOAnCnHmdA3pzBlb2","188f8022-c384-495f-bbfa-d45f60761b5d","home","false","""2025-12-16T20:58:45.507Z"""
"4290b9e6-665a-4a22-a38e-002d7753883e","fr8mqCiecfbf9coDGLRV2l3U4Ex1","75fb78a0-ee28-474a-b080-19dbaed51a42","home","true","""2025-10-13T05:49:58.035Z"""
"4298a949-8ce8-496b-9c23-c05f29bb6035","uTosuZBxPucsOAnCnHmdA3pzBlb2","a3a56d60-1066-4f41-b987-caa45a787148","away","true","""2025-11-25T20:11:42.087Z"""
"42c849c7-1dd6-4b5c-a91f-d459bff136d0","uTosuZBxPucsOAnCnHmdA3pzBlb2","bafe51de-84a7-486a-b104-788bf1701391","away","true","""2025-10-11T16:06:31.228Z"""
"42cfdfaa-788e-4c15-9bfa-5293a184c516","HHUFVmkNFOVQRY811qCFh46cuM63","5714bec8-abea-4c3c-8324-92978f3b859f","away","true","""2025-10-11T04:46:06.939Z"""
"4301a62b-c077-4b35-963c-9f97cdb21bb5","uTosuZBxPucsOAnCnHmdA3pzBlb2","4d631138-18a5-41c6-a3ed-1bbe8c6533d6","home","true","""2025-11-04T20:38:13.643Z"""
"43120a3e-a7b6-4d09-ac13-74afb1f24d25","KNCanobU7uVRwHBloZcTX4hohOD2","9450763b-6a2d-412f-a2ca-813f3f895037","away","true","""2025-10-22T14:54:23.444Z"""
"433734a5-84b4-4d9c-b897-08e99b8df5b6","fr8mqCiecfbf9coDGLRV2l3U4Ex1","b1ef955b-aeb7-460b-82e7-fe71169a7923","away","true","""2025-11-06T00:57:45.905Z"""
"434bf007-12a0-48f9-ba46-dd6facc68a7b","fr8mqCiecfbf9coDGLRV2l3U4Ex1","394218dd-01fb-496f-86c8-9c8a1a2f1a08","away","false","""2025-10-15T23:46:55.721Z"""
"435469ba-7443-468c-b87d-776f2f1091aa","KNCanobU7uVRwHBloZcTX4hohOD2","5079b48e-5419-4607-a529-b5693b1327c2","home","false","""2025-12-09T18:35:56.941Z"""
"438cf234-661b-4e10-b2e6-949ac4a649cd","KNCanobU7uVRwHBloZcTX4hohOD2","b1ef955b-aeb7-460b-82e7-fe71169a7923","away","true","""2025-11-04T17:08:39.984Z"""
"438d6595-8143-4741-a4b4-bc381d486697","HHUFVmkNFOVQRY811qCFh46cuM63","20401b13-eb09-4143-9820-6260aff1c7a0","away","false","""2025-11-19T16:16:01.037Z"""
"439e79f0-0079-49bf-bd44-2b0ec8f2b0c6","KNCanobU7uVRwHBloZcTX4hohOD2","4d631138-18a5-41c6-a3ed-1bbe8c6533d6","home","true","""2025-11-04T17:08:39.983Z"""
"43d8a829-b49d-4cbd-b251-45b432f29a26","5Sg3H3XuN7cEb8TLhyA8p8j3hg12","32426bff-f56b-479e-b6c6-f599616e8c90","home","true","""2025-11-06T03:11:58.030Z"""
"43ef3f74-5c39-44fd-b88a-b69a0ee38acd","fr8mqCiecfbf9coDGLRV2l3U4Ex1","ffa49879-774b-46f4-a6f1-b3c5c08950e3","away","false","""2025-11-06T00:57:45.928Z"""
"446f1569-53da-4f8d-959f-04fd9a2721a2","KNCanobU7uVRwHBloZcTX4hohOD2","7724eb15-1bea-4896-acbd-dc3737ba014e","home","true","""2025-12-09T18:35:56.844Z"""
"4483ece2-06ce-46b4-8006-d814480c5b20","BQMdo8NUOgY8n0QxdUophLPMewp2","5adabf6b-0cdb-46b7-b2ee-0e68a1b125cc","away","true","""2025-11-06T04:09:36.935Z"""
"449f3574-e398-4d02-8d1f-7e7db0180325","BQMdo8NUOgY8n0QxdUophLPMewp2","b03a5a5f-169b-4dfa-9b65-7551a928e707","away","true","""2025-12-25T03:44:19.637Z"""
"44d1998e-cc12-4968-8bf8-7e7e3f2359f4","5Sg3H3XuN7cEb8TLhyA8p8j3hg12","378eba84-9711-4e34-949d-17568364eb54","home","false","""2025-12-09T18:58:20.583Z"""
"44e9a5f5-32dc-4774-ae88-925af1ff7235","fr8mqCiecfbf9coDGLRV2l3U4Ex1","4d631138-18a5-41c6-a3ed-1bbe8c6533d6","home","true","""2025-11-06T00:57:45.924Z"""
"44f4b1d8-3a94-4ad2-84a0-66b3802a58ac","KNCanobU7uVRwHBloZcTX4hohOD2","44ed9a41-84ec-4d18-9569-8283f5a81d14","home","false","""2025-10-28T15:54:57.348Z"""
"44ff3996-ca99-4e8d-ba1e-6660cd5c9d34","5Sg3H3XuN7cEb8TLhyA8p8j3hg12","009a2f6f-c791-4f7c-80a2-61e12cd49ce0","home","true","""2025-10-13T05:23:59.258Z"""
"451fbc64-2d35-408d-ab2f-001f125833aa","uTosuZBxPucsOAnCnHmdA3pzBlb2","1ae363ac-8ade-44d7-9772-7f98f075c205","home","true","""2025-10-11T16:05:19.924Z"""
"45335d34-6673-43e0-827a-cdbd4bca896c","HHUFVmkNFOVQRY811qCFh46cuM63","49d8e640-2e08-4f01-9070-eeaf14a1c5be","away","true","""2025-10-15T14:35:45.520Z"""
"4544882a-2d47-42fd-8a13-e663c1436579","fr8mqCiecfbf9coDGLRV2l3U4Ex1","b43a659b-4752-4cc7-ad9a-8e9fb11b4d20","away","true","""2025-10-13T05:43:03.092Z"""
"4584851a-b6a6-46f6-947d-6c6c4a5f6f47","5Sg3H3XuN7cEb8TLhyA8p8j3hg12","3b67a402-b89f-406d-a86a-c2d5c715d9a4","home","true","""2025-10-13T05:31:33.738Z"""
"459b5880-9ba3-4b74-ba36-b61e176ee046","fr8mqCiecfbf9coDGLRV2l3U4Ex1","6a0d84af-ac95-4d3d-a3c2-149169507d04","home","false","""2025-10-22T16:28:53.868Z"""
"461b612b-9960-4280-b2ab-2110ce2ede51","HHUFVmkNFOVQRY811qCFh46cuM63","32207c4d-7e2d-4c98-b5b3-96ca4d5dec98","away","false","""2025-11-27T01:32:28.231Z"""
"464a3a54-4ed6-44ab-a01b-a730c8e3d088","MrwsvsZKPwTJ4SwYnAKtyPEAsrq2","8935b981-7f63-4806-87c9-aca46ca74c66","home","true","""2025-12-17T03:21:11.542Z"""
"466faff7-d3e7-43fd-be3d-5a609962706e","KNCanobU7uVRwHBloZcTX4hohOD2","3a4bdeb3-43f1-424e-b283-260aea8a907d","home","true","""2025-11-11T16:23:15.769Z"""
"46aeef26-9682-4a3f-a022-4fbf3d53da9b","MrwsvsZKPwTJ4SwYnAKtyPEAsrq2","6b0872bf-a289-43e7-bc27-be771751ed95","home","true","""2025-12-17T03:21:11.542Z"""
"46bbd625-62dc-49d4-8c8d-c9758ea93fa3","BQMdo8NUOgY8n0QxdUophLPMewp2","b13933b1-d259-4881-9b23-f1d737a398df","home","false","""2025-10-11T14:56:50.346Z"""
"46d91f2e-edea-497a-b1a4-c77342dbce56","uTosuZBxPucsOAnCnHmdA3pzBlb2","f6fab087-2f9f-4790-bc3f-3ce30915e78f","home","true","""2025-10-14T21:25:27.623Z"""
"46f42d2c-5493-4b40-94c6-77f016ab9a0d","KNCanobU7uVRwHBloZcTX4hohOD2","acc50154-acf6-497e-bd33-a0e21dc297d2","away","true","""2025-10-11T15:08:25.439Z"""
"46f4b0b4-61af-4dc3-b529-bb7a91432bd7","uTosuZBxPucsOAnCnHmdA3pzBlb2","c1188a7f-ae52-40f8-967e-a19903e87ebd","away","false","""2025-11-25T20:11:42.087Z"""
"47141a52-3830-46ef-bb38-05511064ff18","BQMdo8NUOgY8n0QxdUophLPMewp2","e8c441ce-b782-4ecb-aca5-4e44c45c9712","home","true","""2025-10-11T14:49:26.838Z"""
"47158266-38ad-405a-83e8-ddb5c121c643","fr8mqCiecfbf9coDGLRV2l3U4Ex1","37a5b9e0-5c29-4478-b83b-31cb0f702086","away","true","""2025-10-13T05:45:01.454Z"""
"4732a033-6934-43eb-90f2-48d958c75541","MrwsvsZKPwTJ4SwYnAKtyPEAsrq2","85c030e5-5532-48aa-9cf6-89ddb705fd7d","away","true","""2025-12-24T22:42:46.871Z"""
"4736323d-0524-448a-b70b-a1a3b5dc39b9","uTosuZBxPucsOAnCnHmdA3pzBlb2","6346765c-9f65-41ee-9416-f968e65c0d23","away","true","""2025-12-23T20:19:34.882Z"""
"475d1995-31e1-46ff-869e-27733a71b97b","MrwsvsZKPwTJ4SwYnAKtyPEAsrq2","34233cff-87ec-4c05-aa66-21af99b029e6","away","false","""2025-12-17T03:21:11.540Z"""
"4768edbe-2558-411b-abda-ecfa0333b183","MrwsvsZKPwTJ4SwYnAKtyPEAsrq2","2d07aaab-8152-443c-aaf1-ba51bd7519be","away","false","""2025-11-20T03:55:29.651Z"""
"4785db86-4a25-4631-80ed-c4c5ba7cffde","fr8mqCiecfbf9coDGLRV2l3U4Ex1","44ed9a41-84ec-4d18-9569-8283f5a81d14","home","false","""2025-10-30T00:37:14.828Z"""
"4807c9cd-9906-4e59-84ba-97581ca25d9f","HHUFVmkNFOVQRY811qCFh46cuM63","44ed9a41-84ec-4d18-9569-8283f5a81d14","away","true","""2025-10-28T19:41:41.124Z"""
"4807df6f-7938-4196-acb4-12a92a9ca456","MrwsvsZKPwTJ4SwYnAKtyPEAsrq2","d87ea987-47bb-4fb4-aaf3-04d87be2df6d","home","true","""2025-12-17T03:21:11.544Z"""
"484f3522-6ef3-4f3b-a2f5-050588d739b0","MrwsvsZKPwTJ4SwYnAKtyPEAsrq2","e8c441ce-b782-4ecb-aca5-4e44c45c9712","home","true","""2025-10-13T16:41:38.965Z"""
"48715c0b-e3bd-4a77-9706-3b619121a8d9","fr8mqCiecfbf9coDGLRV2l3U4Ex1","68a478b0-50fe-4165-9e6a-5e09752aa9e6","away","true","""2025-10-30T00:37:14.822Z"""
"489db67c-6980-46b3-9bca-92a6d0b7a2e0","BQMdo8NUOgY8n0QxdUophLPMewp2","3857df67-7e36-4e92-bee5-eb3d8fc46ba9","away","true","""2025-10-11T14:49:26.621Z"""
"48e4cdd8-8251-4fb0-9b01-646da9e6879e","BQMdo8NUOgY8n0QxdUophLPMewp2","797236fe-612e-442c-8ea5-d6e36abc1d1c","away","true","""2025-10-30T03:07:44.274Z"""
"48f01770-4646-463e-b611-8646b4250266","5Sg3H3XuN7cEb8TLhyA8p8j3hg12","1d0e651a-40b2-40ca-be8a-51b133d3dbd4","home","false","""2025-10-13T05:30:01.767Z"""
"49415cc2-68c4-4d14-83e8-1ebc27dd4c3d","uTosuZBxPucsOAnCnHmdA3pzBlb2","2090fc33-4cd3-45a5-afb4-72ea85a2fac1","home","true","""2025-10-06T23:16:39.495Z"""
"495bd8ef-c8bb-4a0d-8c0e-dceabe0c480a","uTosuZBxPucsOAnCnHmdA3pzBlb2","b0078085-6c9d-48cc-8f30-3b217e44edaa","away","true","""2025-11-11T16:11:13.187Z"""
"496d899b-3dde-437b-83a7-42ae42259bfd","uTosuZBxPucsOAnCnHmdA3pzBlb2","cc57c375-e432-430f-ad82-96dd242cd3b7","home","true","""2025-10-22T15:35:14.031Z"""
"497bfe41-0a7b-406d-b086-e016edca7e9a","uTosuZBxPucsOAnCnHmdA3pzBlb2","3b67a402-b89f-406d-a86a-c2d5c715d9a4","away","false","""2025-10-11T16:08:42.258Z"""
"49a0610a-4da0-476c-96f6-63ccb7826d17","MrwsvsZKPwTJ4SwYnAKtyPEAsrq2","2d48aa2d-0cf4-4160-84ef-84ba8296bb1b","away","false","""2025-10-13T16:43:12.532Z"""
"49bc5beb-020c-4405-acc7-9f273efa880d","uTosuZBxPucsOAnCnHmdA3pzBlb2","712832f9-8a82-41ab-a806-0627d6d42fc4","home","true","""2025-10-06T23:16:39.351Z"""
"49e87878-ea78-4821-890f-57fd74e52a1c","5Sg3H3XuN7cEb8TLhyA8p8j3hg12","2a9b8f7c-f239-445d-8eec-3ed24ff5f2ef","home","true","""2025-10-13T05:30:02.163Z"""
"4a2524f0-3e3d-45ac-908d-02c4760616e4","BQMdo8NUOgY8n0QxdUophLPMewp2","9bfe49ed-52c4-4923-94cc-6ca165d56c38","home","true","""2025-10-11T14:52:44.520Z"""
"4a30e416-f26e-4ac0-931e-70cd888da291","BQMdo8NUOgY8n0QxdUophLPMewp2","5ca39933-0941-4486-8719-9491ba784310","away","true","""2025-10-11T14:56:50.328Z"""
"4a4b9001-f56a-46b4-aaf5-952f78a8d13c","fr8mqCiecfbf9coDGLRV2l3U4Ex1","c912cde0-abd7-41a5-bd0f-58584312d7bc","away","false","""2025-10-13T05:48:22.790Z"""
"4a668b91-3e10-44b9-90c6-64220e19c9a3","uTosuZBxPucsOAnCnHmdA3pzBlb2","9fa9610c-daa9-4022-8c64-fcaca6c446c9","home","true","""2025-10-22T15:35:15.902Z"""
"4aa16303-157a-45ec-8250-25400dcdc90f","BQMdo8NUOgY8n0QxdUophLPMewp2","5079b48e-5419-4607-a529-b5693b1327c2","away","true","""2025-12-11T04:11:58.858Z"""
"4aad71d2-d126-4269-97bd-ec4c115b7665","5Sg3H3XuN7cEb8TLhyA8p8j3hg12","908a0a02-d9c1-4ae0-8abf-d47210acc562","away","true","""2025-10-22T16:45:03.265Z"""
"4ab814bf-bea6-4591-b80d-9f48af11c45f","MrwsvsZKPwTJ4SwYnAKtyPEAsrq2","9450763b-6a2d-412f-a2ca-813f3f895037","away","true","""2025-10-23T01:31:36.580Z"""
"4b0a73f6-1118-4b84-a89d-faa5449f2155","fr8mqCiecfbf9coDGLRV2l3U4Ex1","6f8cf172-0bf1-4394-aeba-2036852a5edb","home","true","""2025-11-18T22:07:01.180Z"""
"4b1209f3-6b96-4e1c-9b90-b2592d6bd268","MrwsvsZKPwTJ4SwYnAKtyPEAsrq2","43fd2c2e-96ca-4127-ac52-c35295bc5944","home","false","""2025-12-03T23:38:09.279Z"""
"4b16bb1e-ae89-4199-bd8a-54e0c0052930","BQMdo8NUOgY8n0QxdUophLPMewp2","599ad8ed-dcbd-4d6f-af96-bf0df84a1e46","home","false","""2025-10-11T14:56:50.317Z"""
"4b81c57c-3b89-4ea3-939e-bd21f8c16312","KNCanobU7uVRwHBloZcTX4hohOD2","04ae6655-cc67-4b5d-9ddd-f5a3bd678bf2","away","true","""2025-12-16T16:11:50.204Z"""
"4b8c01a6-2c14-466f-bfcc-67a356c88bea","MrwsvsZKPwTJ4SwYnAKtyPEAsrq2","14296231-b958-407d-b299-8c8dc027d43e","away","true","""2025-10-29T22:30:17.359Z"""
"4bacdfe7-508e-4077-89a1-58ea0eb08fc5","fr8mqCiecfbf9coDGLRV2l3U4Ex1","213f1589-9833-4ae3-b0f7-0f7364bae188","home","true","""2025-10-13T05:49:58.052Z"""
"4bd4d399-f2db-4776-bd90-aa1efd3a0449","fr8mqCiecfbf9coDGLRV2l3U4Ex1","599ad8ed-dcbd-4d6f-af96-bf0df84a1e46","away","true","""2025-10-13T05:49:58.077Z"""
"4c3f6929-5259-44c7-9336-ead5457b5cfc","uTosuZBxPucsOAnCnHmdA3pzBlb2","47a141f6-72ba-43c5-9a00-1c0a7f0d940d","home","false","""2025-12-09T19:52:27.654Z"""
"4c4731b3-94dc-4235-9a35-9e124d5f3efd","HHUFVmkNFOVQRY811qCFh46cuM63","8dc1d7d8-3f47-445e-9d17-168f1c4e8ab2","away","true","""2025-12-10T01:12:52.141Z"""
"4c4b49bd-fc74-4f3b-9a90-78aa73b0f38c","fr8mqCiecfbf9coDGLRV2l3U4Ex1","dd9a201c-fdc7-42b6-a804-da710d30b4fb","away","false","""2025-12-31T18:30:17.410Z"""
"4c4d04f5-16b4-454f-8b56-d98eee3e7bad","BQMdo8NUOgY8n0QxdUophLPMewp2","32426bff-f56b-479e-b6c6-f599616e8c90","home","true","""2025-11-06T04:09:36.994Z"""
"4c4e3afc-0d58-4a23-8038-f6801d272753","KNCanobU7uVRwHBloZcTX4hohOD2","d8e096b9-3c57-4c9d-9ae7-68d7610c2198","home","false","""2025-12-02T16:21:10.684Z"""
"4c5f6c13-4aeb-4461-82e5-af643259b99f","BQMdo8NUOgY8n0QxdUophLPMewp2","20401b13-eb09-4143-9820-6260aff1c7a0","away","false","""2025-11-20T02:12:53.519Z"""
"4c8c7c8d-a28e-4ea1-a673-1be89e3acfd1","HHUFVmkNFOVQRY811qCFh46cuM63","4a81eb39-2c6b-408a-bea5-495527925fca","away","true","""2025-11-12T03:58:38.981Z"""
"4cbaddd5-7e52-4fb4-82f8-619950a45db1","5Sg3H3XuN7cEb8TLhyA8p8j3hg12","c07dbd01-1a69-4ea9-81d0-575a0f61ed60","away","true","""2025-10-22T16:45:03.181Z"""
"4ce2979e-d546-4526-a43e-50f8edcc07b6","MrwsvsZKPwTJ4SwYnAKtyPEAsrq2","01b38b62-0eeb-482b-ba65-10d5468a0d1a","home","true","""2025-11-13T01:24:07.795Z"""
"4d0af181-ae08-4a1e-9d6e-2d34f91f0d56","MrwsvsZKPwTJ4SwYnAKtyPEAsrq2","144472db-f72c-4ee0-97fb-5f074ffe7ef6","away","true","""2025-10-13T16:46:19.707Z"""
"4d1065d7-d8b7-46e3-9f74-42130d29eb79","BQMdo8NUOgY8n0QxdUophLPMewp2","ecfc4982-5331-4712-826e-28d59a35fb6c","away","true","""2025-11-20T02:12:53.528Z"""
"4d135cf1-b7ae-4e23-b2d7-1452b5a9d45a","KNCanobU7uVRwHBloZcTX4hohOD2","ce993454-eab0-4e59-af3b-f096423d36b2","away","true","""2025-10-11T15:08:25.877Z"""
"4d46ba08-308d-439d-8536-6887b1a7969d","fr8mqCiecfbf9coDGLRV2l3U4Ex1","f674cdc8-d2b1-4245-bef2-80b83f704fe7","home","true","""2025-10-13T05:43:03.093Z"""
"4d4c5848-1097-45bb-bebe-e481429e7d00","uTosuZBxPucsOAnCnHmdA3pzBlb2","dc2c288e-210c-48b1-9f72-71fcc71c9c00","home","true","""2025-10-11T16:06:31.205Z"""
"4d57196f-affd-4bd4-bb35-d0d2637c702e","KNCanobU7uVRwHBloZcTX4hohOD2","bd96cfc7-07f3-421c-a0b3-7385c401f0c3","away","false","""2025-11-11T16:23:15.730Z"""
"4d5dfc8a-3d4c-402f-b1e3-75888abc987c","KNCanobU7uVRwHBloZcTX4hohOD2","adc9d7a4-ae90-4a83-a4ef-9187d53a47cd","home","true","""2025-10-06T20:38:17.433Z"""
"4d7723a4-dcd2-4fa9-9caa-576e54425e2c","HHUFVmkNFOVQRY811qCFh46cuM63","9d84c7f1-c311-4457-a00f-12253fced02f","home","true","""2025-12-10T01:12:52.170Z"""
"4d7b2fd3-f212-458e-a835-f46d80f8ec8f","KNCanobU7uVRwHBloZcTX4hohOD2","32426bff-f56b-479e-b6c6-f599616e8c90","home","true","""2025-11-04T17:08:39.988Z"""
"4d8a9a01-9ddc-45cd-86fc-577667bfed64","HHUFVmkNFOVQRY811qCFh46cuM63","037eeb17-0a48-44f0-bfc4-d65ef659c1e4","away","true","""2025-10-15T14:35:47.143Z"""
"4db43ec6-6bb3-464b-a245-b72e83f3c0b6","uTosuZBxPucsOAnCnHmdA3pzBlb2","f5c37341-4b93-45c8-b5ef-bfd19af0fab5","home","true","""2025-10-22T15:35:15.905Z"""
"4dc29c3b-3ab8-4ba1-93d3-f6aa1a3009de","MrwsvsZKPwTJ4SwYnAKtyPEAsrq2","b43a659b-4752-4cc7-ad9a-8e9fb11b4d20","away","true","""2025-10-13T16:41:38.883Z"""
"4dc6bb0e-4cd4-4df9-9748-486db5193f87","fr8mqCiecfbf9coDGLRV2l3U4Ex1","290af0a5-b885-4094-9c69-3a8024ea32da","away","false","""2025-10-30T00:37:14.822Z"""
"4df297bf-bd30-4053-8371-01c4998abc7f","fr8mqCiecfbf9coDGLRV2l3U4Ex1","994d851e-04ce-4155-9fdb-ccd36218aac6","away","true","""2025-12-18T03:18:03.362Z"""
"4e117b32-9443-4803-9df1-648ba954ed0b","fr8mqCiecfbf9coDGLRV2l3U4Ex1","62600472-c342-48f2-be96-62b4ef840548","home","false","""2025-12-09T18:54:43.489Z"""
"4e1e6d50-0e3e-4fe6-a7b3-9ade9ce760ed","HHUFVmkNFOVQRY811qCFh46cuM63","00a25211-2151-49de-96dd-eecb1280c2e4","home","true","""2025-11-27T01:32:28.190Z"""
"4e20a635-f506-4aba-89dd-6801729fa627","fr8mqCiecfbf9coDGLRV2l3U4Ex1","3c008454-ab11-4d81-9033-2030ee4bd713","away","true","""2025-10-13T05:51:00.834Z"""
"4e387fa7-b4fe-439b-8b27-b42ab678854f","fr8mqCiecfbf9coDGLRV2l3U4Ex1","91e343a1-9aed-41c9-a2dd-138c9b70a854","home","false","""2025-11-25T22:02:09.410Z"""
"4e5c92b9-ef51-4a63-88d2-277760844a68","5Sg3H3XuN7cEb8TLhyA8p8j3hg12","5e4f2f5e-4c89-4b9d-8d63-b0ef8613f339","away","true","""2025-12-24T18:04:28.637Z"""
"4e86344b-6362-48fd-9dd7-d7e76e864c10","fr8mqCiecfbf9coDGLRV2l3U4Ex1","dc2c288e-210c-48b1-9f72-71fcc71c9c00","home","true","""2025-10-13T05:45:01.419Z"""
"4e8bccdf-eb9b-49e9-b9df-8edeb9ab5513","HHUFVmkNFOVQRY811qCFh46cuM63","93009d60-cd8e-475b-a816-982fa70969a5","away","true","""2025-10-11T04:35:46.537Z"""
"4e964dc8-4a32-4e33-b663-985cedf11ecd","5Sg3H3XuN7cEb8TLhyA8p8j3hg12","2d07aaab-8152-443c-aaf1-ba51bd7519be","away","false","""2025-11-20T02:28:45.201Z"""
"4ea120d9-501d-4e7f-a91b-ce4587b70548","fr8mqCiecfbf9coDGLRV2l3U4Ex1","4a2ab7be-acd4-44aa-a766-aa55f586ee8c","away","true","""2025-10-13T05:48:22.403Z"""
"4ea55b44-2bec-4357-9517-78125455c11f","KNCanobU7uVRwHBloZcTX4hohOD2","102b51be-41f2-4990-b2f0-894f6667fe87","away","true","""2025-10-28T15:54:57.337Z"""
"4eb18639-c0a1-426b-9d6a-5f3e9c342ba9","BQMdo8NUOgY8n0QxdUophLPMewp2","345b6627-774b-4aba-b950-3136abdfe906","home","true","""2025-10-11T14:54:09.745Z"""
"4f200a2e-3bc4-4c4c-9b9d-532737387ea2","BQMdo8NUOgY8n0QxdUophLPMewp2","915ff41e-e023-45ff-b1a8-542b7d02688e","home","true","""2025-10-23T01:28:37.832Z"""
"4f349259-8e1c-45b5-9c82-91152b16433d","HHUFVmkNFOVQRY811qCFh46cuM63","3b67a402-b89f-406d-a86a-c2d5c715d9a4","away","false","""2025-10-11T04:41:16.057Z"""
"4f3865c5-3c8e-43a9-8832-bff341b79714","fr8mqCiecfbf9coDGLRV2l3U4Ex1","19f890c0-d258-4049-827c-84336e7569c8","home","false","""2025-12-31T18:30:17.414Z"""
"4f901447-f9b1-4001-9161-d9dc6a8c697f","5Sg3H3XuN7cEb8TLhyA8p8j3hg12","e9e4e4dc-4580-4a6d-9569-fe1800928f9e","away","true","""2025-10-15T17:10:00.963Z"""
"4fa296f7-d7e1-43e2-819d-bc6c627da038","fr8mqCiecfbf9coDGLRV2l3U4Ex1","af7bfc60-3b99-43a6-a2a3-d1c14ac8c404","away","false","""2025-10-13T05:46:46.054Z"""
"4ff45523-14b4-41c5-a1c6-94bab1b583dd","KNCanobU7uVRwHBloZcTX4hohOD2","19f890c0-d258-4049-827c-84336e7569c8","away","true","""2026-01-01T21:09:52.974Z"""
"5081a5d5-6639-4bff-93e8-2397cd0fcdf3","MrwsvsZKPwTJ4SwYnAKtyPEAsrq2","2657802c-1ec7-4932-bf94-0e13a5d42e8e","home","false","""2025-10-13T16:47:30.299Z"""
"5090692b-3bd6-435c-a9e9-09de0c2e8c4d","KNCanobU7uVRwHBloZcTX4hohOD2","144472db-f72c-4ee0-97fb-5f074ffe7ef6","away","true","""2025-10-11T15:09:38.742Z"""
"50aaaa19-b0a0-4352-a13d-d58a05434a34","HHUFVmkNFOVQRY811qCFh46cuM63","213f1589-9833-4ae3-b0f7-0f7364bae188","home","true","""2025-10-11T04:43:21.807Z"""
"50d790d6-3c35-4c24-83d8-78e1fcaceaae","KNCanobU7uVRwHBloZcTX4hohOD2","d651c81f-0354-4c35-89a3-a09c9278c406","away","true","""2025-11-04T17:08:39.992Z"""
"50e44ad5-0afc-451d-9790-d7a3254d76bd","fr8mqCiecfbf9coDGLRV2l3U4Ex1","7724eb15-1bea-4896-acbd-dc3737ba014e","away","false","""2025-12-09T18:54:43.493Z"""
"515d1893-a405-415c-b869-21e39e011a13","HHUFVmkNFOVQRY811qCFh46cuM63","4237591e-c15d-400f-a741-c2881e51db6c","away","true","""2025-10-11T04:32:32.837Z"""
"51dfa5e0-379d-4022-9114-2947db2b9e20","KNCanobU7uVRwHBloZcTX4hohOD2","fb0bc69a-83ef-483f-a568-d6aa45758a4c","away","false","""2025-12-09T18:35:56.940Z"""
"51f4fac0-d51b-4ded-a36a-0b0629706690","5Sg3H3XuN7cEb8TLhyA8p8j3hg12","e8c441ce-b782-4ecb-aca5-4e44c45c9712","home","true","""2025-10-13T05:23:59.221Z"""
"5202b2bb-f12e-4b42-a40d-f1567a6a4fa2","5Sg3H3XuN7cEb8TLhyA8p8j3hg12","793d9cdc-de69-460d-ab68-902390a914ec","home","false","""2025-11-27T02:35:10.964Z"""
"52149542-0701-469a-adc7-c06d20eb4027","5Sg3H3XuN7cEb8TLhyA8p8j3hg12","bafe51de-84a7-486a-b104-788bf1701391","away","true","""2025-10-13T05:27:54.994Z"""
"523726b8-dcd8-43e8-8f7d-d4516bd2c70b","uTosuZBxPucsOAnCnHmdA3pzBlb2","19635a4a-0712-45ce-a323-5d4a2df881f5","away","true","""2025-12-02T21:16:51.966Z"""
"5277ec55-72ef-43d8-b2bc-e805e7a85fa8","HHUFVmkNFOVQRY811qCFh46cuM63","adc9d7a4-ae90-4a83-a4ef-9187d53a47cd","away","false","""2025-10-15T14:35:45.444Z"""
"529dc9e6-a8fc-4035-af0e-5c759eb842d2","MrwsvsZKPwTJ4SwYnAKtyPEAsrq2","4237591e-c15d-400f-a741-c2881e51db6c","away","true","""2025-10-13T16:41:38.916Z"""
"52bb9277-e4d3-4794-9c5d-7c0eb25cf97e","fr8mqCiecfbf9coDGLRV2l3U4Ex1","0882b537-08b1-4a14-b320-02958418489e","away","true","""2025-12-24T17:05:36.318Z"""
"5300b08f-e6dc-42e7-bdae-dad6f768b400","KNCanobU7uVRwHBloZcTX4hohOD2","c9a08577-585b-42ed-affc-55d86d567ef3","home","true","""2025-10-11T15:09:38.785Z"""
"531112fa-5169-4262-978a-3472d634c418","BQMdo8NUOgY8n0QxdUophLPMewp2","dc2c288e-210c-48b1-9f72-71fcc71c9c00","home","true","""2025-10-11T14:52:44.509Z"""
"53169286-fbf1-43eb-bfb0-cf568e5c4129","BQMdo8NUOgY8n0QxdUophLPMewp2","19635a4a-0712-45ce-a323-5d4a2df881f5","away","true","""2025-12-04T03:57:32.768Z"""
"5337faf9-d304-4bfd-9ba9-bddafd7b0011","fr8mqCiecfbf9coDGLRV2l3U4Ex1","3b67a402-b89f-406d-a86a-c2d5c715d9a4","away","false","""2025-10-13T05:48:22.289Z"""
"534d6291-0df6-4851-855e-a09e2b5c12ae","5Sg3H3XuN7cEb8TLhyA8p8j3hg12","18b4661d-a29c-4770-92f0-c69c15ef87fe","home","false","""2025-11-27T02:35:10.931Z"""
"535f90e7-f06e-4b62-99fa-849fabf633de","5Sg3H3XuN7cEb8TLhyA8p8j3hg12","3e3db6c8-9daf-4077-9602-a12ad24d3f1c","home","false","""2025-11-06T03:11:57.956Z"""
"53600f09-4173-45de-ad0d-46c43f010a4d","5Sg3H3XuN7cEb8TLhyA8p8j3hg12","9fa9610c-daa9-4022-8c64-fcaca6c446c9","away","false","""2025-10-22T16:45:03.175Z"""
"5369bf05-f427-41d4-9bab-a0965f06325f","HHUFVmkNFOVQRY811qCFh46cuM63","3d39c331-c9b0-4b49-b89d-b7230e187105","away","false","""2025-11-19T16:16:01.093Z"""
"53916fab-8c25-4d13-b1d1-0fcc509ddbd3","fr8mqCiecfbf9coDGLRV2l3U4Ex1","4e1dc139-ee89-482e-992c-bf20980aa2f2","away","true","""2025-11-18T22:07:01.224Z"""
"53affe80-0ae6-418b-86e5-ed8f0f7d504a","5Sg3H3XuN7cEb8TLhyA8p8j3hg12","8aa717d5-f0fd-4d88-8198-b8ec733a6205","away","true","""2025-10-13T05:23:59.206Z"""
"53c5d7e1-0f41-4f1c-ae79-8a97882d74c5","HHUFVmkNFOVQRY811qCFh46cuM63","b1ef955b-aeb7-460b-82e7-fe71169a7923","away","true","""2025-11-05T16:48:22.306Z"""
"53e05901-b0e6-457f-a2f4-c426bd923a15","5Sg3H3XuN7cEb8TLhyA8p8j3hg12","9bfe49ed-52c4-4923-94cc-6ca165d56c38","home","true","""2025-10-13T05:27:55.255Z"""
"53e6e1e1-1903-42bb-bf87-33d981c21aa0","BQMdo8NUOgY8n0QxdUophLPMewp2","fc97303d-62cd-4a93-b698-210297cd3ec1","home","true","""2025-10-11T14:49:26.576Z"""
"53f90d0f-24e1-4e22-8da1-b8debe74d0be","BQMdo8NUOgY8n0QxdUophLPMewp2","9dff992f-1ac3-45d2-80a8-96e745368797","away","true","""2025-12-25T03:44:19.709Z"""
"540642ae-7fb8-41f7-88a2-e176b46ab61e","KNCanobU7uVRwHBloZcTX4hohOD2","43fd2c2e-96ca-4127-ac52-c35295bc5944","home","false","""2025-12-02T16:21:10.754Z"""
"546956a7-e1ff-492a-a8ec-8da6f58859de","BQMdo8NUOgY8n0QxdUophLPMewp2","a3a56d60-1066-4f41-b987-caa45a787148","away","true","""2025-11-26T03:40:12.516Z"""
"548d98ff-3370-42a1-9ef1-d6c3f30a311b","fr8mqCiecfbf9coDGLRV2l3U4Ex1","2038f542-7164-4fe9-8cde-198fe2c08076","away","false","""2025-10-13T05:48:22.285Z"""
"5498db0b-6ff1-479d-a0ed-a7d2be424892","BQMdo8NUOgY8n0QxdUophLPMewp2","8193b700-afa4-49d8-992e-10f2cadbae55","home","true","""2025-10-11T14:54:09.754Z"""
"54b17e7b-87cf-40a7-b954-1ece6357a39f","uTosuZBxPucsOAnCnHmdA3pzBlb2","8aa717d5-f0fd-4d88-8198-b8ec733a6205","home","false","""2025-10-11T16:05:19.900Z"""
"54b36753-bbfa-44cb-8b7c-81595f514161","HHUFVmkNFOVQRY811qCFh46cuM63","9cb4ecef-38cd-46a4-a2c2-d997f52400d7","home","false","""2025-10-28T19:41:39.289Z"""
"54e000c9-3ea4-4b3d-8adc-f694c0187dfa","HHUFVmkNFOVQRY811qCFh46cuM63","c1188a7f-ae52-40f8-967e-a19903e87ebd","away","false","""2025-11-27T01:32:28.239Z"""
"558999e8-21d8-4da6-a690-860a2237d542","BQMdo8NUOgY8n0QxdUophLPMewp2","6a58755f-32c7-4338-8319-7ef553af4987","home","true","""2025-10-11T14:54:09.785Z"""
"55efbd8d-cbee-4b30-ab61-f27b9edd1403","fr8mqCiecfbf9coDGLRV2l3U4Ex1","921dc171-7bd4-47fd-8a54-29eb24499a9e","home","true","""2025-10-15T23:46:56.013Z"""
"56302f33-8fd9-4e63-b93c-ea9415d872f9","KNCanobU7uVRwHBloZcTX4hohOD2","6f8cf172-0bf1-4394-aeba-2036852a5edb","home","true","""2025-11-18T17:23:10.500Z"""
"563515ae-0c18-4c8d-a4da-afd1cc638827","KNCanobU7uVRwHBloZcTX4hohOD2","c1188a7f-ae52-40f8-967e-a19903e87ebd","away","false","""2025-11-25T17:25:25.323Z"""
"56541918-ad75-46c2-8a93-fd90889dbf5c","BQMdo8NUOgY8n0QxdUophLPMewp2","89180e44-0ffa-4572-8b0b-2f6d51f6d0a1","home","true","""2025-10-11T14:55:35.646Z"""
"566bf449-b0cd-4769-b3ec-1897b077f556","fr8mqCiecfbf9coDGLRV2l3U4Ex1","2a9b8f7c-f239-445d-8eec-3ed24ff5f2ef","home","true","""2025-10-13T05:46:45.976Z"""
"56d3c018-2da7-4928-a776-ed1f0882fec1","uTosuZBxPucsOAnCnHmdA3pzBlb2","62600472-c342-48f2-be96-62b4ef840548","home","false","""2025-12-09T19:52:27.652Z"""
"5736c5a0-a93c-49dc-a804-199a94422bb8","HHUFVmkNFOVQRY811qCFh46cuM63","3a4bdeb3-43f1-424e-b283-260aea8a907d","home","true","""2025-11-12T03:58:39.013Z"""
"573a412b-141e-451b-9ae7-dfe27b91a537","BQMdo8NUOgY8n0QxdUophLPMewp2","fda6adfe-f6c2-45bd-89c9-a2bba460cce1","away","true","""2025-10-30T03:07:44.274Z"""
"573ffbf2-ae7f-4194-a502-641f415c126a","uTosuZBxPucsOAnCnHmdA3pzBlb2","f9e49890-cbaa-403f-861b-2ec9cf3c194f","home","true","""2025-11-25T20:11:42.062Z"""
"57ba507b-3df4-4bd8-9e24-6291cfcbd822","uTosuZBxPucsOAnCnHmdA3pzBlb2","921dc171-7bd4-47fd-8a54-29eb24499a9e","home","true","""2025-10-14T21:25:29.042Z"""
"57e1cccd-6267-4947-b7a8-2e6f1edcf540","HHUFVmkNFOVQRY811qCFh46cuM63","cc57c375-e432-430f-ad82-96dd242cd3b7","home","true","""2025-10-23T00:09:53.184Z"""
"5831ee41-b99e-409d-a16b-72875c60e6b4","HHUFVmkNFOVQRY811qCFh46cuM63","915ff41e-e023-45ff-b1a8-542b7d02688e","home","true","""2025-10-23T00:09:53.180Z"""
"58409c68-bfeb-4a0b-8372-1a703d0e35a7","uTosuZBxPucsOAnCnHmdA3pzBlb2","5714bec8-abea-4c3c-8324-92978f3b859f","away","true","""2025-10-06T23:16:39.461Z"""
"584eecd6-e51c-4c77-924f-9207046beceb","HHUFVmkNFOVQRY811qCFh46cuM63","d9ef7df6-8d61-4b7f-bc4e-e6c7167d33ea","home","true","""2025-12-25T03:27:20.798Z"""
"5877e0a0-eed2-4a5f-aa43-8c2ceb49a4d4","BQMdo8NUOgY8n0QxdUophLPMewp2","9d84c7f1-c311-4457-a00f-12253fced02f","home","true","""2025-12-11T04:11:58.894Z"""
"5898ff1f-6b6c-4a6c-a89f-050f06b08d01","MrwsvsZKPwTJ4SwYnAKtyPEAsrq2","3b67a402-b89f-406d-a86a-c2d5c715d9a4","away","false","""2025-10-13T16:46:21.440Z"""
"58aa4aca-4c5c-4f6b-9384-a355198cf08c","uTosuZBxPucsOAnCnHmdA3pzBlb2","0a064dc3-1a53-476e-a2dd-3bbbffabe099","home","true","""2025-10-11T16:08:42.310Z"""
"58bd9d8e-b3be-49cb-adfb-02c54da825a1","MrwsvsZKPwTJ4SwYnAKtyPEAsrq2","c9a08577-585b-42ed-affc-55d86d567ef3","home","true","""2025-10-13T16:46:21.441Z"""
"59acef75-44c4-40f2-b080-ae17f0f1e402","5Sg3H3XuN7cEb8TLhyA8p8j3hg12","037eeb17-0a48-44f0-bfc4-d65ef659c1e4","away","true","""2025-10-15T17:10:00.909Z"""
"59b22051-77a3-4bf6-99fd-de9331a6b323","fr8mqCiecfbf9coDGLRV2l3U4Ex1","4237591e-c15d-400f-a741-c2881e51db6c","away","true","""2025-10-13T05:43:03.149Z"""
"59c4e259-9802-4a1c-b9a5-ecff9becdacf","5Sg3H3XuN7cEb8TLhyA8p8j3hg12","52d8e71d-f09d-459a-9847-b0786a0fc9cb","home","true","""2025-10-13T05:30:01.692Z"""
"59d7015c-fd12-482b-bacb-af89d35bcb60","fr8mqCiecfbf9coDGLRV2l3U4Ex1","009a2f6f-c791-4f7c-80a2-61e12cd49ce0","home","true","""2025-10-13T05:43:03.095Z"""
"59f752ba-1a64-44f4-9521-dd56f3401bcf","MrwsvsZKPwTJ4SwYnAKtyPEAsrq2","252e5dd1-8b22-4b1c-a0d4-4e4368c2a566","home","true","""2025-12-03T23:38:09.289Z"""
"5a33b327-8f03-47bf-9bdb-17e229e8d6f8","BQMdo8NUOgY8n0QxdUophLPMewp2","9dc42d48-4c62-4532-b02c-9084ac237270","home","true","""2025-10-11T14:49:26.820Z"""
"5a8db93d-5204-4da7-8295-83b5d4d4f88e","HHUFVmkNFOVQRY811qCFh46cuM63","34233cff-87ec-4c05-aa66-21af99b029e6","away","false","""2025-12-17T15:41:35.322Z"""
"5aa820bc-49ef-45f2-99c1-546e9cb0a45b","KNCanobU7uVRwHBloZcTX4hohOD2","e9e4e4dc-4580-4a6d-9569-fe1800928f9e","away","true","""2025-10-06T20:38:17.375Z"""
"5ac30270-5b18-468b-85b5-27ff4129f438","MrwsvsZKPwTJ4SwYnAKtyPEAsrq2","80684a75-8cb4-4a6a-92f4-850b95158aa1","home","false","""2025-10-13T16:43:12.532Z"""
"5ad1b035-c5dd-447c-a1c1-16410f5f44b3","KNCanobU7uVRwHBloZcTX4hohOD2","99235d98-91df-43b3-9c1f-927882dbdef1","away","false","""2026-01-01T21:09:52.969Z"""
"5af2eb52-c884-468f-9f1b-104039e75804","fr8mqCiecfbf9coDGLRV2l3U4Ex1","5fff642f-22ef-4c52-bdc8-86c57876f1f7","home","true","""2025-12-09T18:54:43.438Z"""
"5b03bd5a-a589-46d7-b8d6-65a4f3d6a852","5Sg3H3XuN7cEb8TLhyA8p8j3hg12","3a4bdeb3-43f1-424e-b283-260aea8a907d","home","true","""2025-11-11T19:35:37.883Z"""
"5b3c8366-3f60-4b44-8308-6333abd14d8b","MrwsvsZKPwTJ4SwYnAKtyPEAsrq2","6dd54dde-1403-44da-b4fd-8dc8aafb4ce1","away","false","""2025-10-13T16:48:32.147Z"""
"5b4a243b-baae-4aad-aaf5-cb20845ecad9","fr8mqCiecfbf9coDGLRV2l3U4Ex1","c3c58ec3-2d73-43cd-9dd0-4e4fbb53458b","away","true","""2025-11-25T22:02:09.350Z"""
"5b4b04dd-95a1-4f2d-bee3-67629b76d585","BQMdo8NUOgY8n0QxdUophLPMewp2","6f8cf172-0bf1-4394-aeba-2036852a5edb","home","true","""2025-11-20T02:12:53.533Z"""
"5b50b992-ae33-4bb0-8c22-afbc8ee98e43","fr8mqCiecfbf9coDGLRV2l3U4Ex1","c07dbd01-1a69-4ea9-81d0-575a0f61ed60","away","true","""2025-10-22T16:28:53.865Z"""
"5b84302e-657e-484b-b196-7aa65ab21945","MrwsvsZKPwTJ4SwYnAKtyPEAsrq2","1fc7e4a6-93c4-41b6-b74f-e54d12d7601d","home","true","""2025-12-17T03:21:11.582Z"""
"5b85ace8-7a4a-43ea-b1a0-ffcb70baa14f","uTosuZBxPucsOAnCnHmdA3pzBlb2","14cc7702-0f7d-4760-8692-4239170d4bde","home","true","""2025-10-11T16:06:31.193Z"""
"5bbcbc60-aa2c-4aaf-93f5-0fead9e1d900","HHUFVmkNFOVQRY811qCFh46cuM63","43fd2c2e-96ca-4127-ac52-c35295bc5944","away","true","""2025-12-03T23:32:03.854Z"""
"5be6325c-9544-433a-b766-3c1d7dcbaf6c","5Sg3H3XuN7cEb8TLhyA8p8j3hg12","2e020826-f20e-465a-8b83-f2eaa4acd153","away","true","""2025-10-15T17:10:00.951Z"""
"5bfc7c54-c226-4187-994e-ef4cc5753106","BQMdo8NUOgY8n0QxdUophLPMewp2","bafe51de-84a7-486a-b104-788bf1701391","away","true","""2025-10-11T14:52:44.554Z"""
"5c1d5865-d0f1-4616-83af-7e57026ab14e","HHUFVmkNFOVQRY811qCFh46cuM63","29981eec-1aff-4705-9a1a-50abfd2ae3b6","home","true","""2025-11-27T01:32:28.164Z"""
"5c6e7508-a5bd-4f57-a52c-8605b70c109f","BQMdo8NUOgY8n0QxdUophLPMewp2","af6a4ba6-f7a9-4c5b-9532-b21b30e83c11","home","true","""2025-10-11T14:52:44.545Z"""
"5c74dfc6-2eab-4ed2-954c-ba59f54ba144","HHUFVmkNFOVQRY811qCFh46cuM63","9bfe49ed-52c4-4923-94cc-6ca165d56c38","home","true","""2025-10-11T04:35:46.556Z"""
"5c7e65ac-3fac-4fe5-86ce-37d62241d4df","BQMdo8NUOgY8n0QxdUophLPMewp2","c48def3f-04ff-4d04-bac8-80dddcf2b78e","home","true","""2025-10-11T14:49:26.666Z"""
"5c85fe06-846f-4028-a8b9-3c812aae9ef1","HHUFVmkNFOVQRY811qCFh46cuM63","4123a030-1fbb-4711-bf11-e7346eb89a3a","away","true","""2025-10-11T04:32:32.838Z"""
"5cb87c60-7665-4953-8b70-02e54d3e875c","BQMdo8NUOgY8n0QxdUophLPMewp2","37c2791d-e4f9-4c07-8559-0f0e8b3afb1f","away","false","""2025-12-04T03:57:32.801Z"""
"5d09e330-400b-477b-9b2a-bf0ed7563a9d","uTosuZBxPucsOAnCnHmdA3pzBlb2","4a2ab7be-acd4-44aa-a766-aa55f586ee8c","away","true","""2025-10-11T16:08:42.312Z"""
"5d4e1bc1-eafa-44df-b590-dae20addf9c0","BQMdo8NUOgY8n0QxdUophLPMewp2","e02b68db-5a99-4efa-b993-8ef03a0bae22","home","true","""2025-12-04T03:57:32.760Z"""
"5db30111-3c84-4554-a339-fa725bc5b30a","KNCanobU7uVRwHBloZcTX4hohOD2","afc0dfd1-7737-4c19-9b71-99ea0715f973","away","true","""2025-12-16T16:11:50.155Z"""
"5e1252ae-877b-43fa-88b6-743f3347cc90","KNCanobU7uVRwHBloZcTX4hohOD2","394218dd-01fb-496f-86c8-9c8a1a2f1a08","away","false","""2025-10-06T20:38:17.429Z"""
"5e129912-200a-4d46-af31-5c86118b4883","fr8mqCiecfbf9coDGLRV2l3U4Ex1","6e43e081-5eb6-413d-8860-b70c89ea761f","away","false","""2025-10-15T23:46:56.122Z"""
"5e4742db-88f9-4b11-bc8c-6ddab59e10dd","5Sg3H3XuN7cEb8TLhyA8p8j3hg12","acc50154-acf6-497e-bd33-a0e21dc297d2","away","true","""2025-10-13T05:30:01.682Z"""
"5e490c58-cea4-4c95-b938-a02292c52e22","KNCanobU7uVRwHBloZcTX4hohOD2","fca266c3-8458-4a37-aac3-9026491e158b","home","false","""2025-12-02T16:21:10.682Z"""
"5e6d008e-16fc-4146-9abe-892fc76aef3a","HHUFVmkNFOVQRY811qCFh46cuM63","c912cde0-abd7-41a5-bd0f-58584312d7bc","away","false","""2025-10-11T04:41:16.203Z"""
"5ec06254-d586-46a6-b5da-571a6a723c2c","fr8mqCiecfbf9coDGLRV2l3U4Ex1","7ebf9a6d-6f11-403d-b054-401e37bfa774","away","false","""2025-10-13T05:46:45.989Z"""
"5edb5550-84c2-4be6-99e8-f2a19fb2122c","fr8mqCiecfbf9coDGLRV2l3U4Ex1","1fc7e4a6-93c4-41b6-b74f-e54d12d7601d","away","false","""2025-12-18T03:18:03.379Z"""
"5f11e523-6d0a-446a-9303-80595c1a23be","MrwsvsZKPwTJ4SwYnAKtyPEAsrq2","8e66c065-1f82-4e8b-add6-e914dcb648f0","home","false","""2025-12-24T22:42:46.738Z"""
"5f126e1a-1c5b-4002-be87-b90ee1a63f0d","fr8mqCiecfbf9coDGLRV2l3U4Ex1","885a097f-63a2-4d26-8573-ca0f585970f2","away","false","""2025-10-13T05:51:00.835Z"""
"5f94e414-69e6-4045-b4f1-fab8764461e3","KNCanobU7uVRwHBloZcTX4hohOD2","ecf49c5b-647b-459a-baee-4541757243e8","away","false","""2026-01-01T21:09:52.952Z"""
"5f9c07aa-674a-4390-b671-1947c5ef21da","HHUFVmkNFOVQRY811qCFh46cuM63","290af0a5-b885-4094-9c69-3a8024ea32da","away","false","""2025-10-28T19:41:41.127Z"""
"5fc3a107-340c-4923-a346-063d96890eb0","BQMdo8NUOgY8n0QxdUophLPMewp2","dd7fd87e-bfc9-4a18-8c64-adb4886065c2","home","true","""2025-12-04T03:57:32.795Z"""
"5fd640ab-1e37-42b7-a378-3f7c95a53c6d","HHUFVmkNFOVQRY811qCFh46cuM63","188f8022-c384-495f-bbfa-d45f60761b5d","home","false","""2025-12-17T15:41:35.337Z"""
"5ff98ba1-ede0-4746-bad1-d186d2d4f8d9","HHUFVmkNFOVQRY811qCFh46cuM63","b43a659b-4752-4cc7-ad9a-8e9fb11b4d20","away","true","""2025-10-11T04:32:32.814Z"""
"6019f0ed-d088-4623-bb08-f4e7e71d68e5","BQMdo8NUOgY8n0QxdUophLPMewp2","102b51be-41f2-4990-b2f0-894f6667fe87","away","true","""2025-10-30T03:07:44.220Z"""
"603d4a99-02b5-4ff7-96ae-3a81d841354f","MrwsvsZKPwTJ4SwYnAKtyPEAsrq2","5adabf6b-0cdb-46b7-b2ee-0e68a1b125cc","away","true","""2025-11-06T03:07:14.206Z"""
"6043deea-0273-49f4-a47b-6e75d5eb74c4","KNCanobU7uVRwHBloZcTX4hohOD2","e6808aab-7a72-4e45-a298-5ae94f361977","away","true","""2025-10-11T15:06:12.729Z"""
"60498638-c51e-4525-8e35-73375423d954","KNCanobU7uVRwHBloZcTX4hohOD2","2faad927-ee71-4555-95d6-b307aad6e403","away","false","""2025-10-11T15:11:33.424Z"""
"60dac83d-dca6-44bb-acd9-c6158c9456a1","HHUFVmkNFOVQRY811qCFh46cuM63","ea4ee477-02b5-4856-b1b9-87bc0662769b","home","true","""2025-12-10T01:12:52.123Z"""
"60f0c102-e98c-45ab-b6ab-d0ff300ce3da","fr8mqCiecfbf9coDGLRV2l3U4Ex1","915ff41e-e023-45ff-b1a8-542b7d02688e","away","false","""2025-10-22T16:28:53.866Z"""
"610936f4-c5db-4bad-9b1b-e266cc5e8b88","BQMdo8NUOgY8n0QxdUophLPMewp2","0d235aa7-8a1c-49a1-9b34-29246d31e6fc","away","false","""2025-10-23T01:28:37.844Z"""
"610ba4de-2324-427c-9baa-55f55a55f733","KNCanobU7uVRwHBloZcTX4hohOD2","dad9a672-eb43-46ec-8ae2-3002a5e40677","away","false","""2025-12-09T18:35:56.844Z"""
"61822927-ccfc-49ed-86f4-c9ffaf4989f2","uTosuZBxPucsOAnCnHmdA3pzBlb2","5ca39933-0941-4486-8719-9491ba784310","home","false","""2025-10-11T16:09:43.304Z"""
"618a1427-093a-493d-beaa-1453fb95a260","BQMdo8NUOgY8n0QxdUophLPMewp2","27272f98-3733-4614-a94f-7c57e4de90b0","away","false","""2025-11-06T04:09:36.930Z"""
"61a7fb04-a249-4111-a97f-b845c05776a7","HHUFVmkNFOVQRY811qCFh46cuM63","19635a4a-0712-45ce-a323-5d4a2df881f5","away","true","""2025-12-03T23:32:03.814Z"""
"6204ac2b-768c-4c72-92c5-244960813556","fr8mqCiecfbf9coDGLRV2l3U4Ex1","49d8e640-2e08-4f01-9070-eeaf14a1c5be","home","false","""2025-10-15T23:46:56.117Z"""
"62053533-1d02-4d0d-b648-e9ae5fe2c9c4","5Sg3H3XuN7cEb8TLhyA8p8j3hg12","745bbb28-4426-4b7b-8da1-f333b20f53b1","away","false","""2025-11-11T19:35:37.906Z"""
"620a4952-52e1-4b9c-8b9e-6180939398dd","uTosuZBxPucsOAnCnHmdA3pzBlb2","ff74829e-0197-476d-a27f-7c3df0946120","home","true","""2025-10-28T15:10:00.372Z"""
"620fabbd-85ac-492d-af24-6a9ba627c726","KNCanobU7uVRwHBloZcTX4hohOD2","fc97303d-62cd-4a93-b698-210297cd3ec1","away","false","""2025-10-11T04:21:21.063Z"""
"622ab456-109e-45c5-a474-29467d8365c2","KNCanobU7uVRwHBloZcTX4hohOD2","cc57c375-e432-430f-ad82-96dd242cd3b7","home","true","""2025-10-22T14:54:23.410Z"""
"623731fb-da93-425f-9d5e-ef0ca8fd4e77","MrwsvsZKPwTJ4SwYnAKtyPEAsrq2","4ad7c6d7-e225-44c7-b3c2-172d28e9fda3","home","true","""2025-10-29T22:30:17.348Z"""
"62465ca2-85d9-4d64-854c-c2879d43d1ee","BQMdo8NUOgY8n0QxdUophLPMewp2","4a81eb39-2c6b-408a-bea5-495527925fca","home","false","""2025-11-13T04:17:56.804Z"""
"62491549-97a6-4388-83ca-f94b8e60e012","fr8mqCiecfbf9coDGLRV2l3U4Ex1","af6dbb8b-7945-4286-a7ae-7e86a9a49260","home","false","""2025-10-13T05:45:01.475Z"""
"6258da63-35cf-4eaf-88bd-58d0c7600145","KNCanobU7uVRwHBloZcTX4hohOD2","4e1dc139-ee89-482e-992c-bf20980aa2f2","home","false","""2025-11-18T17:23:10.528Z"""
"625b7c80-4419-4f0b-ac45-010a3f78d43e","uTosuZBxPucsOAnCnHmdA3pzBlb2","f36c055f-4d4f-4845-9c32-8fd81f510cc0","away","true","""2026-01-01T21:46:43.706Z"""
"626d5ac2-707a-4330-b6d2-ef67277347e5","fr8mqCiecfbf9coDGLRV2l3U4Ex1","7b0cf584-001d-446a-ac68-ac81dd891f67","away","true","""2025-11-18T22:07:01.224Z"""
"626d9c1a-1f95-4272-92f2-b91771c78683","MrwsvsZKPwTJ4SwYnAKtyPEAsrq2","5fff642f-22ef-4c52-bdc8-86c57876f1f7","away","false","""2025-12-11T02:27:27.372Z"""
"62c0e74b-1a93-4f26-8be5-a97315ce838e","KNCanobU7uVRwHBloZcTX4hohOD2","9fa9610c-daa9-4022-8c64-fcaca6c446c9","home","true","""2025-10-22T14:54:23.388Z"""
"62c34306-1e10-4ffc-bbdc-38b139efd5fe","KNCanobU7uVRwHBloZcTX4hohOD2","b240d41c-2aa9-4b7a-be70-fd2e6518084b","home","true","""2025-10-22T14:54:23.411Z"""
"62cad516-1c57-43e0-94b1-c7683021574b","KNCanobU7uVRwHBloZcTX4hohOD2","e5f5592c-6f29-4f54-91fd-f482091aa68d","home","true","""2025-10-06T20:38:17.371Z"""
"6363a3b8-b460-4a7e-84b7-6d0ced292e8b","KNCanobU7uVRwHBloZcTX4hohOD2","9dc42d48-4c62-4532-b02c-9084ac237270","home","true","""2025-10-11T04:21:21.075Z"""
"6364bb99-837d-404e-a173-dcec41e19a57","5Sg3H3XuN7cEb8TLhyA8p8j3hg12","a112a186-d4c0-42bd-a2e1-52f89a1d9141","away","true","""2025-10-15T17:10:02.691Z"""
"636eccb2-4604-42e0-80e2-8140f6f5afea","5Sg3H3XuN7cEb8TLhyA8p8j3hg12","c912cde0-abd7-41a5-bd0f-58584312d7bc","away","false","""2025-10-13T05:31:33.724Z"""
"63adb5eb-7381-4364-9588-0f6c77af5fa9","MrwsvsZKPwTJ4SwYnAKtyPEAsrq2","037eeb17-0a48-44f0-bfc4-d65ef659c1e4","away","true","""2025-10-16T00:36:24.016Z"""
"63ba8ebe-5107-47e0-9070-ca2a50a7fb32","MrwsvsZKPwTJ4SwYnAKtyPEAsrq2","d9ef7df6-8d61-4b7f-bc4e-e6c7167d33ea","home","true","""2025-12-24T22:42:46.872Z"""
"640c89f8-a03f-4764-9043-6870e78ad134","MrwsvsZKPwTJ4SwYnAKtyPEAsrq2","f9dbf52a-051d-47d2-bbc3-f94467e78464","home","true","""2025-10-13T16:46:19.674Z"""
"6419c7fd-e267-445f-ad33-69bcf1d43dd2","HHUFVmkNFOVQRY811qCFh46cuM63","276805f8-a20e-4293-be82-942d6476caf2","home","true","""2025-11-19T16:16:01.058Z"""
"6490f77d-07ea-41cb-bd32-20cdaea685f1","uTosuZBxPucsOAnCnHmdA3pzBlb2","217ed8cf-3646-45d4-9c85-97020be55145","home","false","""2025-10-11T16:07:45.703Z"""
"64c00c48-367c-414b-b5bd-92ace4980fb5","BQMdo8NUOgY8n0QxdUophLPMewp2","28d1bb5a-b58b-4999-967d-e88f6ee87dfd","home","true","""2025-10-16T00:52:49.973Z"""
"64eebd24-1f79-4a30-aaa4-cbf84a6a806a","KNCanobU7uVRwHBloZcTX4hohOD2","49d8e640-2e08-4f01-9070-eeaf14a1c5be","away","true","""2025-10-06T20:38:17.431Z"""
"6504799a-1e5f-4b65-af35-4e68044b98de","HHUFVmkNFOVQRY811qCFh46cuM63","6a0d84af-ac95-4d3d-a3c2-149169507d04","home","false","""2025-10-23T00:09:53.219Z"""
"652deb9f-2b54-4b61-b940-637a7ddfe2f6","uTosuZBxPucsOAnCnHmdA3pzBlb2","af6a4ba6-f7a9-4c5b-9532-b21b30e83c11","home","true","""2025-10-11T16:06:31.192Z"""
"654f4717-7ae2-4dd6-ad6d-cfa6cccd089a","KNCanobU7uVRwHBloZcTX4hohOD2","dd9a201c-fdc7-42b6-a804-da710d30b4fb","home","true","""2026-01-01T21:09:52.909Z"""
"6561f1fd-261a-40ef-b61f-10942606d05d","KNCanobU7uVRwHBloZcTX4hohOD2","82cff1b3-d3d7-4f5f-8d9d-def11469ea97","away","true","""2025-10-11T04:21:21.058Z"""
"659d6e17-9aa5-44cd-a0c8-1969386adeb7","MrwsvsZKPwTJ4SwYnAKtyPEAsrq2","27272f98-3733-4614-a94f-7c57e4de90b0","away","false","""2025-11-06T03:07:14.218Z"""
"660d2487-41e5-4940-9013-ddc6872c73a7","BQMdo8NUOgY8n0QxdUophLPMewp2","bbf31f42-841a-4dc4-ae72-bfa5b5822a7c","away","false","""2025-12-25T03:44:19.664Z"""
"6668751f-c0a2-4c38-95bb-61234052c09b","MrwsvsZKPwTJ4SwYnAKtyPEAsrq2","ccb00408-299b-4110-ae06-4ad1e6aca797","away","false","""2025-11-13T01:24:07.997Z"""
"666d4f56-6bf4-4cd6-856e-3e28a5f0499f","KNCanobU7uVRwHBloZcTX4hohOD2","08c4b8dc-3f26-473f-bd1b-c3394daa3de7","home","true","""2025-11-11T16:23:15.779Z"""
"666d51ea-0451-44ab-a05a-7b1c738c1d09","5Sg3H3XuN7cEb8TLhyA8p8j3hg12","72dc680f-9575-4cb3-9308-155f258f48f6","home","true","""2025-10-13T05:30:02.166Z"""
"66ae2c3b-4ad8-456e-9b5f-76d79aed7f68","fr8mqCiecfbf9coDGLRV2l3U4Ex1","5f4240e5-9bb6-45c9-a004-5dca2076b2c1","home","true","""2025-10-13T05:45:01.427Z"""
"66c65df5-f492-4fa3-9969-a297bdcc59dc","uTosuZBxPucsOAnCnHmdA3pzBlb2","4123a030-1fbb-4711-bf11-e7346eb89a3a","away","true","""2025-10-11T16:05:19.923Z"""
"670e7a73-d1bd-4e8e-9c81-d95428c544a7","HHUFVmkNFOVQRY811qCFh46cuM63","5e4f2f5e-4c89-4b9d-8d63-b0ef8613f339","away","true","""2025-12-25T03:27:20.726Z"""
"6724902c-e349-4c7f-a9c3-d3abcbf0c1df","5Sg3H3XuN7cEb8TLhyA8p8j3hg12","5ee8fa87-ea63-495d-ba53-9779d679b3e9","away","true","""2025-10-13T05:34:49.241Z"""
"673d3de0-e910-41a2-8b34-1112f315673d","KNCanobU7uVRwHBloZcTX4hohOD2","7b0cf584-001d-446a-ac68-ac81dd891f67","away","true","""2025-11-18T17:23:10.589Z"""
"674600c4-09ec-4e7e-b7c2-82695fc1e9c5","fr8mqCiecfbf9coDGLRV2l3U4Ex1","378eba84-9711-4e34-949d-17568364eb54","away","true","""2025-12-09T18:54:43.443Z"""
"6746f9fe-4f92-4f02-b9c9-eac969fe8eac","5Sg3H3XuN7cEb8TLhyA8p8j3hg12","f5c37341-4b93-45c8-b5ef-bfd19af0fab5","away","false","""2025-10-22T16:45:03.228Z"""
"6756294a-60fd-43e8-9ee5-0c1837456864","MrwsvsZKPwTJ4SwYnAKtyPEAsrq2","47a141f6-72ba-43c5-9a00-1c0a7f0d940d","home","false","""2025-12-11T02:27:27.316Z"""
"67623ea1-c7e9-4053-b31e-f2e03f49f5bd","MrwsvsZKPwTJ4SwYnAKtyPEAsrq2","e0e04637-9693-42aa-a826-ec4a7571ed70","away","false","""2025-10-13T16:44:28.372Z"""
"67823536-743f-44ac-89c3-aa33c623a5e9","BQMdo8NUOgY8n0QxdUophLPMewp2","0a064dc3-1a53-476e-a2dd-3bbbffabe099","home","true","""2025-10-11T14:55:35.649Z"""
"67e189ce-8b8a-4894-a39f-58dce6cabf05","uTosuZBxPucsOAnCnHmdA3pzBlb2","02a74aac-db07-4ef6-9008-16ab15999c67","home","true","""2026-01-01T21:46:43.741Z"""
"6842ab4b-e410-4f2f-901e-79c62bbc9c09","HHUFVmkNFOVQRY811qCFh46cuM63","80684a75-8cb4-4a6a-92f4-850b95158aa1","home","false","""2025-10-11T04:35:47.003Z"""
"6880707d-c10c-44e4-9493-fd78195305ce","MrwsvsZKPwTJ4SwYnAKtyPEAsrq2","02a74aac-db07-4ef6-9008-16ab15999c67","home","true","""2026-01-01T04:33:43.184Z"""
"68857bf1-8a0f-40f9-9097-4b6d54c1a527","5Sg3H3XuN7cEb8TLhyA8p8j3hg12","188f8022-c384-495f-bbfa-d45f60761b5d","home","false","""2025-12-18T03:37:52.130Z"""
"6893f720-b685-41b5-8c43-61144ec8a0f3","HHUFVmkNFOVQRY811qCFh46cuM63","a414c339-c5ca-4763-8e61-98117721b036","home","false","""2026-01-02T06:19:39.773Z"""
"689fe1d1-889a-4df1-954e-b6ef48e61e8a","5Sg3H3XuN7cEb8TLhyA8p8j3hg12","3acf4b39-ba12-4d6d-83a6-8845117be627","away","true","""2025-10-13T05:33:24.493Z"""
"68acae9c-053e-489f-99b7-ec9b6bbc2f6b","KNCanobU7uVRwHBloZcTX4hohOD2","5e4f2f5e-4c89-4b9d-8d63-b0ef8613f339","away","true","""2025-12-23T15:48:55.927Z"""
"68b0d457-0d70-4f45-85d5-6c141056ddac","HHUFVmkNFOVQRY811qCFh46cuM63","ce993454-eab0-4e59-af3b-f096423d36b2","away","true","""2025-10-11T04:39:09.507Z"""
"68e8cbfb-388d-4d2b-9c57-ebea7e1d32c5","uTosuZBxPucsOAnCnHmdA3pzBlb2","3d39c331-c9b0-4b49-b89d-b7230e187105","away","false","""2025-11-18T19:09:31.833Z"""
"68f0e363-dcd2-4c9d-8832-68bffe526491","fr8mqCiecfbf9coDGLRV2l3U4Ex1","522815a0-4205-44ff-b092-19e05729c816","away","false","""2025-10-13T05:48:22.787Z"""
"691fda61-b71e-4126-a021-4e55276e0db8","uTosuZBxPucsOAnCnHmdA3pzBlb2","06166fe9-e0aa-4e3c-b84a-60851b05b11d","home","true","""2025-10-11T16:08:42.283Z"""
"694c4259-d8c7-490c-9b8a-104071832cae","fr8mqCiecfbf9coDGLRV2l3U4Ex1","a87db628-a5a8-4fbb-85f9-b0525694ab65","home","true","""2025-12-31T18:30:17.434Z"""
"6952cb77-3709-4af1-a60d-e545e2fedf54","MrwsvsZKPwTJ4SwYnAKtyPEAsrq2","75fb78a0-ee28-474a-b080-19dbaed51a42","away","false","""2025-10-13T16:47:30.277Z"""
"69537e37-24a1-4548-9421-74e9f31ebe0c","uTosuZBxPucsOAnCnHmdA3pzBlb2","44ed9a41-84ec-4d18-9569-8283f5a81d14","home","false","""2025-10-28T15:10:00.326Z"""
"6962a9d1-cc45-40ee-a2b8-c6b0c1289666","fr8mqCiecfbf9coDGLRV2l3U4Ex1","03c2cbaa-5b38-48e4-8c8d-3cd882fe4a52","away","true","""2025-12-04T04:47:54.884Z"""
"696c6140-9dfe-4b33-b7fb-4861351aab25","5Sg3H3XuN7cEb8TLhyA8p8j3hg12","b1092853-be4e-4bb7-beef-85df31d31fc6","away","false","""2025-10-13T05:23:59.215Z"""
"6973ca09-20eb-405e-a3ed-5df5330ab5d6","fr8mqCiecfbf9coDGLRV2l3U4Ex1","ca151594-164f-4eb9-b679-3eba6b569a85","away","false","""2025-12-31T18:30:17.477Z"""
"699fc5f2-44ab-498c-aa5e-c97409bc69a2","MrwsvsZKPwTJ4SwYnAKtyPEAsrq2","9f5a2821-a4c7-4c30-9043-c6ed1c73a505","away","true","""2025-12-17T03:21:11.546Z"""
"69bdd7e1-abb8-48a9-9363-24b64466b7c3","uTosuZBxPucsOAnCnHmdA3pzBlb2","b03a5a5f-169b-4dfa-9b65-7551a928e707","away","true","""2025-12-23T20:19:35.599Z"""
"69d8d2ec-9bc9-442e-8c8c-ef7504ef2c73","MrwsvsZKPwTJ4SwYnAKtyPEAsrq2","22759715-e3f6-42cb-99a0-ba1c9ea0c590","home","true","""2026-01-01T04:33:43.182Z"""
"69f0414b-b001-4bb2-b219-2b38ded44c16","KNCanobU7uVRwHBloZcTX4hohOD2","e8750e7d-a111-4664-ac63-cef8be87ed60","away","true","""2025-10-28T15:54:57.337Z"""
"69f96183-8ec2-4ca8-ac8d-bde4cb1d31c9","5Sg3H3XuN7cEb8TLhyA8p8j3hg12","0a064dc3-1a53-476e-a2dd-3bbbffabe099","home","true","""2025-10-13T05:31:33.711Z"""
"6a057885-9ac1-4421-ad70-201490196794","BQMdo8NUOgY8n0QxdUophLPMewp2","3e3db6c8-9daf-4077-9602-a12ad24d3f1c","away","true","""2025-11-06T04:09:36.960Z"""
"6a179086-faf4-42a9-96f4-53a1f044facb","MrwsvsZKPwTJ4SwYnAKtyPEAsrq2","19f890c0-d258-4049-827c-84336e7569c8","home","false","""2026-01-01T04:33:43.134Z"""
"6a1a5091-6b96-489d-ab94-6413ca34d1ec","5Sg3H3XuN7cEb8TLhyA8p8j3hg12","adc9d7a4-ae90-4a83-a4ef-9187d53a47cd","home","true","""2025-10-15T17:10:00.901Z"""
"6a61536c-acbc-4181-ae37-1b42c8461bfb","uTosuZBxPucsOAnCnHmdA3pzBlb2","394218dd-01fb-496f-86c8-9c8a1a2f1a08","away","false","""2025-10-14T21:25:27.537Z"""
"6a7a29b4-ce68-4a4f-b9ee-36f56c849e72","5Sg3H3XuN7cEb8TLhyA8p8j3hg12","82cff1b3-d3d7-4f5f-8d9d-def11469ea97","away","true","""2025-10-13T05:23:59.255Z"""
"6a940d18-72cd-4d36-836b-d76d2216a225","uTosuZBxPucsOAnCnHmdA3pzBlb2","93009d60-cd8e-475b-a816-982fa70969a5","away","true","""2025-10-11T16:06:31.181Z"""
"6ab8c22b-ac61-4535-9176-78dcdc16f921","BQMdo8NUOgY8n0QxdUophLPMewp2","8aa717d5-f0fd-4d88-8198-b8ec733a6205","away","true","""2025-10-11T14:49:26.506Z"""
"6ad700f6-6365-4f7d-bf5f-a73d1633fc12","uTosuZBxPucsOAnCnHmdA3pzBlb2","fda6adfe-f6c2-45bd-89c9-a2bba460cce1","away","true","""2025-10-28T15:10:00.322Z"""
"6ae25aa1-ae2f-48c0-a475-3b2260a49bb1","uTosuZBxPucsOAnCnHmdA3pzBlb2","9d84c7f1-c311-4457-a00f-12253fced02f","home","true","""2025-12-09T19:52:27.593Z"""
"6b247955-9d2f-4831-a20f-424a1dc8949e","5Sg3H3XuN7cEb8TLhyA8p8j3hg12","921dc171-7bd4-47fd-8a54-29eb24499a9e","home","true","""2025-10-15T17:10:00.940Z"""
"6b4879d4-ff0f-4b87-9307-9c146a31a9f5","uTosuZBxPucsOAnCnHmdA3pzBlb2","4ad7c6d7-e225-44c7-b3c2-172d28e9fda3","home","true","""2025-10-28T15:10:00.350Z"""
"6b5e168b-7450-4cdf-8270-e2f007857998","HHUFVmkNFOVQRY811qCFh46cuM63","592310e7-5f1e-411c-94bb-003b9d7cf284","away","true","""2025-11-12T03:58:38.957Z"""
"6b8b11dc-8853-474b-a6e2-991d10cbe7d4","KNCanobU7uVRwHBloZcTX4hohOD2","cfabb977-38c9-46be-ac17-8b760d0000d1","home","true","""2025-12-09T18:35:56.882Z"""
"6bc7d0f2-1307-4e60-8134-d5338b21c090","5Sg3H3XuN7cEb8TLhyA8p8j3hg12","53aa259b-a3f7-47c9-8741-e38f88a2e9c6","away","true","""2025-10-13T05:33:24.491Z"""
"6bf76b57-0acf-4c4e-b474-8f168d74d1c9","BQMdo8NUOgY8n0QxdUophLPMewp2","290af0a5-b885-4094-9c69-3a8024ea32da","home","true","""2025-10-30T03:07:44.219Z"""
"6c2ae613-56d8-4816-aac5-8017b1bbd84e","5Sg3H3XuN7cEb8TLhyA8p8j3hg12","994d851e-04ce-4155-9fdb-ccd36218aac6","away","true","""2025-12-18T03:37:52.142Z"""
"6c4b0f01-7553-45aa-b870-313d2018e82d","MrwsvsZKPwTJ4SwYnAKtyPEAsrq2","5f4240e5-9bb6-45c9-a004-5dca2076b2c1","home","true","""2025-10-13T16:43:12.549Z"""
"6c5d0f96-4d99-4c7f-97f2-e5c13e251e69","HHUFVmkNFOVQRY811qCFh46cuM63","5f4240e5-9bb6-45c9-a004-5dca2076b2c1","home","true","""2025-10-11T04:35:46.845Z"""
"6c64a604-e703-4da8-922e-152df76ce87d","5Sg3H3XuN7cEb8TLhyA8p8j3hg12","88711fba-d4c6-4a22-8627-f90f1aaa8001","home","false","""2025-10-13T05:33:24.500Z"""
"6c6bbb5a-bfa5-43fe-bce2-6d820eaab227","MrwsvsZKPwTJ4SwYnAKtyPEAsrq2","4d631138-18a5-41c6-a3ed-1bbe8c6533d6","away","false","""2025-11-06T03:07:14.364Z"""
"6c9ad5a7-7bb2-427d-8541-ef08b3cc0076","KNCanobU7uVRwHBloZcTX4hohOD2","1b827358-ad04-4acd-8e1a-5b78ec0b6fd8","home","true","""2025-12-02T16:21:10.696Z"""
"6cacb89b-8896-4cde-91dc-e8ea7c5dd77a","KNCanobU7uVRwHBloZcTX4hohOD2","6346765c-9f65-41ee-9416-f968e65c0d23","away","true","""2025-12-23T15:48:55.927Z"""
"6cf443e1-e9e2-4613-b8c0-30e544f35eb4","BQMdo8NUOgY8n0QxdUophLPMewp2","f9e49890-cbaa-403f-861b-2ec9cf3c194f","home","true","""2025-11-26T03:40:12.486Z"""
"6d138647-ef64-4049-88de-16c41d9eb772","BQMdo8NUOgY8n0QxdUophLPMewp2","14cc7702-0f7d-4760-8692-4239170d4bde","home","true","""2025-10-11T14:52:44.500Z"""
"6d3fb358-7025-4a49-8628-897168146797","MrwsvsZKPwTJ4SwYnAKtyPEAsrq2","ffa49879-774b-46f4-a6f1-b3c5c08950e3","away","false","""2025-11-06T03:07:14.364Z"""
"6d6339a8-11a3-4912-8e8f-2276283316c0","HHUFVmkNFOVQRY811qCFh46cuM63","29fb114a-3404-4532-ac55-9d558ec801df","away","true","""2025-11-27T01:32:28.176Z"""
"6d662135-3d7b-4696-a5d4-f1233ed2b09d","fr8mqCiecfbf9coDGLRV2l3U4Ex1","03452ff1-f0d2-4e79-b52f-dbe07de90710","home","true","""2025-10-22T16:28:53.966Z"""
"6d6901d0-7b18-42bc-8057-968510225903","BQMdo8NUOgY8n0QxdUophLPMewp2","29981eec-1aff-4705-9a1a-50abfd2ae3b6","home","true","""2025-11-26T03:40:12.482Z"""
"6dad3653-2dc2-43c2-b00e-b6084c774d16","KNCanobU7uVRwHBloZcTX4hohOD2","3d176750-486f-46fc-9e81-bc39747a3a17","away","false","""2025-12-16T16:11:50.171Z"""
"6e6a7e91-08d7-4966-8842-943a01c029ae","5Sg3H3XuN7cEb8TLhyA8p8j3hg12","522815a0-4205-44ff-b092-19e05729c816","away","false","""2025-10-13T05:31:33.774Z"""
"6eea9689-6567-45fe-9894-8b35a242b99c","HHUFVmkNFOVQRY811qCFh46cuM63","22759715-e3f6-42cb-99a0-ba1c9ea0c590","home","true","""2026-01-02T06:19:39.853Z"""
"6f4c248b-a06a-41ac-b4ae-edafbd9d8f9e","BQMdo8NUOgY8n0QxdUophLPMewp2","24c1e7d6-cb84-440c-b509-a7a45298c3b4","home","true","""2025-10-11T14:52:44.528Z"""
"6f5b92b2-7ced-4c0c-8562-de5e6ede4437","BQMdo8NUOgY8n0QxdUophLPMewp2","7ebf9a6d-6f11-403d-b054-401e37bfa774","away","false","""2025-10-11T14:54:09.775Z"""
"6f5ce4fc-5366-4bcb-bad7-67089e0400f5","fr8mqCiecfbf9coDGLRV2l3U4Ex1","afc0dfd1-7737-4c19-9b71-99ea0715f973","home","false","""2025-12-18T03:18:03.414Z"""
"6fb4ec1b-1900-4bf9-a8a7-60ecbc41ee54","HHUFVmkNFOVQRY811qCFh46cuM63","f9dbf52a-051d-47d2-bbc3-f94467e78464","home","true","""2025-10-11T04:41:16.235Z"""
"6fbb3783-6f17-45df-b8d2-89eca8c87790","uTosuZBxPucsOAnCnHmdA3pzBlb2","4e1dc139-ee89-482e-992c-bf20980aa2f2","home","false","""2025-11-18T19:09:31.790Z"""
"6fd96bee-6c56-4fd5-9887-26dff515052f","uTosuZBxPucsOAnCnHmdA3pzBlb2","85c030e5-5532-48aa-9cf6-89ddb705fd7d","away","true","""2025-12-23T20:19:35.755Z"""
"6fdce656-3353-44b0-855f-eeb1b876809f","uTosuZBxPucsOAnCnHmdA3pzBlb2","00a25211-2151-49de-96dd-eecb1280c2e4","home","true","""2025-11-25T20:11:42.053Z"""
"6fe0dfca-4bbe-44b0-b5d6-978fc6b37353","BQMdo8NUOgY8n0QxdUophLPMewp2","6b0872bf-a289-43e7-bc27-be771751ed95","away","false","""2025-12-18T03:34:05.032Z"""
"6fe2a965-2c3d-4214-b05c-d1877a7d9a06","KNCanobU7uVRwHBloZcTX4hohOD2","009a2f6f-c791-4f7c-80a2-61e12cd49ce0","home","true","""2025-10-11T04:21:21.031Z"""
"700858af-3451-4a36-8b09-fa2a79fe4283","uTosuZBxPucsOAnCnHmdA3pzBlb2","d8e096b9-3c57-4c9d-9ae7-68d7610c2198","home","false","""2025-12-02T21:16:51.923Z"""
"701c2ffd-9a5b-4f03-a33f-9e5d0ef26a9e","fr8mqCiecfbf9coDGLRV2l3U4Ex1","8aa717d5-f0fd-4d88-8198-b8ec733a6205","home","false","""2025-10-13T05:43:03.089Z"""
"703eb645-46ef-43c5-8253-68b6172e0c6b","HHUFVmkNFOVQRY811qCFh46cuM63","901a2cb5-6d93-473f-a85e-08299818412e","home","true","""2026-01-02T06:19:39.793Z"""
"7067bd35-4c20-4fac-889e-a85a5dfe05ab","HHUFVmkNFOVQRY811qCFh46cuM63","d8e096b9-3c57-4c9d-9ae7-68d7610c2198","home","false","""2025-12-03T23:32:03.851Z"""
"7077bf7d-7813-4663-86ba-346a02e0380b","MrwsvsZKPwTJ4SwYnAKtyPEAsrq2","f27424c5-879c-48b1-bfd9-92133a620c63","home","false","""2025-10-13T16:48:32.117Z"""
"70bbce1f-c728-48c2-8051-1447c8269c89","MrwsvsZKPwTJ4SwYnAKtyPEAsrq2","f674cdc8-d2b1-4245-bef2-80b83f704fe7","away","false","""2025-10-13T16:41:38.964Z"""
"70bd580f-ef01-4dbd-a32b-617023e63882","fr8mqCiecfbf9coDGLRV2l3U4Ex1","43fd2c2e-96ca-4127-ac52-c35295bc5944","home","false","""2025-12-04T04:47:54.861Z"""
"70c0d7b3-76c9-445b-92db-14cd1e6d9410","MrwsvsZKPwTJ4SwYnAKtyPEAsrq2","68a478b0-50fe-4165-9e6a-5e09752aa9e6","away","true","""2025-10-29T22:30:17.393Z"""
"71062bb1-94b6-4cdd-b598-d54cafe9e237","5Sg3H3XuN7cEb8TLhyA8p8j3hg12","85c030e5-5532-48aa-9cf6-89ddb705fd7d","away","true","""2025-12-24T18:04:28.623Z"""
"711195dd-5cf5-4732-aeae-47bbc4e93328","fr8mqCiecfbf9coDGLRV2l3U4Ex1","4a81eb39-2c6b-408a-bea5-495527925fca","away","true","""2025-11-13T03:54:10.445Z"""
"7151abc4-959f-497d-b96d-22e608526473","BQMdo8NUOgY8n0QxdUophLPMewp2","88711fba-d4c6-4a22-8627-f90f1aaa8001","home","false","""2025-10-11T14:56:50.288Z"""
"715cbfc3-def1-4d2a-afad-22139f2c985b","BQMdo8NUOgY8n0QxdUophLPMewp2","dec545cd-bc5b-4db2-999b-57e75045cb1d","home","true","""2025-12-11T04:11:58.861Z"""
"717a24a6-94fa-48ca-b96f-5dac89f1e4f3","KNCanobU7uVRwHBloZcTX4hohOD2","051cd2bf-649c-4ec3-b1a2-f1260e37a178","home","false","""2025-11-04T17:08:39.990Z"""
"71920517-f0e1-42d3-b594-a1b053739397","5Sg3H3XuN7cEb8TLhyA8p8j3hg12","14296231-b958-407d-b299-8c8dc027d43e","away","true","""2025-10-30T02:37:38.440Z"""
"71a442a2-177f-4266-b9a3-1f932d896a20","HHUFVmkNFOVQRY811qCFh46cuM63","18b4661d-a29c-4770-92f0-c69c15ef87fe","home","false","""2025-11-27T01:32:28.233Z"""
"71ae1fd4-b36a-4735-87a3-df567d191129","BQMdo8NUOgY8n0QxdUophLPMewp2","62600472-c342-48f2-be96-62b4ef840548","home","false","""2025-12-11T04:11:58.917Z"""
"71d39270-d881-44ba-a16d-dcd73e6e7fe6","uTosuZBxPucsOAnCnHmdA3pzBlb2","c3c58ec3-2d73-43cd-9dd0-4e4fbb53458b","away","true","""2025-11-25T20:11:42.056Z"""
"72137cd1-2687-436e-a8c9-0452a058ec62","uTosuZBxPucsOAnCnHmdA3pzBlb2","e6ae54d2-94e5-4fac-a832-ae1eee9da073","home","false","""2025-12-16T20:58:45.552Z"""
"725038e2-9aaa-47ea-9228-8d36dd41af12","MrwsvsZKPwTJ4SwYnAKtyPEAsrq2","464f83cd-076d-4273-9416-effd35e804b4","away","false","""2025-11-06T03:07:14.214Z"""
"72537cc8-9c18-438e-8502-bcbea2d06970","fr8mqCiecfbf9coDGLRV2l3U4Ex1","5079b48e-5419-4607-a529-b5693b1327c2","home","false","""2025-12-09T18:54:43.445Z"""
"7257e436-7556-4639-bb82-8c54001f1634","MrwsvsZKPwTJ4SwYnAKtyPEAsrq2","08d9d6b9-9346-42ae-babf-9d3b5bbc40c1","away","true","""2025-10-13T16:47:30.318Z"""
"7288f86c-c21a-47a3-b088-091658f875da","uTosuZBxPucsOAnCnHmdA3pzBlb2","e9e4e4dc-4580-4a6d-9569-fe1800928f9e","away","true","""2025-10-14T21:25:27.610Z"""
"72a68d7b-92a7-461a-b770-36f12cf8412f","uTosuZBxPucsOAnCnHmdA3pzBlb2","144472db-f72c-4ee0-97fb-5f074ffe7ef6","home","false","""2025-10-11T16:08:42.252Z"""
"72c97d6a-6528-4e75-b47d-428e20710dcf","MrwsvsZKPwTJ4SwYnAKtyPEAsrq2","3857df67-7e36-4e92-bee5-eb3d8fc46ba9","home","false","""2025-10-13T16:41:38.965Z"""
"72dc1e51-928b-4223-8c08-b6a3779f1e3b","fr8mqCiecfbf9coDGLRV2l3U4Ex1","341b5cbc-ccde-4fa1-88be-589e8affad57","home","true","""2025-11-13T03:54:10.442Z"""
"72eaa4b4-451d-41f7-8695-144da18be8c0","BQMdo8NUOgY8n0QxdUophLPMewp2","21be25ec-2be3-4dae-8b56-c58699364ee6","home","true","""2025-12-11T04:11:58.917Z"""
"7327a1dc-7d29-4c0e-a698-6967863be45b","HHUFVmkNFOVQRY811qCFh46cuM63","e02b68db-5a99-4efa-b993-8ef03a0bae22","home","true","""2025-12-03T23:32:03.852Z"""
"73b9485e-e66a-4e6f-b520-833765686aef","KNCanobU7uVRwHBloZcTX4hohOD2","24c1e7d6-cb84-440c-b509-a7a45298c3b4","home","true","""2025-10-11T15:06:12.731Z"""
"73c08cac-9218-449f-b656-befa977bc154","5Sg3H3XuN7cEb8TLhyA8p8j3hg12","14cc7702-0f7d-4760-8692-4239170d4bde","home","true","""2025-10-13T05:27:55.086Z"""
"73f43d2b-8abf-47be-b216-bd846004e7e3","fr8mqCiecfbf9coDGLRV2l3U4Ex1","f5c37341-4b93-45c8-b5ef-bfd19af0fab5","home","true","""2025-10-22T16:28:53.852Z"""
"7418a407-14f5-439f-9f31-9e478d3724cc","KNCanobU7uVRwHBloZcTX4hohOD2","af6a4ba6-f7a9-4c5b-9532-b21b30e83c11","home","true","""2025-10-11T15:06:12.772Z"""
"74435c77-86a0-4962-9fe0-18c4f9f7a3f7","uTosuZBxPucsOAnCnHmdA3pzBlb2","07c1c591-1e75-4628-b226-5d972e01c7e0","home","true","""2025-12-23T20:19:36.698Z"""
"74a13ad1-e7f9-43c7-8854-7d779eaa0c5e","uTosuZBxPucsOAnCnHmdA3pzBlb2","8f749334-e12d-44cd-87b6-6927f8ad876d","away","false","""2025-11-25T20:11:42.012Z"""
"74be7713-5152-46d2-aba3-4b7c7bf58331","uTosuZBxPucsOAnCnHmdA3pzBlb2","75fb78a0-ee28-474a-b080-19dbaed51a42","home","true","""2025-10-11T16:09:43.261Z"""
"74c8df75-a452-4304-a038-9c80fb760d24","5Sg3H3XuN7cEb8TLhyA8p8j3hg12","04ae6655-cc67-4b5d-9ddd-f5a3bd678bf2","away","true","""2025-12-18T03:37:52.096Z"""
"74e53cf6-5d00-47d1-b03d-405c4a46d5bd","BQMdo8NUOgY8n0QxdUophLPMewp2","378eba84-9711-4e34-949d-17568364eb54","away","true","""2025-12-11T04:11:58.854Z"""
"7545340b-cc3a-4f77-b4c4-ba2ae103b1c4","5Sg3H3XuN7cEb8TLhyA8p8j3hg12","9d84c7f1-c311-4457-a00f-12253fced02f","home","true","""2025-12-09T18:58:20.580Z"""
"75503904-6fea-4d83-a444-8d3a43af2465","5Sg3H3XuN7cEb8TLhyA8p8j3hg12","da5986d0-a029-4174-b078-fdbd8b3cfaa6","away","false","""2025-12-24T18:04:28.560Z"""
"75661568-f261-4cae-8a35-465f6497dad5","KNCanobU7uVRwHBloZcTX4hohOD2","d176cfb2-3623-4172-b708-fa83d68a5e6b","away","true","""2025-12-23T15:48:55.952Z"""
"7592533f-a533-4dde-9381-60134310dc88","5Sg3H3XuN7cEb8TLhyA8p8j3hg12","2657802c-1ec7-4932-bf94-0e13a5d42e8e","home","false","""2025-10-13T05:33:24.498Z"""
"75a123f8-ade4-45fa-9178-ef10e89d75d0","fr8mqCiecfbf9coDGLRV2l3U4Ex1","e0e04637-9693-42aa-a826-ec4a7571ed70","away","false","""2025-10-13T05:46:45.965Z"""
"75b793a2-d660-4970-8b36-67739507b2a2","KNCanobU7uVRwHBloZcTX4hohOD2","8dc1d7d8-3f47-445e-9d17-168f1c4e8ab2","home","false","""2025-12-09T18:35:56.942Z"""
"75dd44aa-afeb-4d4c-8c74-02e60871e02e","5Sg3H3XuN7cEb8TLhyA8p8j3hg12","af6a4ba6-f7a9-4c5b-9532-b21b30e83c11","home","true","""2025-10-13T05:27:55.380Z"""
"75f48ec3-e790-4225-be2b-aa0db068e008","fr8mqCiecfbf9coDGLRV2l3U4Ex1","4123a030-1fbb-4711-bf11-e7346eb89a3a","away","true","""2025-10-13T05:43:03.135Z"""
"75fe1efb-0ec0-4afe-a950-2d73ab90d83e","BQMdo8NUOgY8n0QxdUophLPMewp2","2038f542-7164-4fe9-8cde-198fe2c08076","away","false","""2025-10-11T14:55:34.743Z"""
"76074dbe-fc5d-4feb-a3fe-04f8b3917e20","MrwsvsZKPwTJ4SwYnAKtyPEAsrq2","7192c43d-86ac-41f4-a295-4f8c93d9c895","home","true","""2025-10-13T16:44:28.401Z"""
"7617336b-c511-450b-bdcc-814ad203aabe","fr8mqCiecfbf9coDGLRV2l3U4Ex1","4401d322-197f-4f49-8768-8e2cf323a836","home","true","""2025-10-13T05:51:00.788Z"""
"764a2255-9647-4ced-abd5-10086737c1b7","5Sg3H3XuN7cEb8TLhyA8p8j3hg12","7866d00d-ca2e-4a1b-9920-8b5fb82887c9","away","true","""2025-12-24T18:04:28.629Z"""
"765d01ed-9eae-44b1-81dc-254e07f505f7","fr8mqCiecfbf9coDGLRV2l3U4Ex1","fc97303d-62cd-4a93-b698-210297cd3ec1","home","true","""2025-10-13T05:43:03.081Z"""
"76723f0d-a986-4455-9370-945bab35f8b5","5Sg3H3XuN7cEb8TLhyA8p8j3hg12","ecfc4982-5331-4712-826e-28d59a35fb6c","away","true","""2025-11-20T02:28:45.197Z"""
"767a3632-a204-41bd-aafd-84873d60b9a3","5Sg3H3XuN7cEb8TLhyA8p8j3hg12","08d9d6b9-9346-42ae-babf-9d3b5bbc40c1","home","false","""2025-10-13T05:33:24.513Z"""
"769c51d0-1786-4bcd-b4e3-a8830aaa75c6","BQMdo8NUOgY8n0QxdUophLPMewp2","34233cff-87ec-4c05-aa66-21af99b029e6","away","false","""2025-12-18T03:34:05.008Z"""
"76dd7028-a7b4-44bd-89f7-100bfe405519","fr8mqCiecfbf9coDGLRV2l3U4Ex1","ce993454-eab0-4e59-af3b-f096423d36b2","away","true","""2025-10-13T05:46:46.055Z"""
"77107227-5ab7-4830-9514-7a428373715b","5Sg3H3XuN7cEb8TLhyA8p8j3hg12","c1188a7f-ae52-40f8-967e-a19903e87ebd","away","false","""2025-11-27T02:35:10.959Z"""
"7727794e-d2ef-47a4-befd-81439b4f689d","KNCanobU7uVRwHBloZcTX4hohOD2","cb3db559-8d6f-4c84-b79c-075eca54aa81","away","false","""2025-10-11T15:09:38.727Z"""
"77350741-9958-48be-a70e-21eb81998f8b","KNCanobU7uVRwHBloZcTX4hohOD2","276805f8-a20e-4293-be82-942d6476caf2","home","true","""2025-11-18T17:23:10.526Z"""
"7737ca21-7a00-4690-8da2-7dd5a65b713b","fr8mqCiecfbf9coDGLRV2l3U4Ex1","9f5a2821-a4c7-4c30-9043-c6ed1c73a505","away","true","""2025-12-18T03:18:03.357Z"""
"773b2733-344f-498b-848e-f71a4a9e9c81","KNCanobU7uVRwHBloZcTX4hohOD2","309d5644-af03-4371-8cd6-b853a61d65dd","home","false","""2025-11-04T17:08:39.969Z"""
"77531732-6329-4c2d-bb25-533c6cb79a5b","MrwsvsZKPwTJ4SwYnAKtyPEAsrq2","950d355e-96df-42af-b0a5-7853986b80f6","home","false","""2025-10-29T22:30:17.291Z"""
"7796b6cc-fd43-4e59-9555-87e39d45ff52","uTosuZBxPucsOAnCnHmdA3pzBlb2","91e343a1-9aed-41c9-a2dd-138c9b70a854","away","true","""2025-11-25T20:11:42.017Z"""
"77a72409-4ff6-4d3e-88a1-fa958c076f53","fr8mqCiecfbf9coDGLRV2l3U4Ex1","fb0bc69a-83ef-483f-a568-d6aa45758a4c","away","false","""2025-12-09T18:54:43.444Z"""
"77c9d95c-bdab-4cde-9811-46e10b6dab86","fr8mqCiecfbf9coDGLRV2l3U4Ex1","f6fab087-2f9f-4790-bc3f-3ce30915e78f","home","true","""2025-10-15T23:46:56.211Z"""
"78180dd2-6bec-41e4-a53d-404d92b8e628","HHUFVmkNFOVQRY811qCFh46cuM63","a87db628-a5a8-4fbb-85f9-b0525694ab65","away","false","""2026-01-02T06:19:39.806Z"""
"7825f48b-211f-4c13-af31-fee4da3e1a1c","fr8mqCiecfbf9coDGLRV2l3U4Ex1","051cd2bf-649c-4ec3-b1a2-f1260e37a178","away","true","""2025-11-06T00:57:45.914Z"""
"782a8432-7233-4f0e-943a-f86ee860d959","5Sg3H3XuN7cEb8TLhyA8p8j3hg12","6a58755f-32c7-4338-8319-7ef553af4987","home","true","""2025-10-13T05:30:01.815Z"""
"784a09e3-849d-4188-9ed9-275ebaae82f1","BQMdo8NUOgY8n0QxdUophLPMewp2","2d48aa2d-0cf4-4160-84ef-84ba8296bb1b","away","false","""2025-10-11T14:52:44.508Z"""
"784c542c-a6ac-4e27-89de-b6898cf7c0bf","HHUFVmkNFOVQRY811qCFh46cuM63","2090fc33-4cd3-45a5-afb4-72ea85a2fac1","home","true","""2025-10-11T04:46:06.589Z"""
"78b9e1de-ffed-48d4-a04b-013b28553815","KNCanobU7uVRwHBloZcTX4hohOD2","7ebf9a6d-6f11-403d-b054-401e37bfa774","home","true","""2025-10-11T15:08:26.207Z"""
"78dcab9a-3661-45e2-8600-8e641b8153c3","fr8mqCiecfbf9coDGLRV2l3U4Ex1","e8c441ce-b782-4ecb-aca5-4e44c45c9712","home","true","""2025-10-13T05:43:03.137Z"""
"79228427-6ecd-4de5-b075-d117e96f2ea7","BQMdo8NUOgY8n0QxdUophLPMewp2","3324e314-b033-45e3-9071-5f0ee73511f3","home","true","""2025-10-16T00:52:49.987Z"""
"79586ba5-7faf-458f-9fc0-fc577f6086c8","HHUFVmkNFOVQRY811qCFh46cuM63","75fb78a0-ee28-474a-b080-19dbaed51a42","away","false","""2025-10-11T04:43:21.383Z"""
"798dc4dd-9260-459f-9691-71e84cb0bcaa","fr8mqCiecfbf9coDGLRV2l3U4Ex1","6a58755f-32c7-4338-8319-7ef553af4987","home","true","""2025-10-13T05:46:46.130Z"""
"7a0a7586-2bf0-496e-8b1e-c36d3a17f60b","uTosuZBxPucsOAnCnHmdA3pzBlb2","8935b981-7f63-4806-87c9-aca46ca74c66","away","false","""2025-12-16T20:58:45.522Z"""
"7a0ea31e-817e-40de-8146-bfbd0185fc2f","uTosuZBxPucsOAnCnHmdA3pzBlb2","c3eac563-fddd-4906-a10d-17ba6a4e1f16","away","true","""2025-10-14T21:25:29.563Z"""
"7a2a6e36-83e9-49ad-a353-03dd4734c08f","MrwsvsZKPwTJ4SwYnAKtyPEAsrq2","592310e7-5f1e-411c-94bb-003b9d7cf284","away","true","""2025-11-13T01:24:07.997Z"""
"7a4b1c13-e369-4e97-9145-a08cc60fbf9c","HHUFVmkNFOVQRY811qCFh46cuM63","6dd54dde-1403-44da-b4fd-8dc8aafb4ce1","home","true","""2025-10-11T04:46:06.591Z"""
"7a544393-c6cd-4a45-852e-0bdc7d47f020","KNCanobU7uVRwHBloZcTX4hohOD2","15eb92cf-99f9-458a-859c-1161b5f5e81c","away","false","""2025-10-06T20:33:28.013Z"""
"7a5b847d-33dd-46f0-90ca-572c20e57605","HHUFVmkNFOVQRY811qCFh46cuM63","4a2ab7be-acd4-44aa-a766-aa55f586ee8c","away","true","""2025-10-11T04:41:14.293Z"""
"7a5ea4fe-24f4-440a-8171-1e94ba77f0d1","KNCanobU7uVRwHBloZcTX4hohOD2","2e020826-f20e-465a-8b83-f2eaa4acd153","away","true","""2025-10-06T20:38:17.396Z"""
"7a643a93-4394-46d4-83ab-301cb7f3aa95","MrwsvsZKPwTJ4SwYnAKtyPEAsrq2","da5986d0-a029-4174-b078-fdbd8b3cfaa6","away","false","""2025-12-24T22:42:46.752Z"""
"7a6eb877-aadb-43cb-88b0-ac6832ac96fd","KNCanobU7uVRwHBloZcTX4hohOD2","47a141f6-72ba-43c5-9a00-1c0a7f0d940d","home","false","""2025-12-09T18:35:56.843Z"""
"7aac4846-e2c9-4bae-8e0a-5a340db9afb6","KNCanobU7uVRwHBloZcTX4hohOD2","252e5dd1-8b22-4b1c-a0d4-4e4368c2a566","home","true","""2025-12-02T16:21:10.683Z"""
"7ab7a40f-1846-46ef-a428-9d0b9f286afe","BQMdo8NUOgY8n0QxdUophLPMewp2","217ed8cf-3646-45d4-9c85-97020be55145","away","true","""2025-10-11T14:54:09.741Z"""
"7b001372-9156-425e-b4f8-df9a331c4f27","BQMdo8NUOgY8n0QxdUophLPMewp2","4401d322-197f-4f49-8768-8e2cf323a836","home","true","""2025-10-11T14:59:21.028Z"""
"7b02c959-9d12-4fa9-b436-0d21d9c30bb3","fr8mqCiecfbf9coDGLRV2l3U4Ex1","9dc42d48-4c62-4532-b02c-9084ac237270","home","true","""2025-10-13T05:43:03.119Z"""
"7b3452d2-990c-4c49-a538-e60773c7d573","MrwsvsZKPwTJ4SwYnAKtyPEAsrq2","341b5cbc-ccde-4fa1-88be-589e8affad57","away","false","""2025-11-13T01:24:07.998Z"""
"7b380d57-900b-4b8d-a6db-e02444cf7c39","5Sg3H3XuN7cEb8TLhyA8p8j3hg12","cc57c375-e432-430f-ad82-96dd242cd3b7","home","true","""2025-10-22T16:45:03.259Z"""
"7b5ba39d-5508-4601-8ca7-8a3fc952fb39","KNCanobU7uVRwHBloZcTX4hohOD2","af7bfc60-3b99-43a6-a2a3-d1c14ac8c404","away","false","""2025-10-11T15:08:26.201Z"""
"7b8a4ce7-f8a6-48c2-9fa7-b97505d65fa2","MrwsvsZKPwTJ4SwYnAKtyPEAsrq2","f5c37341-4b93-45c8-b5ef-bfd19af0fab5","away","false","""2025-10-23T01:31:36.596Z"""
"7bd98f30-bb5c-4562-ac91-a03199784553","BQMdo8NUOgY8n0QxdUophLPMewp2","6e43e081-5eb6-413d-8860-b70c89ea761f","home","true","""2025-10-16T00:52:50.015Z"""
"7c02cb9b-1a36-4cef-8044-6667cf065927","MrwsvsZKPwTJ4SwYnAKtyPEAsrq2","9dff992f-1ac3-45d2-80a8-96e745368797","home","false","""2025-12-24T22:42:46.754Z"""
"7c0cf5d2-3513-4226-a130-34376b8f9572","MrwsvsZKPwTJ4SwYnAKtyPEAsrq2","e3482d66-4562-4ff3-b48d-5845fb84f5c7","home","false","""2025-12-24T22:42:46.873Z"""
"7c10c465-2852-4d50-8880-25de069544e9","uTosuZBxPucsOAnCnHmdA3pzBlb2","37c2791d-e4f9-4c07-8559-0f0e8b3afb1f","away","false","""2025-12-02T21:16:51.963Z"""
"7c630096-5171-4c19-b3d1-e3915a435741","HHUFVmkNFOVQRY811qCFh46cuM63","b1092853-be4e-4bb7-beef-85df31d31fc6","away","false","""2025-10-11T04:32:32.810Z"""
"7c631ed0-db9b-4c35-811d-b99036c54366","5Sg3H3XuN7cEb8TLhyA8p8j3hg12","464f83cd-076d-4273-9416-effd35e804b4","home","true","""2025-11-06T03:11:57.960Z"""
"7c9a02e1-c160-448a-9515-3dbfa39c627c","HHUFVmkNFOVQRY811qCFh46cuM63","1ae363ac-8ade-44d7-9772-7f98f075c205","away","false","""2025-10-11T04:32:32.832Z"""
"7ca56021-1f58-412e-b86e-045776f67e99","KNCanobU7uVRwHBloZcTX4hohOD2","290af0a5-b885-4094-9c69-3a8024ea32da","away","false","""2025-10-28T15:54:57.320Z"""
"7d2ea3d8-9690-43f5-a701-5014f48de7cc","KNCanobU7uVRwHBloZcTX4hohOD2","7b59dc7c-66f5-4ba5-96b2-e349b94b3c98","away","true","""2025-10-11T15:09:38.725Z"""
"7d37b62d-214c-442f-9f2b-c7226cec2d79","5Sg3H3XuN7cEb8TLhyA8p8j3hg12","885a097f-63a2-4d26-8573-ca0f585970f2","away","false","""2025-10-13T05:34:49.269Z"""
"7d4894ea-32b8-4204-9401-fae0c7b25bf8","MrwsvsZKPwTJ4SwYnAKtyPEAsrq2","89180e44-0ffa-4572-8b0b-2f6d51f6d0a1","away","false","""2025-10-13T16:46:19.544Z"""
"7d6497b4-b2a1-4c33-91bb-91fb1e66bee5","BQMdo8NUOgY8n0QxdUophLPMewp2","6a204869-e5da-4115-b689-35b74aeaa5a0","away","false","""2025-10-30T03:07:44.238Z"""
"7d719a78-e9d0-4e9b-b3f3-da28e1664872","HHUFVmkNFOVQRY811qCFh46cuM63","e3482d66-4562-4ff3-b48d-5845fb84f5c7","home","false","""2025-12-25T03:27:20.737Z"""
"7d9f9f18-d2e2-4fe5-b240-3173ae866817","uTosuZBxPucsOAnCnHmdA3pzBlb2","9cb4ecef-38cd-46a4-a2c2-d997f52400d7","home","false","""2025-10-28T15:10:00.307Z"""
"7da63fbb-0569-4093-a1f7-36495c2b33d2","BQMdo8NUOgY8n0QxdUophLPMewp2","d8e096b9-3c57-4c9d-9ae7-68d7610c2198","home","false","""2025-12-04T03:57:32.801Z"""
"7dbc4f96-4e35-463b-8278-c36fe03e2964","BQMdo8NUOgY8n0QxdUophLPMewp2","908a0a02-d9c1-4ae0-8abf-d47210acc562","home","false","""2025-10-23T01:28:37.817Z"""
"7dd1e1b9-47e9-4132-88fb-2f62c50e5a6d","uTosuZBxPucsOAnCnHmdA3pzBlb2","d7ce46e4-fec6-42fd-9d17-a0c8420bc0d1","home","false","""2025-10-11T16:05:19.920Z"""
"7dfde10b-37d9-4329-81a9-57e52634ff92","KNCanobU7uVRwHBloZcTX4hohOD2","da5986d0-a029-4174-b078-fdbd8b3cfaa6","away","false","""2025-12-23T15:48:55.896Z"""
"7e0cabbf-fe4e-4ee1-b089-0d76357c238b","5Sg3H3XuN7cEb8TLhyA8p8j3hg12","c3947a4d-407f-42bf-bd2e-6c8814bf4c97","away","true","""2025-12-18T03:37:52.134Z"""
"7e1a0b9f-bdf7-46ad-a4e9-74ebb42e1fe5","HHUFVmkNFOVQRY811qCFh46cuM63","d176cfb2-3623-4172-b708-fa83d68a5e6b","away","true","""2025-12-25T03:27:20.729Z"""
"7e1c24ba-7f86-44f1-8b14-5ef0dad85f86","uTosuZBxPucsOAnCnHmdA3pzBlb2","c912cde0-abd7-41a5-bd0f-58584312d7bc","away","false","""2025-10-11T16:08:42.263Z"""
"7e2c49c1-0ed6-4184-b319-45824863739d","MrwsvsZKPwTJ4SwYnAKtyPEAsrq2","051cd2bf-649c-4ec3-b1a2-f1260e37a178","home","false","""2025-11-06T03:07:14.365Z"""
"7e2f566a-68bc-491c-b416-cff3a1eb351d","MrwsvsZKPwTJ4SwYnAKtyPEAsrq2","6f8cf172-0bf1-4394-aeba-2036852a5edb","home","true","""2025-11-20T03:55:29.732Z"""
"7e34f908-b975-4f02-a646-1ea137d7e967","KNCanobU7uVRwHBloZcTX4hohOD2","2d3f4557-1a00-4b80-b782-bbb441db6139","away","false","""2025-10-11T15:08:25.512Z"""
"7e7a832c-78bd-478f-a718-82200dd9e71c","5Sg3H3XuN7cEb8TLhyA8p8j3hg12","9cb4ecef-38cd-46a4-a2c2-d997f52400d7","home","false","""2025-10-30T02:37:38.468Z"""
"7ea2d39a-9ecb-4b75-acb7-dd4b90a05ce0","fr8mqCiecfbf9coDGLRV2l3U4Ex1","e6ae54d2-94e5-4fac-a832-ae1eee9da073","home","false","""2025-12-18T03:18:03.351Z"""
"7eab70ab-841e-4981-9bf3-2fe8103a2230","uTosuZBxPucsOAnCnHmdA3pzBlb2","9450763b-6a2d-412f-a2ca-813f3f895037","away","true","""2025-10-22T15:35:15.900Z"""
"7eff50bb-2ed0-4fcd-9fb8-aa3ef17c26b8","KNCanobU7uVRwHBloZcTX4hohOD2","5ee8fa87-ea63-495d-ba53-9779d679b3e9","away","true","""2025-10-06T20:33:28.008Z"""
"7f42a462-5847-4cc1-bf79-aeb193c462a5","BQMdo8NUOgY8n0QxdUophLPMewp2","b0078085-6c9d-48cc-8f30-3b217e44edaa","away","true","""2025-11-13T04:17:56.754Z"""
"7f4b7a62-ed44-4a0a-92a9-96907fdb6ac4","HHUFVmkNFOVQRY811qCFh46cuM63","acc50154-acf6-497e-bd33-a0e21dc297d2","away","true","""2025-10-11T04:39:09.474Z"""
"7f5729ba-fcfa-4bd8-8035-f7a8c44d0758","HHUFVmkNFOVQRY811qCFh46cuM63","30faaa86-dc68-4696-87be-97baea9a53e3","home","true","""2025-11-05T16:48:22.282Z"""
"7fa9410e-0210-4c63-b136-2b0e19d6a054","BQMdo8NUOgY8n0QxdUophLPMewp2","8d4b29c4-5a41-48b2-bf80-492089dc3ebb","away","false","""2025-12-25T03:44:19.631Z"""
"7fae3135-6114-4c6a-944e-6511338b3f53","5Sg3H3XuN7cEb8TLhyA8p8j3hg12","e3482d66-4562-4ff3-b48d-5845fb84f5c7","home","false","""2025-12-24T18:04:28.559Z"""
"7faf056f-4e9c-4a9a-ae30-7dc2676bf243","HHUFVmkNFOVQRY811qCFh46cuM63","4ca05f8d-5839-4502-a066-a827679faca5","home","false","""2025-12-03T23:32:03.822Z"""
"7fcf7dd4-c6d7-46c0-9bd3-19c98d8746e2","MrwsvsZKPwTJ4SwYnAKtyPEAsrq2","c3eac563-fddd-4906-a10d-17ba6a4e1f16","away","true","""2025-10-16T00:36:24.041Z"""
"7fdadc29-3322-42e2-a689-54a506d65b23","MrwsvsZKPwTJ4SwYnAKtyPEAsrq2","712832f9-8a82-41ab-a806-0627d6d42fc4","home","true","""2025-10-13T16:48:32.125Z"""
"7fdbeba6-68c7-4695-8012-48d9fc62f27e","HHUFVmkNFOVQRY811qCFh46cuM63","53aa259b-a3f7-47c9-8741-e38f88a2e9c6","away","true","""2025-10-11T04:43:21.385Z"""
"803a97ba-81d2-43a2-8c00-0ebf8cc268fc","KNCanobU7uVRwHBloZcTX4hohOD2","32433f34-bebd-4ec5-9164-9ae012728dff","home","true","""2025-10-11T15:08:25.511Z"""
"8089f8e1-c282-4a31-a44e-c9151376c515","BQMdo8NUOgY8n0QxdUophLPMewp2","cdc2a856-e7e5-41aa-8abb-8394a460ad50","away","true","""2025-10-11T14:55:34.750Z"""
"809f8b9e-1182-49e8-9e91-5dc47d44e5e8","fr8mqCiecfbf9coDGLRV2l3U4Ex1","d176cfb2-3623-4172-b708-fa83d68a5e6b","away","true","""2025-12-24T17:05:36.324Z"""
"80b2b247-6b66-4966-b6ae-0327d75e6552","BQMdo8NUOgY8n0QxdUophLPMewp2","91e343a1-9aed-41c9-a2dd-138c9b70a854","away","true","""2025-11-26T03:40:12.518Z"""
"80d9b74a-5a79-4590-8fc1-20dac83e3fc7","BQMdo8NUOgY8n0QxdUophLPMewp2","2657802c-1ec7-4932-bf94-0e13a5d42e8e","home","false","""2025-10-11T14:56:50.336Z"""
"80edd45a-f6f1-4d2a-a98f-830883611dea","MrwsvsZKPwTJ4SwYnAKtyPEAsrq2","ff74829e-0197-476d-a27f-7c3df0946120","away","false","""2025-10-29T22:30:17.391Z"""
"812cbbbb-750d-4b85-acd4-5650b8a741d1","uTosuZBxPucsOAnCnHmdA3pzBlb2","b1ef955b-aeb7-460b-82e7-fe71169a7923","away","true","""2025-11-04T20:38:13.628Z"""
"815da65c-fbe2-4f61-96f1-84349d0017bd","uTosuZBxPucsOAnCnHmdA3pzBlb2","2d3f4557-1a00-4b80-b782-bbb441db6139","away","false","""2025-10-11T16:07:45.661Z"""
"81ac783b-5999-4521-b72e-69642a0e34e0","5Sg3H3XuN7cEb8TLhyA8p8j3hg12","7fe37fa5-7882-46a5-b100-8c026ad4cbed","home","true","""2025-11-20T02:28:45.173Z"""
"81e0eafe-8753-4c5d-8811-56adeba1709d","fr8mqCiecfbf9coDGLRV2l3U4Ex1","18b4661d-a29c-4770-92f0-c69c15ef87fe","away","true","""2025-11-25T22:02:09.337Z"""
"81e1d471-6922-4987-9fb3-34e10d9b04c5","BQMdo8NUOgY8n0QxdUophLPMewp2","e9e4e4dc-4580-4a6d-9569-fe1800928f9e","away","true","""2025-10-16T00:52:50.022Z"""
"820a8bad-0e1c-4dd2-a0e1-08410d2e9aee","KNCanobU7uVRwHBloZcTX4hohOD2","332b0a33-6015-4982-8412-814d325eceaa","home","true","""2025-11-25T17:25:25.343Z"""
"82156a97-42a8-4433-9fa0-ee4382d96c60","HHUFVmkNFOVQRY811qCFh46cuM63","7b59dc7c-66f5-4ba5-96b2-e349b94b3c98","away","true","""2025-10-11T04:41:14.294Z"""
"8215a0df-c864-4ae8-8aa6-cd15e58b8e72","BQMdo8NUOgY8n0QxdUophLPMewp2","341b5cbc-ccde-4fa1-88be-589e8affad57","away","false","""2025-11-13T04:17:56.806Z"""
"823d314c-f008-4d93-a229-378c693f0465","uTosuZBxPucsOAnCnHmdA3pzBlb2","4237591e-c15d-400f-a741-c2881e51db6c","home","false","""2025-10-11T16:05:19.927Z"""
"8257b0ee-91a4-4e65-8645-6234e02f9660","KNCanobU7uVRwHBloZcTX4hohOD2","37a5b9e0-5c29-4478-b83b-31cb0f702086","away","true","""2025-10-11T15:06:13.050Z"""
"8270d321-e61c-4e93-ade9-606c334a5412","MrwsvsZKPwTJ4SwYnAKtyPEAsrq2","394218dd-01fb-496f-86c8-9c8a1a2f1a08","away","false","""2025-10-16T00:36:24.017Z"""
"82816753-1bb6-41bc-a943-58ad4a477a83","BQMdo8NUOgY8n0QxdUophLPMewp2","49d8e640-2e08-4f01-9070-eeaf14a1c5be","away","true","""2025-10-16T00:52:51.664Z"""
"829bf32d-623d-40dd-a935-c074cc8e3e51","fr8mqCiecfbf9coDGLRV2l3U4Ex1","bce79cb1-ba5f-4450-82cb-9c5e4b1f8f95","home","true","""2025-10-13T05:51:00.799Z"""
"82d0a518-68be-46d9-845c-dbb978c4366f","uTosuZBxPucsOAnCnHmdA3pzBlb2","cc2f7e28-74cb-48e1-8a99-6d2421e9b89b","away","false","""2025-10-14T21:25:29.562Z"""
"82da88f2-ae88-4272-a827-1131cd551fec","BQMdo8NUOgY8n0QxdUophLPMewp2","99235d98-91df-43b3-9c1f-927882dbdef1","away","false","""2026-01-03T04:39:38.682Z"""
"82ef9a2f-b904-404a-b6ee-b706e6031383","uTosuZBxPucsOAnCnHmdA3pzBlb2","e37673f8-4ca5-4823-af52-83bfff38261c","away","true","""2025-12-16T20:58:45.552Z"""
"83103206-7816-4a63-89b7-a17065547663","HHUFVmkNFOVQRY811qCFh46cuM63","5ca39933-0941-4486-8719-9491ba784310","away","true","""2025-10-11T04:43:21.809Z"""
"8345ba5a-4f45-4445-a909-28f51dcff23a","KNCanobU7uVRwHBloZcTX4hohOD2","d1634e0b-ea2d-44dd-96ef-8d43b63f69c5","home","false","""2025-12-16T16:11:50.171Z"""
"834b596f-5d0d-4604-88d5-f04d2b34968b","KNCanobU7uVRwHBloZcTX4hohOD2","58c41f89-f3f6-4dfd-82b3-55d562cd6f72","away","true","""2025-10-06T20:33:27.999Z"""
"83a7e1ca-f923-4fd3-ace0-9f1372476db4","fr8mqCiecfbf9coDGLRV2l3U4Ex1","908a0a02-d9c1-4ae0-8abf-d47210acc562","away","true","""2025-10-22T16:28:53.953Z"""
"83b6d8d2-a80f-4f40-b120-c9206d4a083d","uTosuZBxPucsOAnCnHmdA3pzBlb2","19f890c0-d258-4049-827c-84336e7569c8","away","true","""2026-01-01T21:46:43.769Z"""
"83fbf4fd-ec6e-4129-bc51-67cbc53bd066","KNCanobU7uVRwHBloZcTX4hohOD2","ea4ee477-02b5-4856-b1b9-87bc0662769b","home","true","""2025-12-09T18:35:56.884Z"""
"842ff778-ac8f-44cd-b8d9-279e34be3d4a","HHUFVmkNFOVQRY811qCFh46cuM63","d7ce46e4-fec6-42fd-9d17-a0c8420bc0d1","away","true","""2025-10-11T04:32:32.828Z"""
"8453347f-4ce6-4aaa-9df2-1ef88fb5fb57","uTosuZBxPucsOAnCnHmdA3pzBlb2","ecf49c5b-647b-459a-baee-4541757243e8","home","true","""2026-01-01T21:46:43.739Z"""
"845700ec-0ba8-4678-b13e-d80832af5b8d","fr8mqCiecfbf9coDGLRV2l3U4Ex1","3e3db6c8-9daf-4077-9602-a12ad24d3f1c","away","true","""2025-11-06T00:57:45.949Z"""
"8470d8c9-bc29-4ae6-8932-3432e94009ca","fr8mqCiecfbf9coDGLRV2l3U4Ex1","15eb92cf-99f9-458a-859c-1161b5f5e81c","away","false","""2025-10-13T05:51:00.789Z"""
"84a3f160-6f29-44b6-b536-380c35c352f8","HHUFVmkNFOVQRY811qCFh46cuM63","ec48d4f9-2a97-44e9-99dd-600dcba4b05e","away","true","""2025-11-12T03:58:39.014Z"""
"85162c80-f3d5-4cc8-8bec-7012541acf4e","5Sg3H3XuN7cEb8TLhyA8p8j3hg12","44ed9a41-84ec-4d18-9569-8283f5a81d14","home","false","""2025-10-30T02:37:38.471Z"""
"85291a48-599c-4949-be8c-ef074efd9ddf","5Sg3H3XuN7cEb8TLhyA8p8j3hg12","dd7fd87e-bfc9-4a18-8c64-adb4886065c2","away","false","""2025-12-02T16:43:55.749Z"""
"855936d8-a5c9-46da-9d34-664787fa689b","HHUFVmkNFOVQRY811qCFh46cuM63","309d5644-af03-4371-8cd6-b853a61d65dd","home","false","""2025-11-05T16:48:22.303Z"""
"8584551d-2d79-40f7-8ce4-ec9fb084c1f3","HHUFVmkNFOVQRY811qCFh46cuM63","49d5b888-cefc-4a6c-9ee5-57326e3c1091","home","true","""2025-11-05T16:48:22.356Z"""
"85f1c579-298f-460e-8778-9c40099abd94","5Sg3H3XuN7cEb8TLhyA8p8j3hg12","35994b25-507c-4fec-9364-bdc6937e4a74","home","false","""2025-11-11T19:35:37.882Z"""
"862a3586-a2ff-44fd-9200-66bdfcb0125f","MrwsvsZKPwTJ4SwYnAKtyPEAsrq2","3d176750-486f-46fc-9e81-bc39747a3a17","home","true","""2025-12-17T03:21:11.617Z"""
"8639f46a-cfcc-457f-bf76-f1cc7e118c2b","HHUFVmkNFOVQRY811qCFh46cuM63","921dc171-7bd4-47fd-8a54-29eb24499a9e","home","true","""2025-10-15T14:35:47.142Z"""
"8649a06b-f109-47da-9483-a9395de9a23d","MrwsvsZKPwTJ4SwYnAKtyPEAsrq2","d3ac1372-895d-4214-91b0-8990c81c763e","away","true","""2025-11-20T03:55:29.715Z"""
"8697727a-be67-49dc-9bfe-ace64232cc09","fr8mqCiecfbf9coDGLRV2l3U4Ex1","2d48aa2d-0cf4-4160-84ef-84ba8296bb1b","home","true","""2025-10-13T05:45:01.396Z"""
"86babd24-5d7e-4e40-b511-8d76ba9457d9","BQMdo8NUOgY8n0QxdUophLPMewp2","125817a5-7c31-4006-ad58-a27c84beae30","away","true","""2025-11-13T04:17:56.807Z"""
"86e3564c-6d49-4118-b160-930e86b50a58","uTosuZBxPucsOAnCnHmdA3pzBlb2","4401d322-197f-4f49-8768-8e2cf323a836","home","true","""2025-10-06T23:16:39.452Z"""
"873396ea-fdd8-45ca-a56f-82c260ff0c5a","5Sg3H3XuN7cEb8TLhyA8p8j3hg12","3d39c331-c9b0-4b49-b89d-b7230e187105","away","false","""2025-11-20T02:28:45.183Z"""
"874530fe-e447-41fd-8fd9-fb5bb31b563f","fr8mqCiecfbf9coDGLRV2l3U4Ex1","5adabf6b-0cdb-46b7-b2ee-0e68a1b125cc","away","true","""2025-11-06T00:57:45.927Z"""
"876779c9-de8c-486f-81f9-93ec515efdf0","MrwsvsZKPwTJ4SwYnAKtyPEAsrq2","f6fab087-2f9f-4790-bc3f-3ce30915e78f","home","true","""2025-10-16T00:36:24.010Z"""
"87761125-9abc-4aec-8348-7e947f753c48","5Sg3H3XuN7cEb8TLhyA8p8j3hg12","01b38b62-0eeb-482b-ba65-10d5468a0d1a","away","false","""2025-11-11T19:35:37.911Z"""
"8793cc0e-edab-4af3-aaef-9ec3a9aab887","MrwsvsZKPwTJ4SwYnAKtyPEAsrq2","0882b537-08b1-4a14-b320-02958418489e","away","true","""2025-12-24T22:42:46.728Z"""
"87b569f1-2745-4b6c-b888-dadfdd9fa043","BQMdo8NUOgY8n0QxdUophLPMewp2","07c1c591-1e75-4628-b226-5d972e01c7e0","home","true","""2025-12-25T03:44:19.711Z"""
"87b67183-2a33-4b9a-93cb-6cd9547423cb","KNCanobU7uVRwHBloZcTX4hohOD2","f27424c5-879c-48b1-bfd9-92133a620c63","home","false","""2025-10-06T20:33:28.092Z"""
"87d90650-6ff3-4484-9bf9-fe336fe4c055","uTosuZBxPucsOAnCnHmdA3pzBlb2","49d8e640-2e08-4f01-9070-eeaf14a1c5be","away","true","""2025-10-14T21:25:27.530Z"""
"87e470ce-843e-4818-b79b-79882c3bef3d","5Sg3H3XuN7cEb8TLhyA8p8j3hg12","15eb92cf-99f9-458a-859c-1161b5f5e81c","away","false","""2025-10-13T05:34:49.216Z"""
"87f735a2-5748-4c29-becc-a39a4319dcc0","5Sg3H3XuN7cEb8TLhyA8p8j3hg12","aa089e46-2b2b-4939-b3c0-57961a62bd42","away","false","""2025-10-13T05:34:49.218Z"""
"880cbe35-9eca-4665-8319-9d86273c88e1","5Sg3H3XuN7cEb8TLhyA8p8j3hg12","8ae1db88-b0f8-45a7-8efb-626b272c99e9","home","true","""2025-10-13T05:31:33.746Z"""
"88541327-d8b5-4824-a988-edd6100cb3df","uTosuZBxPucsOAnCnHmdA3pzBlb2","bd96cfc7-07f3-421c-a0b3-7385c401f0c3","home","true","""2025-11-11T16:11:13.296Z"""
"886084b4-1ddd-49cd-bd41-94fb31b6d1fa","MrwsvsZKPwTJ4SwYnAKtyPEAsrq2","9fa9610c-daa9-4022-8c64-fcaca6c446c9","away","false","""2025-10-23T01:31:36.604Z"""
"8898a28b-e695-4cfa-b73f-ebb6a2102d04","fr8mqCiecfbf9coDGLRV2l3U4Ex1","2d3f4557-1a00-4b80-b782-bbb441db6139","away","false","""2025-10-13T05:46:45.966Z"""
"889962cd-bf4a-418a-b007-0aa7775231f8","5Sg3H3XuN7cEb8TLhyA8p8j3hg12","8f749334-e12d-44cd-87b6-6927f8ad876d","away","false","""2025-11-27T02:35:10.990Z"""
"88b4851a-c006-4c85-ba1b-e97bff93f166","5Sg3H3XuN7cEb8TLhyA8p8j3hg12","592310e7-5f1e-411c-94bb-003b9d7cf284","away","true","""2025-11-11T19:35:38.175Z"""
"88cb3852-b00b-4e77-9e48-f6df0cc0e84e","uTosuZBxPucsOAnCnHmdA3pzBlb2","af7bfc60-3b99-43a6-a2a3-d1c14ac8c404","away","false","""2025-10-11T16:07:45.706Z"""
"88d1f7c3-d18e-445d-bbfd-cf34fcf2adf6","5Sg3H3XuN7cEb8TLhyA8p8j3hg12","89180e44-0ffa-4572-8b0b-2f6d51f6d0a1","home","true","""2025-10-13T05:31:33.732Z"""
"88eee792-6964-4409-bdcb-1d855ea9fac7","uTosuZBxPucsOAnCnHmdA3pzBlb2","9052fac9-1e88-40d3-b38d-651f4d9b8baa","away","false","""2025-10-11T16:08:42.310Z"""
"88f83348-3a91-4170-8d8c-ab64c7db78e7","5Sg3H3XuN7cEb8TLhyA8p8j3hg12","599ad8ed-dcbd-4d6f-af96-bf0df84a1e46","home","false","""2025-10-13T05:33:24.480Z"""
"89233673-841d-4a57-94c3-5c9827dae59c","HHUFVmkNFOVQRY811qCFh46cuM63","217ed8cf-3646-45d4-9c85-97020be55145","away","true","""2025-10-11T04:39:09.506Z"""
"892b8410-1f3a-4775-a5d2-33f8efa7956f","5Sg3H3XuN7cEb8TLhyA8p8j3hg12","b43a659b-4752-4cc7-ad9a-8e9fb11b4d20","away","true","""2025-10-13T05:23:59.213Z"""
"8956884a-3d4a-4aec-9958-8796c93f01c6","uTosuZBxPucsOAnCnHmdA3pzBlb2","0a265fbc-60d0-4e8c-bfa1-150fb01880f1","away","true","""2025-12-02T21:16:51.967Z"""
"895d623a-1df6-49d2-a7f4-514d5171ddb3","MrwsvsZKPwTJ4SwYnAKtyPEAsrq2","32207c4d-7e2d-4c98-b5b3-96ca4d5dec98","home","true","""2025-11-27T00:46:50.664Z"""
"89a725c0-b0d2-45ea-bbab-f01694c2b736","uTosuZBxPucsOAnCnHmdA3pzBlb2","dd9a201c-fdc7-42b6-a804-da710d30b4fb","home","true","""2026-01-01T21:46:43.746Z"""
"89a8f528-d10a-4ee2-b9a5-c038a03fc675","KNCanobU7uVRwHBloZcTX4hohOD2","51a3a933-7ed6-4fa6-8742-cf8113f18c60","away","true","""2025-10-28T15:54:57.371Z"""
"89f86880-027e-4962-8992-b363232ae22a","fr8mqCiecfbf9coDGLRV2l3U4Ex1","592310e7-5f1e-411c-94bb-003b9d7cf284","away","true","""2025-11-13T03:54:10.447Z"""
"8a36b83a-976a-4b12-8e47-1bcc0bb3e510","HHUFVmkNFOVQRY811qCFh46cuM63","a6610cd6-055f-4716-8f88-189d342b234f","home","false","""2025-12-10T01:12:52.158Z"""
"8a6a5902-23e5-4039-8eb9-a71477ba6552","BQMdo8NUOgY8n0QxdUophLPMewp2","80684a75-8cb4-4a6a-92f4-850b95158aa1","home","false","""2025-10-11T14:52:44.554Z"""
"8a7d56ea-977a-4852-8552-ddb0b490d3ca","MrwsvsZKPwTJ4SwYnAKtyPEAsrq2","a6610cd6-055f-4716-8f88-189d342b234f","home","false","""2025-12-11T02:27:27.328Z"""
"8a9373fe-02b5-42c5-ac50-bcb2fb9f0a84","5Sg3H3XuN7cEb8TLhyA8p8j3hg12","0d235aa7-8a1c-49a1-9b34-29246d31e6fc","away","false","""2025-10-22T16:45:03.265Z"""
"8aa25725-1ea5-4f56-8500-3af365ff2c70","uTosuZBxPucsOAnCnHmdA3pzBlb2","89180e44-0ffa-4572-8b0b-2f6d51f6d0a1","home","true","""2025-10-11T16:08:42.257Z"""
"8aceae33-ac38-4436-9e91-3ee7b29a1b46","uTosuZBxPucsOAnCnHmdA3pzBlb2","3a4bdeb3-43f1-424e-b283-260aea8a907d","home","true","""2025-11-11T16:11:13.293Z"""
"8ae30e6c-fca6-4a5d-8a91-390f23c2aa81","MrwsvsZKPwTJ4SwYnAKtyPEAsrq2","7fe37fa5-7882-46a5-b100-8c026ad4cbed","home","true","""2025-11-20T03:55:29.693Z"""
"8b125032-11bb-4908-90a9-24388d94fa1c","BQMdo8NUOgY8n0QxdUophLPMewp2","2faad927-ee71-4555-95d6-b307aad6e403","home","true","""2025-10-11T14:56:50.334Z"""
"8b423ccb-baa0-4464-92af-17887eedee76","HHUFVmkNFOVQRY811qCFh46cuM63","378eba84-9711-4e34-949d-17568364eb54","away","true","""2025-12-10T01:12:52.103Z"""
"8b42b509-0395-48ff-a482-4eb0bf75a90e","BQMdo8NUOgY8n0QxdUophLPMewp2","c9a08577-585b-42ed-affc-55d86d567ef3","home","true","""2025-10-11T14:55:35.666Z"""
"8b500b37-467b-4e95-85f8-d9fec6880a5f","uTosuZBxPucsOAnCnHmdA3pzBlb2","252e5dd1-8b22-4b1c-a0d4-4e4368c2a566","home","true","""2025-12-02T21:16:52.198Z"""
"8b5be0d9-90b0-4f4e-ae4f-e2cac8d4b1e1","KNCanobU7uVRwHBloZcTX4hohOD2","3d39c331-c9b0-4b49-b89d-b7230e187105","home","true","""2025-11-18T17:23:10.507Z"""
"8b9ccf68-3636-400b-a402-443d3ad6176b","HHUFVmkNFOVQRY811qCFh46cuM63","d3ac1372-895d-4214-91b0-8990c81c763e","away","true","""2025-11-19T16:16:01.025Z"""
"8ba64d85-5c0d-4082-a5e7-742354b4a060","BQMdo8NUOgY8n0QxdUophLPMewp2","d651c81f-0354-4c35-89a3-a09c9278c406","home","false","""2025-11-06T04:09:37.014Z"""
"8ba66a0a-438b-4a41-b51d-0e3acb081b34","uTosuZBxPucsOAnCnHmdA3pzBlb2","46d6b8f1-25a6-4488-bbdc-8466f3ae06a7","away","true","""2025-10-11T16:09:43.287Z"""
"8bf3c935-41b6-47b2-a72f-f7e4c2402891","HHUFVmkNFOVQRY811qCFh46cuM63","599ad8ed-dcbd-4d6f-af96-bf0df84a1e46","home","false","""2025-10-11T04:43:21.808Z"""
"8c03578e-ee39-49be-a754-0c64495919d8","5Sg3H3XuN7cEb8TLhyA8p8j3hg12","b13933b1-d259-4881-9b23-f1d737a398df","home","false","""2025-10-13T05:33:24.507Z"""
"8c08628d-af3e-4f93-a94d-59f640a65953","MrwsvsZKPwTJ4SwYnAKtyPEAsrq2","e816fba3-9d10-47db-8ecb-46631a5d2e0a","away","false","""2026-01-01T04:33:43.166Z"""
"8c28775c-9dfa-4db4-8a86-cd62f2bbabc9","BQMdo8NUOgY8n0QxdUophLPMewp2","9cdf4e41-36ae-4354-903e-0f09c651d6f5","away","true","""2025-12-04T03:57:32.768Z"""
"8c535306-bd99-4874-9a2f-5179294ebb11","MrwsvsZKPwTJ4SwYnAKtyPEAsrq2","332b0a33-6015-4982-8412-814d325eceaa","home","true","""2025-11-27T00:46:50.666Z"""
"8d35c36c-53cd-4547-927b-e6cd490d2e77","BQMdo8NUOgY8n0QxdUophLPMewp2","901a2cb5-6d93-473f-a85e-08299818412e","home","true","""2026-01-03T04:39:38.592Z"""
"8d406354-201a-47cd-89a3-4568581cfa10","MrwsvsZKPwTJ4SwYnAKtyPEAsrq2","d176cfb2-3623-4172-b708-fa83d68a5e6b","away","true","""2025-12-24T22:42:46.873Z"""
"8d710157-2073-414e-aa07-40d027dffbdf","HHUFVmkNFOVQRY811qCFh46cuM63","fca266c3-8458-4a37-aac3-9026491e158b","home","false","""2025-12-03T23:32:03.783Z"""
"8d7536fc-e6e1-4096-b7de-0023259c65c3","MrwsvsZKPwTJ4SwYnAKtyPEAsrq2","bd96cfc7-07f3-421c-a0b3-7385c401f0c3","away","false","""2025-11-13T01:24:07.997Z"""
"8dcc20dc-015e-46f7-a4c3-6ec41d4832dc","uTosuZBxPucsOAnCnHmdA3pzBlb2","3c008454-ab11-4d81-9033-2030ee4bd713","away","true","""2025-10-06T23:16:39.460Z"""
"8dd051e3-f889-4f90-b481-909b84c233b4","BQMdo8NUOgY8n0QxdUophLPMewp2","08d9d6b9-9346-42ae-babf-9d3b5bbc40c1","away","true","""2025-10-11T14:56:50.331Z"""
"8dedeb72-1fbd-4429-8200-5b1541e83fca","MrwsvsZKPwTJ4SwYnAKtyPEAsrq2","d6c04882-f458-4dac-b279-da620dfce339","away","false","""2025-11-20T03:55:29.688Z"""
"8e408175-9e96-4518-b6fc-101fd9b10ff7","KNCanobU7uVRwHBloZcTX4hohOD2","592310e7-5f1e-411c-94bb-003b9d7cf284","away","true","""2025-11-11T16:23:15.784Z"""
"8e7ea0f1-2371-4d66-965d-66b1adb4dca8","uTosuZBxPucsOAnCnHmdA3pzBlb2","21be25ec-2be3-4dae-8b56-c58699364ee6","away","false","""2025-12-09T19:52:27.593Z"""
"8e861651-0b04-4fc5-a9c4-880b1089c4d9","KNCanobU7uVRwHBloZcTX4hohOD2","d6c04882-f458-4dac-b279-da620dfce339","away","false","""2025-11-18T17:23:10.541Z"""
"8e868031-ef42-40d4-bdac-df28fbb5802b","MrwsvsZKPwTJ4SwYnAKtyPEAsrq2","14cc7702-0f7d-4760-8692-4239170d4bde","home","true","""2025-10-13T16:43:12.580Z"""
"8e91db81-70ea-4e21-b4ef-bba7323ce652","fr8mqCiecfbf9coDGLRV2l3U4Ex1","a3a56d60-1066-4f41-b987-caa45a787148","away","true","""2025-11-25T22:02:09.356Z"""
"8edf1771-37f5-4446-b524-58c8dad70230","fr8mqCiecfbf9coDGLRV2l3U4Ex1","ccb00408-299b-4110-ae06-4ad1e6aca797","home","true","""2025-11-13T03:54:10.451Z"""
"8ee1cdb1-a447-4544-ab20-ad182b98a50f","uTosuZBxPucsOAnCnHmdA3pzBlb2","da5986d0-a029-4174-b078-fdbd8b3cfaa6","away","false","""2025-12-23T20:19:35.763Z"""
"8ee702a6-d654-48c7-b9d8-e7640cdf6b5d","5Sg3H3XuN7cEb8TLhyA8p8j3hg12","125817a5-7c31-4006-ad58-a27c84beae30","away","true","""2025-11-11T19:35:37.926Z"""
"8f126408-7301-456c-85cf-e21ed89272bb","uTosuZBxPucsOAnCnHmdA3pzBlb2","8dc1d7d8-3f47-445e-9d17-168f1c4e8ab2","home","false","""2025-12-09T19:52:27.622Z"""
"8f19f9fc-440d-48ae-a45c-c9b014114608","fr8mqCiecfbf9coDGLRV2l3U4Ex1","bd96cfc7-07f3-421c-a0b3-7385c401f0c3","away","false","""2025-11-13T03:54:10.503Z"""
"8f29b19c-3fc9-4b61-aa54-c08692de1bb7","BQMdo8NUOgY8n0QxdUophLPMewp2","cfabb977-38c9-46be-ac17-8b760d0000d1","home","true","""2025-12-11T04:11:58.854Z"""
"8f2be450-5ac6-4b75-90a7-04c3d8a41df6","KNCanobU7uVRwHBloZcTX4hohOD2","49d5b888-cefc-4a6c-9ee5-57326e3c1091","home","true","""2025-11-04T17:08:39.998Z"""
"8f3f6901-30e9-4246-8b6f-403f9a751dda","KNCanobU7uVRwHBloZcTX4hohOD2","dd7fd87e-bfc9-4a18-8c64-adb4886065c2","away","false","""2025-12-02T16:21:10.697Z"""
"8f48bb57-9538-4d78-9650-b166369bd32c","KNCanobU7uVRwHBloZcTX4hohOD2","5f4240e5-9bb6-45c9-a004-5dca2076b2c1","home","true","""2025-10-11T15:06:12.654Z"""
"8f4ce3d9-d3d9-4b5f-b164-db50d16a0b5d","fr8mqCiecfbf9coDGLRV2l3U4Ex1","e6808aab-7a72-4e45-a298-5ae94f361977","away","true","""2025-10-13T05:45:01.420Z"""
"8f84e2ca-8141-49d5-adce-60ac9c09e060","uTosuZBxPucsOAnCnHmdA3pzBlb2","6e43e081-5eb6-413d-8860-b70c89ea761f","home","true","""2025-10-14T21:25:29.574Z"""
"8f9f3a75-66b8-4523-9e3e-494bfc9bb97e","BQMdo8NUOgY8n0QxdUophLPMewp2","b43a659b-4752-4cc7-ad9a-8e9fb11b4d20","away","true","""2025-10-11T14:49:26.846Z"""
"8fbbc0fb-55de-45a3-88f9-0499e1246c91","KNCanobU7uVRwHBloZcTX4hohOD2","3b67a402-b89f-406d-a86a-c2d5c715d9a4","away","false","""2025-10-11T15:09:38.737Z"""
"8fdc71a0-dbfc-45e7-8dc2-3deebf293fb3","uTosuZBxPucsOAnCnHmdA3pzBlb2","1d0e651a-40b2-40ca-be8a-51b133d3dbd4","home","false","""2025-10-11T16:07:45.660Z"""
"8fe3ede2-7005-4bf7-8063-a6f78364aec7","HHUFVmkNFOVQRY811qCFh46cuM63","c3947a4d-407f-42bf-bd2e-6c8814bf4c97","away","true","""2025-12-17T15:41:35.363Z"""
"8ff2d096-b0a0-4ba7-b332-1298b928b9cb","HHUFVmkNFOVQRY811qCFh46cuM63","6a204869-e5da-4115-b689-35b74aeaa5a0","away","false","""2025-10-28T19:41:39.371Z"""
"903f0ca6-f59e-4ea7-aea0-39507ea9ea9e","uTosuZBxPucsOAnCnHmdA3pzBlb2","01b38b62-0eeb-482b-ba65-10d5468a0d1a","home","true","""2025-11-11T16:11:18.182Z"""
"907fa035-1056-4643-9b06-6f1f9329a10c","fr8mqCiecfbf9coDGLRV2l3U4Ex1","125817a5-7c31-4006-ad58-a27c84beae30","away","true","""2025-11-13T03:54:10.505Z"""
"907ff645-3696-49cd-b35e-09244c6ca232","BQMdo8NUOgY8n0QxdUophLPMewp2","32207c4d-7e2d-4c98-b5b3-96ca4d5dec98","home","true","""2025-11-26T03:40:12.551Z"""
"908cb904-2de0-4c70-b973-5139464d92eb","BQMdo8NUOgY8n0QxdUophLPMewp2","c3c58ec3-2d73-43cd-9dd0-4e4fbb53458b","home","false","""2025-11-26T03:40:12.553Z"""
"90b59e4f-918e-4211-abb0-1cd82b492cbe","5Sg3H3XuN7cEb8TLhyA8p8j3hg12","cbbcb24c-cd2e-4c24-baa1-70b73d887780","home","true","""2025-11-06T03:11:57.986Z"""
"90baaf9d-cc62-4c7c-85ec-7b76334736ec","MrwsvsZKPwTJ4SwYnAKtyPEAsrq2","a16ca003-0e3a-4f47-9e7a-55e80da8aced","away","false","""2025-10-13T16:48:32.126Z"""
"90c9c643-f86b-4c7c-8434-1981b1fb93f1","uTosuZBxPucsOAnCnHmdA3pzBlb2","22759715-e3f6-42cb-99a0-ba1c9ea0c590","home","true","""2026-01-01T21:46:43.724Z"""
"9105a931-19c8-41c2-be92-0aa64ca8cb50","KNCanobU7uVRwHBloZcTX4hohOD2","6d209fa5-8934-42c7-8800-fe7544e1b927","home","true","""2026-01-01T21:09:52.972Z"""
"91238cb2-76ea-4aa3-8e2b-de68c3ced171","BQMdo8NUOgY8n0QxdUophLPMewp2","9f5a2821-a4c7-4c30-9043-c6ed1c73a505","away","true","""2025-12-18T03:34:05.066Z"""
"91444dc1-6c78-4617-afa9-387882e8d016","5Sg3H3XuN7cEb8TLhyA8p8j3hg12","93009d60-cd8e-475b-a816-982fa70969a5","away","true","""2025-10-13T05:27:55.382Z"""
"9148be73-5715-4514-94e0-1c932294fe53","fr8mqCiecfbf9coDGLRV2l3U4Ex1","8ae1db88-b0f8-45a7-8efb-626b272c99e9","home","true","""2025-10-13T05:48:22.757Z"""
"915a910b-f758-4090-b903-be717ecf0d8a","5Sg3H3XuN7cEb8TLhyA8p8j3hg12","bd96cfc7-07f3-421c-a0b3-7385c401f0c3","away","false","""2025-11-11T19:35:37.914Z"""
"91749a93-7362-4904-9ca7-52c80ce53c53","HHUFVmkNFOVQRY811qCFh46cuM63","a16ca003-0e3a-4f47-9e7a-55e80da8aced","away","false","""2025-10-11T04:46:07.033Z"""
"919341d0-eaca-44ef-8fc4-371423a55e8b","BQMdo8NUOgY8n0QxdUophLPMewp2","144472db-f72c-4ee0-97fb-5f074ffe7ef6","away","true","""2025-10-11T14:55:34.935Z"""
"919fc338-50f5-4232-8ef6-b2373560dc3e","fr8mqCiecfbf9coDGLRV2l3U4Ex1","ab3a431d-296f-4614-90ce-ca0b44beccde","away","false","""2025-12-04T04:47:54.864Z"""
"91e9b1a8-8626-4b3a-aaa8-3eb9acb160f7","MrwsvsZKPwTJ4SwYnAKtyPEAsrq2","c1188a7f-ae52-40f8-967e-a19903e87ebd","away","false","""2025-11-27T00:46:50.691Z"""
"91f43f72-6454-4fc6-bede-f6e02de09348","5Sg3H3XuN7cEb8TLhyA8p8j3hg12","5714bec8-abea-4c3c-8324-92978f3b859f","away","true","""2025-10-13T05:34:49.259Z"""
"929183ae-ec42-4688-8064-3b4aa0c8b94b","MrwsvsZKPwTJ4SwYnAKtyPEAsrq2","45fd0527-9747-46ac-b550-c25ae846eea2","home","true","""2025-11-20T03:55:29.687Z"""
"92993818-789b-472c-b90e-0581d445b3b3","fr8mqCiecfbf9coDGLRV2l3U4Ex1","adc9d7a4-ae90-4a83-a4ef-9187d53a47cd","home","true","""2025-10-15T23:46:56.034Z"""
"92deecb8-1d22-48d4-976c-46fcb1e91516","fr8mqCiecfbf9coDGLRV2l3U4Ex1","c3eac563-fddd-4906-a10d-17ba6a4e1f16","away","true","""2025-10-15T23:46:56.070Z"""
"92e82849-2fe5-4759-9d14-bcdb9abe2375","fr8mqCiecfbf9coDGLRV2l3U4Ex1","9cdf4e41-36ae-4354-903e-0f09c651d6f5","away","true","""2025-12-04T04:47:54.885Z"""
"93097091-1a02-400b-8655-b27077716e39","uTosuZBxPucsOAnCnHmdA3pzBlb2","464f83cd-076d-4273-9416-effd35e804b4","home","true","""2025-11-04T20:38:13.608Z"""
"93327632-b0b9-4907-9182-355e205b717e","BQMdo8NUOgY8n0QxdUophLPMewp2","5ee8fa87-ea63-495d-ba53-9779d679b3e9","away","true","""2025-10-11T14:59:20.961Z"""
"9339fbcc-d808-4ba4-87f7-92c7bdaf03e8","5Sg3H3XuN7cEb8TLhyA8p8j3hg12","091ea06d-494c-4561-a6c9-5ca52ee2c291","away","true","""2025-10-13T05:27:55.050Z"""
"933acde7-6198-4479-a35a-8169453270eb","5Sg3H3XuN7cEb8TLhyA8p8j3hg12","a6610cd6-055f-4716-8f88-189d342b234f","home","false","""2025-12-09T18:58:20.629Z"""
"93760a4f-b9be-4e87-a193-242cbaba8b85","MrwsvsZKPwTJ4SwYnAKtyPEAsrq2","9cb4ecef-38cd-46a4-a2c2-d997f52400d7","home","false","""2025-10-29T22:30:17.362Z"""
"937fa35a-9a2f-46f3-b705-fa4182c28487","uTosuZBxPucsOAnCnHmdA3pzBlb2","037eeb17-0a48-44f0-bfc4-d65ef659c1e4","away","true","""2025-10-14T21:25:29.035Z"""
"93a018c4-1d11-45cc-91c7-8014efbbf81e","fr8mqCiecfbf9coDGLRV2l3U4Ex1","1ae363ac-8ade-44d7-9772-7f98f075c205","home","true","""2025-10-13T05:43:03.093Z"""
"93f490e2-86a1-436d-9804-ab51b628d680","uTosuZBxPucsOAnCnHmdA3pzBlb2","adc9d7a4-ae90-4a83-a4ef-9187d53a47cd","home","true","""2025-10-14T21:25:27.586Z"""
"94304dd3-aa15-4d1f-b269-24de0a1291bc","5Sg3H3XuN7cEb8TLhyA8p8j3hg12","2d48aa2d-0cf4-4160-84ef-84ba8296bb1b","away","false","""2025-10-13T05:27:55.379Z"""
"943401a3-ada6-4fe7-a92b-866b9adeb4b1","5Sg3H3XuN7cEb8TLhyA8p8j3hg12","0e8fe15d-be4e-4afb-91e7-470e575c0c0e","away","false","""2025-10-13T05:23:59.188Z"""
"944746f3-780a-414d-9a45-075db7295641","BQMdo8NUOgY8n0QxdUophLPMewp2","82cff1b3-d3d7-4f5f-8d9d-def11469ea97","away","true","""2025-10-11T14:49:26.891Z"""
"9454c412-2e69-4af5-93d9-d5e06eb0d822","5Sg3H3XuN7cEb8TLhyA8p8j3hg12","5adabf6b-0cdb-46b7-b2ee-0e68a1b125cc","home","false","""2025-11-06T03:11:57.986Z"""
"94561164-436e-4289-84ed-de783ef77204","MrwsvsZKPwTJ4SwYnAKtyPEAsrq2","2a9b8f7c-f239-445d-8eec-3ed24ff5f2ef","home","true","""2025-10-13T16:44:28.353Z"""
"946dee6b-955c-4e75-b845-fc990737e4c2","BQMdo8NUOgY8n0QxdUophLPMewp2","a414c339-c5ca-4763-8e61-98117721b036","away","true","""2026-01-03T04:39:38.699Z"""
"947f4e27-5107-4e86-b1b5-4652e8fa8910","fr8mqCiecfbf9coDGLRV2l3U4Ex1","b03a5a5f-169b-4dfa-9b65-7551a928e707","home","false","""2025-12-24T17:05:36.283Z"""
"9487830f-6ebc-4024-9625-05c7b976ab03","MrwsvsZKPwTJ4SwYnAKtyPEAsrq2","5e4f2f5e-4c89-4b9d-8d63-b0ef8613f339","home","false","""2025-12-24T22:42:46.745Z"""
"94ff1bfb-6aeb-434b-a2d9-66c3af295f6b","BQMdo8NUOgY8n0QxdUophLPMewp2","c1188a7f-ae52-40f8-967e-a19903e87ebd","away","false","""2025-11-26T03:40:12.564Z"""
"9538ff98-d2cb-4867-94d5-b28b3b3d8920","KNCanobU7uVRwHBloZcTX4hohOD2","6b0872bf-a289-43e7-bc27-be771751ed95","away","false","""2025-12-16T16:11:50.200Z"""
"95947ca5-86e6-4572-a17d-411b3962bb3d","BQMdo8NUOgY8n0QxdUophLPMewp2","8dc1d7d8-3f47-445e-9d17-168f1c4e8ab2","home","false","""2025-12-11T04:11:58.915Z"""
"95bace60-9fea-4614-9f49-5b718caad1ef","HHUFVmkNFOVQRY811qCFh46cuM63","6a58755f-32c7-4338-8319-7ef553af4987","home","true","""2025-10-11T04:39:09.500Z"""
"95c0bf74-8511-4314-aa1d-5aa8acd2776c","MrwsvsZKPwTJ4SwYnAKtyPEAsrq2","99235d98-91df-43b3-9c1f-927882dbdef1","away","false","""2026-01-01T04:33:43.137Z"""
"95e728bc-3cbc-416b-abac-abcefb135846","fr8mqCiecfbf9coDGLRV2l3U4Ex1","7fe37fa5-7882-46a5-b100-8c026ad4cbed","away","false","""2025-11-18T22:07:01.169Z"""
"95e99481-7ddd-4915-882d-5e1c1cb570ab","fr8mqCiecfbf9coDGLRV2l3U4Ex1","3a4bdeb3-43f1-424e-b283-260aea8a907d","away","false","""2025-11-13T03:54:10.442Z"""
"95f2c30a-ea32-454f-b470-a3582aa2557f","fr8mqCiecfbf9coDGLRV2l3U4Ex1","83456161-43d7-4a3a-ba06-ab34769f0db6","away","true","""2025-11-25T22:02:09.337Z"""
"9603c288-6e9a-4abe-83c4-007fb963b060","fr8mqCiecfbf9coDGLRV2l3U4Ex1","950d355e-96df-42af-b0a5-7853986b80f6","home","false","""2025-10-30T00:37:16.735Z"""
"963e8b37-251d-474e-b53f-4f88ed391fc4","5Sg3H3XuN7cEb8TLhyA8p8j3hg12","9052fac9-1e88-40d3-b38d-651f4d9b8baa","home","true","""2025-10-13T05:31:33.728Z"""
"963f61c8-fa68-4b2e-a729-d3e4d497c498","5Sg3H3XuN7cEb8TLhyA8p8j3hg12","6bfceca8-47b4-4e37-98f0-5183061d6da4","home","false","""2025-10-13T05:33:24.467Z"""
"965c35f8-2d24-405e-9e03-3a9a7a3bd106","BQMdo8NUOgY8n0QxdUophLPMewp2","afc0dfd1-7737-4c19-9b71-99ea0715f973","away","true","""2025-12-18T03:34:05.037Z"""
"967a1530-5bc5-495d-a6dc-d572c0fdb15f","fr8mqCiecfbf9coDGLRV2l3U4Ex1","9cb4ecef-38cd-46a4-a2c2-d997f52400d7","home","false","""2025-10-30T00:37:14.821Z"""
"968319d0-074a-4e52-91bf-1a7cf3f09b95","5Sg3H3XuN7cEb8TLhyA8p8j3hg12","9dc42d48-4c62-4532-b02c-9084ac237270","away","false","""2025-10-13T05:23:59.192Z"""
"969b703a-5e91-4f56-a641-d9933b145256","MrwsvsZKPwTJ4SwYnAKtyPEAsrq2","afc0dfd1-7737-4c19-9b71-99ea0715f973","away","true","""2025-12-17T03:21:11.617Z"""
"96ad105f-9e55-442d-9792-44bc8603eb73","MrwsvsZKPwTJ4SwYnAKtyPEAsrq2","21be25ec-2be3-4dae-8b56-c58699364ee6","home","true","""2025-12-11T02:27:27.378Z"""
"96b590af-d824-411d-96ea-75ef73586d11","HHUFVmkNFOVQRY811qCFh46cuM63","cbbcb24c-cd2e-4c24-baa1-70b73d887780","home","true","""2025-11-05T16:48:22.293Z"""
"96b78e80-1f36-4fdd-b3ec-b9b75e60905c","fr8mqCiecfbf9coDGLRV2l3U4Ex1","c9a08577-585b-42ed-affc-55d86d567ef3","home","true","""2025-10-13T05:48:22.792Z"""
"96d7bbd7-57a8-4a87-b76a-e44d81b27cb0","uTosuZBxPucsOAnCnHmdA3pzBlb2","7b59dc7c-66f5-4ba5-96b2-e349b94b3c98","home","false","""2025-10-11T16:08:42.280Z"""
"96d8f5df-987b-491f-8352-3523c03aba63","MrwsvsZKPwTJ4SwYnAKtyPEAsrq2","2faad927-ee71-4555-95d6-b307aad6e403","home","true","""2025-10-13T16:47:30.347Z"""
"97042def-93ca-49cb-b634-f51382c47ade","MrwsvsZKPwTJ4SwYnAKtyPEAsrq2","522815a0-4205-44ff-b092-19e05729c816","away","false","""2025-10-13T16:46:19.676Z"""
"9737e123-0920-4a15-a896-f6fbcb875c50","MrwsvsZKPwTJ4SwYnAKtyPEAsrq2","4123a030-1fbb-4711-bf11-e7346eb89a3a","away","true","""2025-10-13T16:41:38.964Z"""
"97423e24-1d55-48bc-8ce1-43a21c8b7ee0","5Sg3H3XuN7cEb8TLhyA8p8j3hg12","f9dbf52a-051d-47d2-bbc3-f94467e78464","away","false","""2025-10-13T05:31:33.750Z"""
"974f4a18-f350-4b6d-a5c7-ebe9fe0c1fe7","5Sg3H3XuN7cEb8TLhyA8p8j3hg12","19635a4a-0712-45ce-a323-5d4a2df881f5","away","true","""2025-12-02T16:43:55.728Z"""
"9762ee5b-2089-478b-a0af-680cd84ed345","5Sg3H3XuN7cEb8TLhyA8p8j3hg12","dc2c288e-210c-48b1-9f72-71fcc71c9c00","home","true","""2025-10-13T05:27:55.040Z"""
"976d298b-d585-4f7f-a2e0-0fda8ff41ee2","MrwsvsZKPwTJ4SwYnAKtyPEAsrq2","6d209fa5-8934-42c7-8800-fe7544e1b927","away","false","""2026-01-01T04:33:43.131Z"""
"97e32017-6e78-4ac4-ae0d-0e8a919015a0","uTosuZBxPucsOAnCnHmdA3pzBlb2","341b5cbc-ccde-4fa1-88be-589e8affad57","away","false","""2025-11-11T16:11:18.137Z"""
"98371953-a350-45fb-ab3d-ff8bdfad4c2e","BQMdo8NUOgY8n0QxdUophLPMewp2","3c008454-ab11-4d81-9033-2030ee4bd713","away","true","""2025-10-11T14:59:20.961Z"""
"9844bdc2-9cc1-4321-b465-76c9d1a4c859","BQMdo8NUOgY8n0QxdUophLPMewp2","7b59dc7c-66f5-4ba5-96b2-e349b94b3c98","away","true","""2025-10-11T14:55:34.921Z"""
"986f6ac5-05cb-4ece-963e-e878893c1d7c","fr8mqCiecfbf9coDGLRV2l3U4Ex1","ce073ec9-a19b-440f-a4eb-99ecfe56754a","away","true","""2025-10-13T05:51:00.768Z"""
"98ba5a76-9a12-43ff-b8fd-507e886cae5b","MrwsvsZKPwTJ4SwYnAKtyPEAsrq2","994d851e-04ce-4155-9fdb-ccd36218aac6","away","true","""2025-12-17T03:21:11.544Z"""
"9912d947-7df4-4e42-a773-cc8977c224b8","HHUFVmkNFOVQRY811qCFh46cuM63","dc49f1ed-b904-4ec1-9a10-7544e540a3e1","home","false","""2025-11-19T16:16:01.092Z"""
"994495c6-a317-499d-9420-8a3e2354b1c2","BQMdo8NUOgY8n0QxdUophLPMewp2","30faaa86-dc68-4696-87be-97baea9a53e3","away","false","""2025-11-06T04:09:36.992Z"""
"9955113a-4da7-433a-9469-e4b680103728","KNCanobU7uVRwHBloZcTX4hohOD2","e8c441ce-b782-4ecb-aca5-4e44c45c9712","home","true","""2025-10-11T04:21:21.011Z"""
"999728ae-eccd-4912-8e3f-8a7c0a1b03be","MrwsvsZKPwTJ4SwYnAKtyPEAsrq2","6e43e081-5eb6-413d-8860-b70c89ea761f","home","true","""2025-10-16T00:36:24.053Z"""
"999c79cc-7547-4d42-aaed-8242e2d8f692","uTosuZBxPucsOAnCnHmdA3pzBlb2","e3482d66-4562-4ff3-b48d-5845fb84f5c7","away","true","""2025-12-23T20:19:34.558Z"""
"99a1f197-aef5-4ac7-9bad-78654cbedc19","KNCanobU7uVRwHBloZcTX4hohOD2","bbf31f42-841a-4dc4-ae72-bfa5b5822a7c","away","false","""2025-12-23T15:48:55.914Z"""
"9a0e0f5e-bbe9-481a-bb99-a16049602a74","MrwsvsZKPwTJ4SwYnAKtyPEAsrq2","ce993454-eab0-4e59-af3b-f096423d36b2","away","true","""2025-10-13T16:44:28.400Z"""
"9a1f3a75-467a-48e2-8848-7c99f066202f","BQMdo8NUOgY8n0QxdUophLPMewp2","8f749334-e12d-44cd-87b6-6927f8ad876d","away","false","""2025-11-26T03:40:12.480Z"""
"9a72efc3-6644-4388-852e-7e0e442a7e8f","MrwsvsZKPwTJ4SwYnAKtyPEAsrq2","dd7fd87e-bfc9-4a18-8c64-adb4886065c2","away","false","""2025-12-03T23:38:09.325Z"""
"9a8ac2d8-addb-4bad-99d2-73103ad89a40","BQMdo8NUOgY8n0QxdUophLPMewp2","e37673f8-4ca5-4823-af52-83bfff38261c","away","true","""2025-12-18T03:34:05.035Z"""
"9ac93b73-57c6-44f1-9f5c-9086ed3230c8","KNCanobU7uVRwHBloZcTX4hohOD2","ce073ec9-a19b-440f-a4eb-99ecfe56754a","away","true","""2025-10-06T20:33:28.026Z"""
"9ace45c7-c7ef-45ff-8867-bebc6b15fe66","5Sg3H3XuN7cEb8TLhyA8p8j3hg12","a87db628-a5a8-4fbb-85f9-b0525694ab65","away","false","""2026-01-01T21:41:19.047Z"""
"9af427c5-dc2b-4712-be37-e78d40948ec1","fr8mqCiecfbf9coDGLRV2l3U4Ex1","e3482d66-4562-4ff3-b48d-5845fb84f5c7","home","false","""2025-12-24T17:05:36.305Z"""
"9b075dc6-5a18-446a-a295-d1a7937813be","BQMdo8NUOgY8n0QxdUophLPMewp2","4a2ab7be-acd4-44aa-a766-aa55f586ee8c","away","true","""2025-10-11T14:55:34.689Z"""
"9b322c6f-a544-4b9e-a4f3-ee219ad80267","HHUFVmkNFOVQRY811qCFh46cuM63","9052fac9-1e88-40d3-b38d-651f4d9b8baa","away","false","""2025-10-11T04:41:14.266Z"""
"9b3a3eca-0920-4f99-986a-cb999903d6d7","HHUFVmkNFOVQRY811qCFh46cuM63","e37673f8-4ca5-4823-af52-83bfff38261c","away","true","""2025-12-17T15:41:35.342Z"""
"9b44b4b1-548a-4a6f-bc51-ac61fa9d21ef","HHUFVmkNFOVQRY811qCFh46cuM63","dd7fd87e-bfc9-4a18-8c64-adb4886065c2","away","false","""2025-12-03T23:32:03.824Z"""
"9b6dda21-3d48-4781-8191-050fbeb08ff0","HHUFVmkNFOVQRY811qCFh46cuM63","7fe37fa5-7882-46a5-b100-8c026ad4cbed","home","true","""2025-11-19T16:16:01.056Z"""
"9b70afc8-8489-476d-94d4-bc5ef2a093fd","MrwsvsZKPwTJ4SwYnAKtyPEAsrq2","91e343a1-9aed-41c9-a2dd-138c9b70a854","away","true","""2025-11-27T00:46:50.676Z"""
"9b7a062b-b1e9-466c-b6c7-356aa45a21c1","5Sg3H3XuN7cEb8TLhyA8p8j3hg12","1ae363ac-8ade-44d7-9772-7f98f075c205","home","true","""2025-10-13T05:23:59.255Z"""
"9bb19f68-b0d0-402e-bc08-92b647d52f14","HHUFVmkNFOVQRY811qCFh46cuM63","e9e4e4dc-4580-4a6d-9569-fe1800928f9e","away","true","""2025-10-15T14:35:47.142Z"""
"9bcb60be-e7ec-4c80-8753-f32a700666a6","BQMdo8NUOgY8n0QxdUophLPMewp2","cbbcb24c-cd2e-4c24-baa1-70b73d887780","home","true","""2025-11-06T04:09:36.968Z"""
"9bcc81e1-635f-4c7b-bbf7-3e1556fd0a0a","BQMdo8NUOgY8n0QxdUophLPMewp2","7866d00d-ca2e-4a1b-9920-8b5fb82887c9","away","true","""2025-12-25T03:44:19.624Z"""
"9be44f6b-239a-4c75-a426-3d190035be94","BQMdo8NUOgY8n0QxdUophLPMewp2","46d6b8f1-25a6-4488-bbdc-8466f3ae06a7","away","true","""2025-10-11T14:56:50.306Z"""
"9c46fb98-307a-4134-ae50-22b23d7fd470","MrwsvsZKPwTJ4SwYnAKtyPEAsrq2","745bbb28-4426-4b7b-8da1-f333b20f53b1","away","false","""2025-11-13T01:24:07.804Z"""
"9c5bbc33-5297-4a88-9f0b-df07249f3a4b","5Sg3H3XuN7cEb8TLhyA8p8j3hg12","80684a75-8cb4-4a6a-92f4-850b95158aa1","home","false","""2025-10-13T05:27:54.953Z"""
"9c8d71e7-a888-41af-b015-b19b82098890","HHUFVmkNFOVQRY811qCFh46cuM63","83456161-43d7-4a3a-ba06-ab34769f0db6","away","true","""2025-11-27T01:32:28.224Z"""
"9ce3d44e-04b5-42b7-b11c-d291085901d6","5Sg3H3XuN7cEb8TLhyA8p8j3hg12","3d176750-486f-46fc-9e81-bc39747a3a17","away","false","""2025-12-18T03:37:52.095Z"""
"9cfedbb3-4020-4fac-84f1-c89b62ce3cfa","fr8mqCiecfbf9coDGLRV2l3U4Ex1","0d235aa7-8a1c-49a1-9b34-29246d31e6fc","away","false","""2025-10-22T16:28:53.870Z"""
"9d055f1e-a4f4-4329-81ca-193e3ad6bedb","BQMdo8NUOgY8n0QxdUophLPMewp2","091ea06d-494c-4561-a6c9-5ca52ee2c291","away","true","""2025-10-11T14:52:44.512Z"""
"9d1588e6-9b90-40f8-bc30-e3ebc39505a6","MrwsvsZKPwTJ4SwYnAKtyPEAsrq2","217ed8cf-3646-45d4-9c85-97020be55145","home","false","""2025-10-13T16:44:28.382Z"""
"9d39b7e4-23c7-4720-b32a-39f82c9ae04b","uTosuZBxPucsOAnCnHmdA3pzBlb2","2e020826-f20e-465a-8b83-f2eaa4acd153","away","true","""2025-10-14T21:25:29.035Z"""
"9d78f7d8-930f-4177-b177-077fbc351fcc","uTosuZBxPucsOAnCnHmdA3pzBlb2","2038f542-7164-4fe9-8cde-198fe2c08076","home","true","""2025-10-11T16:08:42.266Z"""
"9db47ba7-abf1-445b-bb4c-e3815bb150d7","5Sg3H3XuN7cEb8TLhyA8p8j3hg12","a7911bab-2f04-4cdb-ad84-6b16a18c74f3","home","false","""2025-11-27T02:35:10.989Z"""
"9df23d43-ce8b-4b34-97bf-f8444af581b7","fr8mqCiecfbf9coDGLRV2l3U4Ex1","e37673f8-4ca5-4823-af52-83bfff38261c","home","false","""2025-12-18T03:18:03.375Z"""
"9e0b1cca-6d94-4626-8d7e-69575591f5b9","5Sg3H3XuN7cEb8TLhyA8p8j3hg12","332b0a33-6015-4982-8412-814d325eceaa","home","true","""2025-11-27T02:35:10.931Z"""
"9e0cb96c-70ad-473c-b14a-d60f0db24fd3","uTosuZBxPucsOAnCnHmdA3pzBlb2","80684a75-8cb4-4a6a-92f4-850b95158aa1","home","false","""2025-10-11T16:06:31.220Z"""
"9e1df140-3266-4a32-abac-a6856b825743","uTosuZBxPucsOAnCnHmdA3pzBlb2","5079b48e-5419-4607-a529-b5693b1327c2","home","false","""2025-12-09T19:52:27.594Z"""
"9e4bb103-f4f2-453d-9489-82752bf32a4d","5Sg3H3XuN7cEb8TLhyA8p8j3hg12","20401b13-eb09-4143-9820-6260aff1c7a0","away","false","""2025-11-20T02:28:45.213Z"""
"9e611e3a-cd78-4c27-9907-dad363e85fa2","5Sg3H3XuN7cEb8TLhyA8p8j3hg12","46d6b8f1-25a6-4488-bbdc-8466f3ae06a7","away","true","""2025-10-13T05:33:24.454Z"""
"9ebb86d3-d435-4b11-8732-19c0166fa277","MrwsvsZKPwTJ4SwYnAKtyPEAsrq2","4e1dc139-ee89-482e-992c-bf20980aa2f2","away","true","""2025-11-20T03:55:29.716Z"""
"9ef7f838-5853-4762-88db-db0f9f93c9f4","BQMdo8NUOgY8n0QxdUophLPMewp2","4ca05f8d-5839-4502-a066-a827679faca5","home","false","""2025-12-04T03:57:32.804Z"""
"9f46aeb0-7efb-45a2-9e5a-b0e097593863","5Sg3H3XuN7cEb8TLhyA8p8j3hg12","276805f8-a20e-4293-be82-942d6476caf2","home","true","""2025-11-20T02:28:45.211Z"""
"9f63e88d-497e-4338-8181-3b14bbe0b1d3","MrwsvsZKPwTJ4SwYnAKtyPEAsrq2","7724eb15-1bea-4896-acbd-dc3737ba014e","away","false","""2025-12-11T02:27:27.374Z"""
"9f797baf-5901-40e8-a962-4cca320c8df5","BQMdo8NUOgY8n0QxdUophLPMewp2","d3ac1372-895d-4214-91b0-8990c81c763e","away","true","""2025-11-20T02:12:53.530Z"""
"9f7fac89-5cb8-40d4-a8fa-44496bbc3593","fr8mqCiecfbf9coDGLRV2l3U4Ex1","745bbb28-4426-4b7b-8da1-f333b20f53b1","away","false","""2025-11-13T03:54:10.448Z"""
"9f94be7e-ed12-4459-843a-77537fdef8e3","uTosuZBxPucsOAnCnHmdA3pzBlb2","88711fba-d4c6-4a22-8627-f90f1aaa8001","home","false","""2025-10-11T16:09:43.301Z"""
"9fe1d83a-7183-40ec-a22b-ce8cfd12bb7f","5Sg3H3XuN7cEb8TLhyA8p8j3hg12","1fc7e4a6-93c4-41b6-b74f-e54d12d7601d","home","true","""2025-12-18T03:37:52.080Z"""
"9fe898c3-2c0c-4ab4-9979-f0438f76071a","5Sg3H3XuN7cEb8TLhyA8p8j3hg12","19f890c0-d258-4049-827c-84336e7569c8","home","false","""2026-01-01T21:41:19.067Z"""
"9ffdf114-caa7-4bfb-a8dc-7c9c85b1d0b8","fr8mqCiecfbf9coDGLRV2l3U4Ex1","0a064dc3-1a53-476e-a2dd-3bbbffabe099","home","true","""2025-10-13T05:48:22.791Z"""
"a03014d6-2d5a-41b9-a7c9-f8429f1c06bf","MrwsvsZKPwTJ4SwYnAKtyPEAsrq2","2d3f4557-1a00-4b80-b782-bbb441db6139","away","false","""2025-10-13T16:44:28.355Z"""
"a0355349-c74f-40fa-b364-99d8c238765a","HHUFVmkNFOVQRY811qCFh46cuM63","52d8e71d-f09d-459a-9847-b0786a0fc9cb","home","true","""2025-10-11T04:39:09.461Z"""
"a04a5cc3-498b-494f-8541-59b6367a7beb","BQMdo8NUOgY8n0QxdUophLPMewp2","9052fac9-1e88-40d3-b38d-651f4d9b8baa","away","false","""2025-10-11T14:55:34.687Z"""
"a04e54ed-3860-4df9-8d6d-e902d9653db7","HHUFVmkNFOVQRY811qCFh46cuM63","15eb92cf-99f9-458a-859c-1161b5f5e81c","away","false","""2025-10-11T04:46:07.011Z"""
"a06f7863-ff32-4a76-873d-d76535700ea4","HHUFVmkNFOVQRY811qCFh46cuM63","144472db-f72c-4ee0-97fb-5f074ffe7ef6","away","true","""2025-10-11T04:41:16.056Z"""
"a07835f0-3e15-451f-9fef-34511a8a5bc8","MrwsvsZKPwTJ4SwYnAKtyPEAsrq2","1d0e651a-40b2-40ca-be8a-51b133d3dbd4","home","false","""2025-10-13T16:44:28.417Z"""
"a0cbe305-04c7-476b-9c7c-27d08f4ad250","uTosuZBxPucsOAnCnHmdA3pzBlb2","cb3db559-8d6f-4c84-b79c-075eca54aa81","away","false","""2025-10-11T16:08:42.259Z"""
"a0d3414d-1bd3-48ba-80e1-e6a68f13c4be","uTosuZBxPucsOAnCnHmdA3pzBlb2","ffa49879-774b-46f4-a6f1-b3c5c08950e3","away","false","""2025-11-04T20:38:13.598Z"""
"a0e6f453-91be-407c-a155-24050c02ac91","BQMdo8NUOgY8n0QxdUophLPMewp2","45fd0527-9747-46ac-b550-c25ae846eea2","home","true","""2025-11-20T02:12:53.522Z"""
"a0eadfda-1064-4629-9aa8-d36d1f9b390d","HHUFVmkNFOVQRY811qCFh46cuM63","2d07aaab-8152-443c-aaf1-ba51bd7519be","away","false","""2025-11-19T16:16:01.037Z"""
"a0fa8def-4370-4509-9f81-f934cb9e5233","MrwsvsZKPwTJ4SwYnAKtyPEAsrq2","18b4661d-a29c-4770-92f0-c69c15ef87fe","home","false","""2025-11-27T00:46:50.641Z"""
"a0fba05a-c658-4164-aa43-384f29808ae6","5Sg3H3XuN7cEb8TLhyA8p8j3hg12","ccb00408-299b-4110-ae06-4ad1e6aca797","home","true","""2025-11-11T19:35:37.860Z"""
"a10db131-8ab8-4545-af86-717debe8b2f7","HHUFVmkNFOVQRY811qCFh46cuM63","cd1f1d0a-7194-49c7-af9c-afc86b7933a0","home","true","""2025-11-27T01:32:28.214Z"""
"a11d4476-e88a-4f1a-9ee3-d1c1ee93639b","MrwsvsZKPwTJ4SwYnAKtyPEAsrq2","04ae6655-cc67-4b5d-9ddd-f5a3bd678bf2","away","true","""2025-12-17T03:21:11.549Z"""
"a1227665-7a5f-483a-96dc-9ec12659f583","MrwsvsZKPwTJ4SwYnAKtyPEAsrq2","51a3a933-7ed6-4fa6-8742-cf8113f18c60","away","true","""2025-10-29T22:30:17.420Z"""
"a1248f66-8dd2-4d92-b205-580a8d31506a","KNCanobU7uVRwHBloZcTX4hohOD2","037eeb17-0a48-44f0-bfc4-d65ef659c1e4","away","true","""2025-10-06T20:38:17.397Z"""
"a142ddba-bb3e-4b90-8ead-59d75d9fa99c","MrwsvsZKPwTJ4SwYnAKtyPEAsrq2","e6ae54d2-94e5-4fac-a832-ae1eee9da073","away","true","""2025-12-17T03:21:11.584Z"""
"a14a26bb-58ab-41c5-a8fa-80472d3fcdde","HHUFVmkNFOVQRY811qCFh46cuM63","af6a4ba6-f7a9-4c5b-9532-b21b30e83c11","home","true","""2025-10-11T04:35:46.483Z"""
"a17cc248-6709-41d8-939f-02bd01607fba","HHUFVmkNFOVQRY811qCFh46cuM63","c07dbd01-1a69-4ea9-81d0-575a0f61ed60","away","true","""2025-10-23T00:09:53.241Z"""
"a1b70971-2392-445a-b349-e27044ccfe3c","MrwsvsZKPwTJ4SwYnAKtyPEAsrq2","3d39c331-c9b0-4b49-b89d-b7230e187105","away","false","""2025-11-20T03:55:29.650Z"""
"a1d93a27-3223-45da-8210-0aa14eb4c023","uTosuZBxPucsOAnCnHmdA3pzBlb2","d6c04882-f458-4dac-b279-da620dfce339","home","true","""2025-11-18T19:09:31.801Z"""
"a1ee8891-8936-41e2-b904-9a2a6e671a16","fr8mqCiecfbf9coDGLRV2l3U4Ex1","3ebf3c21-5d65-4329-ad66-1c3143403743","away","true","""2025-11-13T03:54:10.476Z"""
"a1eebea2-d4b0-4dcb-b82f-8b36e72f881d","HHUFVmkNFOVQRY811qCFh46cuM63","28d1bb5a-b58b-4999-967d-e88f6ee87dfd","home","true","""2025-10-15T14:35:45.378Z"""
"a2020165-a23c-41c5-b0d2-405b0cb9af2e","KNCanobU7uVRwHBloZcTX4hohOD2","e6ae54d2-94e5-4fac-a832-ae1eee9da073","home","false","""2025-12-16T16:11:50.143Z"""
"a2082dca-72d6-45f8-9c29-16f90894fe26","5Sg3H3XuN7cEb8TLhyA8p8j3hg12","144472db-f72c-4ee0-97fb-5f074ffe7ef6","away","true","""2025-10-13T05:31:33.746Z"""
"a20becbe-9f20-4d23-90fc-9f5f05819fe7","fr8mqCiecfbf9coDGLRV2l3U4Ex1","144472db-f72c-4ee0-97fb-5f074ffe7ef6","away","true","""2025-10-13T05:48:22.284Z"""
"a217fa74-ed4a-4a7c-9635-cbd7061e4359","KNCanobU7uVRwHBloZcTX4hohOD2","901a2cb5-6d93-473f-a85e-08299818412e","home","true","""2026-01-01T21:09:52.969Z"""
"a21f5321-4d76-4fbe-a925-6100d43ce689","KNCanobU7uVRwHBloZcTX4hohOD2","4123a030-1fbb-4711-bf11-e7346eb89a3a","away","true","""2025-10-11T04:21:21.054Z"""
"a23a670e-31e9-45f6-a8ba-7f1d9ae19d10","KNCanobU7uVRwHBloZcTX4hohOD2","a6610cd6-055f-4716-8f88-189d342b234f","away","true","""2025-12-09T18:35:56.884Z"""
"a24770f7-d2a3-46f9-bc24-946c664a8020","fr8mqCiecfbf9coDGLRV2l3U4Ex1","d87ea987-47bb-4fb4-aaf3-04d87be2df6d","home","true","""2025-12-18T03:18:03.365Z"""
"a29077e1-9790-4ce2-a949-e18658aa4eb0","BQMdo8NUOgY8n0QxdUophLPMewp2","e8750e7d-a111-4664-ac63-cef8be87ed60","away","true","""2025-10-30T03:07:44.249Z"""
"a2acb3eb-f209-40a7-8e28-1b91354f8a64","MrwsvsZKPwTJ4SwYnAKtyPEAsrq2","0a265fbc-60d0-4e8c-bfa1-150fb01880f1","away","true","""2025-12-03T23:38:09.312Z"""
"a2f64f36-d694-4883-9882-71572fd6e193","uTosuZBxPucsOAnCnHmdA3pzBlb2","a7911bab-2f04-4cdb-ad84-6b16a18c74f3","home","false","""2025-11-25T20:11:42.014Z"""
"a31a3898-aa3b-45ec-a6f2-5014258d6ef4","BQMdo8NUOgY8n0QxdUophLPMewp2","bce79cb1-ba5f-4450-82cb-9c5e4b1f8f95","home","true","""2025-10-11T14:59:21.507Z"""
"a325aef0-f60d-4e91-93b3-66799eb62fd5","MrwsvsZKPwTJ4SwYnAKtyPEAsrq2","24c1e7d6-cb84-440c-b509-a7a45298c3b4","home","true","""2025-10-13T16:43:12.568Z"""
"a3683370-fc38-4ade-a9eb-a27ac6f556db","fr8mqCiecfbf9coDGLRV2l3U4Ex1","3857df67-7e36-4e92-bee5-eb3d8fc46ba9","away","true","""2025-10-13T05:43:03.093Z"""
"a37b8a96-a163-4164-8f6f-8b90e1bc2812","MrwsvsZKPwTJ4SwYnAKtyPEAsrq2","32426bff-f56b-479e-b6c6-f599616e8c90","home","true","""2025-11-06T03:07:14.217Z"""
"a38a0690-0332-42ba-a400-1333107232eb","MrwsvsZKPwTJ4SwYnAKtyPEAsrq2","885a097f-63a2-4d26-8573-ca0f585970f2","away","false","""2025-10-13T16:48:32.150Z"""
"a39f0499-a1f9-4a19-b9cb-3356cbe5708a","KNCanobU7uVRwHBloZcTX4hohOD2","53aa259b-a3f7-47c9-8741-e38f88a2e9c6","away","true","""2025-10-11T15:11:33.445Z"""
"a3b535c2-d0da-4f42-9a57-341add05db8a","uTosuZBxPucsOAnCnHmdA3pzBlb2","ce073ec9-a19b-440f-a4eb-99ecfe56754a","away","true","""2025-10-06T23:16:39.496Z"""
"a4088da8-03b2-4b14-9fd4-5c77a4e4bd77","uTosuZBxPucsOAnCnHmdA3pzBlb2","e5f5592c-6f29-4f54-91fd-f482091aa68d","home","true","""2025-10-14T21:25:29.038Z"""
"a409a084-7428-482d-a8b0-37bc20188d3d","BQMdo8NUOgY8n0QxdUophLPMewp2","51a3a933-7ed6-4fa6-8742-cf8113f18c60","away","true","""2025-10-30T03:07:44.245Z"""
"a42f911e-335a-48cf-b5d0-ced39fa5fbcc","MrwsvsZKPwTJ4SwYnAKtyPEAsrq2","3e3db6c8-9daf-4077-9602-a12ad24d3f1c","home","false","""2025-11-06T03:07:14.200Z"""
"a4316c4e-8299-4a9b-8067-b8d44c97da5f","BQMdo8NUOgY8n0QxdUophLPMewp2","793d9cdc-de69-460d-ab68-902390a914ec","home","false","""2025-11-26T03:40:12.519Z"""
"a48b11be-e629-414b-b952-15f62e6cb34e","KNCanobU7uVRwHBloZcTX4hohOD2","341b5cbc-ccde-4fa1-88be-589e8affad57","away","false","""2025-11-11T16:23:15.772Z"""
"a5275ac7-bf43-4e76-a0f3-a7321f16dc89","fr8mqCiecfbf9coDGLRV2l3U4Ex1","f9dbf52a-051d-47d2-bbc3-f94467e78464","away","false","""2025-10-13T05:48:22.285Z"""
"a527e383-395d-4b03-bfd8-46be29033465","uTosuZBxPucsOAnCnHmdA3pzBlb2","915ff41e-e023-45ff-b1a8-542b7d02688e","home","true","""2025-10-22T15:35:14.067Z"""
"a5342ecb-0d71-4ef6-bca6-838db5f1e859","HHUFVmkNFOVQRY811qCFh46cuM63","a7911bab-2f04-4cdb-ad84-6b16a18c74f3","home","false","""2025-11-27T01:32:28.187Z"""
"a624c2f0-1dd3-4241-b471-a226ca5730ac","MrwsvsZKPwTJ4SwYnAKtyPEAsrq2","c3947a4d-407f-42bf-bd2e-6c8814bf4c97","away","true","""2025-12-17T03:21:11.614Z"""
"a628f2ce-73a3-4373-b453-8982a855b7c7","uTosuZBxPucsOAnCnHmdA3pzBlb2","30faaa86-dc68-4696-87be-97baea9a53e3","home","true","""2025-11-04T20:38:13.595Z"""
"a65e2d96-4b43-47ca-a5a7-c3000ba901a3","KNCanobU7uVRwHBloZcTX4hohOD2","0a265fbc-60d0-4e8c-bfa1-150fb01880f1","away","true","""2025-12-02T16:21:10.683Z"""
"a67dd067-21f1-4706-987a-ad07d484ea60","KNCanobU7uVRwHBloZcTX4hohOD2","22759715-e3f6-42cb-99a0-ba1c9ea0c590","home","true","""2026-01-01T21:09:52.940Z"""
"a6c3cc30-7ba5-42f8-afd1-217a6c38532f","uTosuZBxPucsOAnCnHmdA3pzBlb2","6f8cf172-0bf1-4394-aeba-2036852a5edb","home","true","""2025-11-18T19:09:31.832Z"""
"a6d6a635-5c27-4424-b39b-bc3ab23d6ced","fr8mqCiecfbf9coDGLRV2l3U4Ex1","6f834428-4d17-4f34-9f44-609b49f6cde0","away","false","""2025-12-31T18:30:17.451Z"""
"a72668ae-34be-41a6-8eb7-2ebd6c307e3b","uTosuZBxPucsOAnCnHmdA3pzBlb2","8d4b29c4-5a41-48b2-bf80-492089dc3ebb","away","false","""2025-12-23T20:19:35.752Z"""
"a72f0484-691d-4a16-ad2b-39b2b9c006f6","HHUFVmkNFOVQRY811qCFh46cuM63","f36c055f-4d4f-4845-9c32-8fd81f510cc0","home","false","""2026-01-02T06:19:39.803Z"""
"a73a5b8e-bcb7-4f93-9f62-29190652e2fc","uTosuZBxPucsOAnCnHmdA3pzBlb2","9cdf4e41-36ae-4354-903e-0f09c651d6f5","away","true","""2025-12-02T21:16:51.924Z"""
"a73c9aec-4559-4415-8dd2-c6807c1b38fd","KNCanobU7uVRwHBloZcTX4hohOD2","0e8fe15d-be4e-4afb-91e7-470e575c0c0e","home","true","""2025-10-11T04:21:21.058Z"""
"a7886175-435a-4750-96cf-756ef02d924b","5Sg3H3XuN7cEb8TLhyA8p8j3hg12","d87ea987-47bb-4fb4-aaf3-04d87be2df6d","home","true","""2025-12-18T03:37:52.131Z"""
"a7b24aa0-c368-4c9f-b829-752b0b142ad2","HHUFVmkNFOVQRY811qCFh46cuM63","6d209fa5-8934-42c7-8800-fe7544e1b927","home","true","""2026-01-02T06:19:39.790Z"""
"a7cd6a5d-f4d7-4995-98c2-ae5e3abf6008","5Sg3H3XuN7cEb8TLhyA8p8j3hg12","4a2ab7be-acd4-44aa-a766-aa55f586ee8c","home","false","""2025-10-13T05:31:33.705Z"""
"a7d35402-08c0-4fc7-b705-22a71f48a6fe","BQMdo8NUOgY8n0QxdUophLPMewp2","885a097f-63a2-4d26-8573-ca0f585970f2","away","false","""2025-10-11T14:59:21.030Z"""
"a815c1d1-13b3-4607-b449-7cc7ececebe6","5Sg3H3XuN7cEb8TLhyA8p8j3hg12","712832f9-8a82-41ab-a806-0627d6d42fc4","home","true","""2025-10-13T05:34:49.247Z"""
"a81abda4-432b-4ac2-acbd-6f4a5475081c","HHUFVmkNFOVQRY811qCFh46cuM63","7b0cf584-001d-446a-ac68-ac81dd891f67","away","true","""2025-11-19T16:16:01.038Z"""
"a82c3ca4-63db-4d2b-b80e-960acc867eed","KNCanobU7uVRwHBloZcTX4hohOD2","03452ff1-f0d2-4e79-b52f-dbe07de90710","home","true","""2025-10-22T14:54:23.367Z"""
"a82d6398-0e1f-4a61-ab1e-dc99c2584665","MrwsvsZKPwTJ4SwYnAKtyPEAsrq2","3acf4b39-ba12-4d6d-83a6-8845117be627","away","true","""2025-10-13T16:47:30.344Z"""
"a8373b26-6feb-4046-b9d8-418758353903","5Sg3H3XuN7cEb8TLhyA8p8j3hg12","f9e49890-cbaa-403f-861b-2ec9cf3c194f","home","true","""2025-11-27T02:35:10.948Z"""
"a840f28a-368e-4cf1-ae92-3ba363bead7c","MrwsvsZKPwTJ4SwYnAKtyPEAsrq2","8aa717d5-f0fd-4d88-8198-b8ec733a6205","home","false","""2025-10-13T16:41:38.929Z"""
"a862976c-aaa4-4a07-9aaf-7f3f96cf4b17","BQMdo8NUOgY8n0QxdUophLPMewp2","32433f34-bebd-4ec5-9164-9ae012728dff","home","true","""2025-10-11T14:54:09.811Z"""
"a8770e4b-3b5e-49d8-9c90-4e6cfbeb8435","HHUFVmkNFOVQRY811qCFh46cuM63","aa089e46-2b2b-4939-b3c0-57961a62bd42","away","false","""2025-10-11T04:46:06.564Z"""
"a8917399-3f42-4f51-aaeb-9bbe261e73e8","5Sg3H3XuN7cEb8TLhyA8p8j3hg12","28d1bb5a-b58b-4999-967d-e88f6ee87dfd","home","true","""2025-10-15T17:10:00.868Z"""
"a8a19ee2-05dd-4f66-b18c-b3da33e7e81d","BQMdo8NUOgY8n0QxdUophLPMewp2","712832f9-8a82-41ab-a806-0627d6d42fc4","home","true","""2025-10-11T14:59:21.517Z"""
"a935ab7e-ab28-4c0c-b86b-113678d6141b","uTosuZBxPucsOAnCnHmdA3pzBlb2","b13933b1-d259-4881-9b23-f1d737a398df","home","false","""2025-10-11T16:09:43.257Z"""
"a947f77c-74f3-4aa6-ba80-f0d4af2ccfe2","5Sg3H3XuN7cEb8TLhyA8p8j3hg12","cfabb977-38c9-46be-ac17-8b760d0000d1","home","true","""2025-12-09T18:58:20.539Z"""
"a94c1181-74c6-492e-ab85-be60da5ce640","fr8mqCiecfbf9coDGLRV2l3U4Ex1","00a25211-2151-49de-96dd-eecb1280c2e4","home","true","""2025-11-25T22:02:09.363Z"""
"a95d8753-16be-4412-8599-8e9e9489d200","uTosuZBxPucsOAnCnHmdA3pzBlb2","34233cff-87ec-4c05-aa66-21af99b029e6","home","true","""2025-12-16T20:58:45.521Z"""
"a9821e0f-c384-4918-b261-74a248e56e1f","MrwsvsZKPwTJ4SwYnAKtyPEAsrq2","52d8e71d-f09d-459a-9847-b0786a0fc9cb","home","true","""2025-10-13T16:44:28.356Z"""
"aa00f48f-9fe6-4cc3-bb3d-a3df9d86e907","5Sg3H3XuN7cEb8TLhyA8p8j3hg12","915ff41e-e023-45ff-b1a8-542b7d02688e","home","true","""2025-10-22T16:45:03.227Z"""
"aa6544ba-ca9b-4889-8812-d54639738fda","5Sg3H3XuN7cEb8TLhyA8p8j3hg12","58c41f89-f3f6-4dfd-82b3-55d562cd6f72","home","false","""2025-10-13T05:34:49.248Z"""
"aa9b8dfd-d353-4a45-ba22-9c82919e235b","HHUFVmkNFOVQRY811qCFh46cuM63","b240d41c-2aa9-4b7a-be70-fd2e6518084b","home","true","""2025-10-23T00:09:53.244Z"""
"aad82d57-225a-40b9-b606-5c283c65e8a0","KNCanobU7uVRwHBloZcTX4hohOD2","3857df67-7e36-4e92-bee5-eb3d8fc46ba9","away","true","""2025-10-11T04:21:21.077Z"""
"aae6bdc0-e4e9-47bf-80ca-64865947f80b","fr8mqCiecfbf9coDGLRV2l3U4Ex1","32207c4d-7e2d-4c98-b5b3-96ca4d5dec98","away","false","""2025-11-25T22:02:09.374Z"""
"ab15c982-9b08-45ff-862d-115417faebd3","KNCanobU7uVRwHBloZcTX4hohOD2","a414c339-c5ca-4763-8e61-98117721b036","away","true","""2026-01-01T21:09:52.950Z"""
"ab36378f-5217-4878-ae8c-4befa29ba200","fr8mqCiecfbf9coDGLRV2l3U4Ex1","08d9d6b9-9346-42ae-babf-9d3b5bbc40c1","away","true","""2025-10-13T05:49:58.033Z"""
"aba2d32e-6eec-4ac2-bae4-f0900c125003","HHUFVmkNFOVQRY811qCFh46cuM63","2faad927-ee71-4555-95d6-b307aad6e403","home","true","""2025-10-11T04:43:21.382Z"""
"aba550c0-e400-4bbc-a5f4-013ed554afb7","KNCanobU7uVRwHBloZcTX4hohOD2","bd6ba9a9-c219-4325-a8f7-625320441738","away","false","""2025-12-23T15:48:55.896Z"""
"abd8c4af-e2c8-4052-aafe-c5545e90cb41","HHUFVmkNFOVQRY811qCFh46cuM63","8ae1db88-b0f8-45a7-8efb-626b272c99e9","home","true","""2025-10-11T04:41:16.098Z"""
"abe9b1a7-6d61-4b9b-b704-5acc2120c315","KNCanobU7uVRwHBloZcTX4hohOD2","07c1c591-1e75-4628-b226-5d972e01c7e0","home","true","""2025-12-23T15:48:55.971Z"""
"ac18f027-38bb-4b3a-b97d-8e86fd4859a3","BQMdo8NUOgY8n0QxdUophLPMewp2","d87ea987-47bb-4fb4-aaf3-04d87be2df6d","home","true","""2025-12-18T03:34:05.034Z"""
"ac18ffa9-bbf3-4e5c-969f-207cbfdb2941","uTosuZBxPucsOAnCnHmdA3pzBlb2","3d176750-486f-46fc-9e81-bc39747a3a17","away","false","""2025-12-16T20:58:45.096Z"""
"ac265c29-777b-442a-9ebd-a5b5d762475d","5Sg3H3XuN7cEb8TLhyA8p8j3hg12","91e343a1-9aed-41c9-a2dd-138c9b70a854","away","true","""2025-11-27T02:35:10.993Z"""
"ac6d4d24-cd83-4ae8-b8d4-59f920b84069","HHUFVmkNFOVQRY811qCFh46cuM63","cc2f7e28-74cb-48e1-8a99-6d2421e9b89b","home","true","""2025-10-15T14:35:45.426Z"""
"ac8ed3a6-7ab8-4875-a6e0-b8cd51876ffd","MrwsvsZKPwTJ4SwYnAKtyPEAsrq2","dc2c288e-210c-48b1-9f72-71fcc71c9c00","away","false","""2025-10-13T16:43:12.540Z"""
"ac9b1d19-e286-4f57-8956-f1071d513f21","uTosuZBxPucsOAnCnHmdA3pzBlb2","af6dbb8b-7945-4286-a7ae-7e86a9a49260","home","false","""2025-10-11T16:06:31.216Z"""
"accab1b1-ec91-4b78-a5b7-70e9c5fb8c74","uTosuZBxPucsOAnCnHmdA3pzBlb2","04ae6655-cc67-4b5d-9ddd-f5a3bd678bf2","home","false","""2025-12-16T20:58:45.529Z"""
"acf477fe-4977-46e1-880e-aba291efd7ac","KNCanobU7uVRwHBloZcTX4hohOD2","9cdf4e41-36ae-4354-903e-0f09c651d6f5","away","true","""2025-12-02T16:21:10.755Z"""
"ad34e929-2e1e-49db-afb2-7e8b5e4770a3","BQMdo8NUOgY8n0QxdUophLPMewp2","85c030e5-5532-48aa-9cf6-89ddb705fd7d","away","true","""2025-12-25T03:44:19.628Z"""
"ad66f407-21f4-46e1-82fd-338aa0cfa1cb","HHUFVmkNFOVQRY811qCFh46cuM63","37c2791d-e4f9-4c07-8559-0f0e8b3afb1f","away","false","""2025-12-03T23:32:03.801Z"""
"adc1f31d-1bb4-4466-a210-755c71f263e7","MrwsvsZKPwTJ4SwYnAKtyPEAsrq2","cc2f7e28-74cb-48e1-8a99-6d2421e9b89b","away","false","""2025-10-16T00:36:24.052Z"""
"adc2b5e8-3e1e-494e-9bf3-212a85e1241e","BQMdo8NUOgY8n0QxdUophLPMewp2","2d3f4557-1a00-4b80-b782-bbb441db6139","away","false","""2025-10-11T14:54:09.758Z"""
"add7fe26-4e4b-497e-88f2-58e37312a2a5","MrwsvsZKPwTJ4SwYnAKtyPEAsrq2","e9be9eb2-a692-4a1b-909f-890ac195f92e","home","true","""2026-01-01T04:33:43.168Z"""
"addc534a-d0df-41dd-be5b-4f2d033d1ff4","MrwsvsZKPwTJ4SwYnAKtyPEAsrq2","46d6b8f1-25a6-4488-bbdc-8466f3ae06a7","away","true","""2025-10-13T16:47:30.316Z"""
"adff7406-403b-47f1-9c35-808da0453309","BQMdo8NUOgY8n0QxdUophLPMewp2","4237591e-c15d-400f-a741-c2881e51db6c","away","true","""2025-10-11T14:49:26.508Z"""
"ae1013a2-6b22-4eca-a180-8a952af5b6ff","fr8mqCiecfbf9coDGLRV2l3U4Ex1","07c1c591-1e75-4628-b226-5d972e01c7e0","home","true","""2025-12-24T17:05:36.263Z"""
"ae12e9c5-f40e-4369-8190-07114959e7da","BQMdo8NUOgY8n0QxdUophLPMewp2","e3482d66-4562-4ff3-b48d-5845fb84f5c7","home","false","""2025-12-25T03:44:19.712Z"""
"ae3b5b15-9511-477f-9543-d032b9f7ef77","HHUFVmkNFOVQRY811qCFh46cuM63","2a9b8f7c-f239-445d-8eec-3ed24ff5f2ef","home","true","""2025-10-11T04:39:09.453Z"""
"ae43256e-ada7-4532-bd55-f19975f3ddf2","5Sg3H3XuN7cEb8TLhyA8p8j3hg12","e0e04637-9693-42aa-a826-ec4a7571ed70","away","false","""2025-10-13T05:30:01.766Z"""
"ae4a7370-4c21-4fab-83a7-5c621bd44bf2","5Sg3H3XuN7cEb8TLhyA8p8j3hg12","ff74829e-0197-476d-a27f-7c3df0946120","home","true","""2025-10-30T02:37:38.411Z"""
"ae5b1d0f-2677-44f5-8b5c-7e2e1a2e8767","MrwsvsZKPwTJ4SwYnAKtyPEAsrq2","c912cde0-abd7-41a5-bd0f-58584312d7bc","away","false","""2025-10-13T16:46:21.430Z"""
"ae66a42c-5064-4d7f-8405-4b698483647f","KNCanobU7uVRwHBloZcTX4hohOD2","f9dbf52a-051d-47d2-bbc3-f94467e78464","home","true","""2025-10-11T15:09:38.773Z"""
"ae99a401-d1a5-4656-901f-1301e263520b","KNCanobU7uVRwHBloZcTX4hohOD2","f5c37341-4b93-45c8-b5ef-bfd19af0fab5","home","true","""2025-10-22T14:54:23.444Z"""
"ae9e3b6f-dce0-465b-a750-93a595c4e454","HHUFVmkNFOVQRY811qCFh46cuM63","14cc7702-0f7d-4760-8692-4239170d4bde","home","true","""2025-10-11T04:35:46.494Z"""
"aef89a4d-c95e-4332-81b4-dabafc3e73a1","KNCanobU7uVRwHBloZcTX4hohOD2","08d9d6b9-9346-42ae-babf-9d3b5bbc40c1","away","true","""2025-10-11T15:11:33.410Z"""
"af0b18ab-9ca5-430c-bf91-d32ad6e0f097","KNCanobU7uVRwHBloZcTX4hohOD2","9d84c7f1-c311-4457-a00f-12253fced02f","home","true","""2025-12-09T18:35:56.879Z"""
"af8f6f76-5034-4574-b7b1-db4df71e9bc9","uTosuZBxPucsOAnCnHmdA3pzBlb2","9bfe49ed-52c4-4923-94cc-6ca165d56c38","home","true","""2025-10-11T16:06:31.226Z"""
"afa82b8b-a46e-4f3f-8f96-3690cb07d4c6","MrwsvsZKPwTJ4SwYnAKtyPEAsrq2","37c2791d-e4f9-4c07-8559-0f0e8b3afb1f","away","false","""2025-12-03T23:38:09.317Z"""
"afb3ab3c-79a0-4cc5-9cf4-e83e296fffff","BQMdo8NUOgY8n0QxdUophLPMewp2","6d209fa5-8934-42c7-8800-fe7544e1b927","away","false","""2026-01-03T04:39:38.745Z"""
"afb58746-2789-4c4c-8fa7-4c3d715de213","KNCanobU7uVRwHBloZcTX4hohOD2","994d851e-04ce-4155-9fdb-ccd36218aac6","away","true","""2025-12-16T16:11:50.169Z"""
"b038bd19-384f-4045-abaf-47df851a0a3f","HHUFVmkNFOVQRY811qCFh46cuM63","0d235aa7-8a1c-49a1-9b34-29246d31e6fc","home","true","""2025-10-23T00:09:53.222Z"""
"b07d2035-4fb2-4223-b435-484ac9bb6aca","fr8mqCiecfbf9coDGLRV2l3U4Ex1","1b827358-ad04-4acd-8e1a-5b78ec0b6fd8","home","true","""2025-12-04T04:47:54.819Z"""
"b0876fa3-158d-4bc8-a62a-eca382f85b2a","fr8mqCiecfbf9coDGLRV2l3U4Ex1","10750ab4-159d-445a-91aa-b9e21d6b714e","home","true","""2025-10-22T16:28:53.868Z"""
"b0b32232-4dd8-47f2-9b9b-be2ec5af9ba0","BQMdo8NUOgY8n0QxdUophLPMewp2","6a0d84af-ac95-4d3d-a3c2-149169507d04","home","false","""2025-10-23T01:28:37.860Z"""
"b0d6d6a3-0f03-4056-8223-1fbf48c44d1b","fr8mqCiecfbf9coDGLRV2l3U4Ex1","37c2791d-e4f9-4c07-8559-0f0e8b3afb1f","home","true","""2025-12-04T04:47:54.884Z"""
"b1386839-80b5-4960-9da8-cece476c19cd","BQMdo8NUOgY8n0QxdUophLPMewp2","af7bfc60-3b99-43a6-a2a3-d1c14ac8c404","away","false","""2025-10-11T14:54:09.757Z"""
"b147f31d-641d-4b56-939c-e3da9c2eba93","uTosuZBxPucsOAnCnHmdA3pzBlb2","745bbb28-4426-4b7b-8da1-f333b20f53b1","away","false","""2025-11-11T16:11:18.170Z"""
"b16f8991-2186-4c92-84c4-23210c2c6605","fr8mqCiecfbf9coDGLRV2l3U4Ex1","4f0c816a-d397-41ba-a8d5-51e1c8b4830c","home","false","""2025-12-18T03:18:03.353Z"""
"b1704d40-4110-476f-8fc4-c45d00909630","fr8mqCiecfbf9coDGLRV2l3U4Ex1","8d4b29c4-5a41-48b2-bf80-492089dc3ebb","away","false","""2025-12-24T17:05:36.328Z"""
"b17dbd89-90b0-4ba6-a992-65455a56c590","MrwsvsZKPwTJ4SwYnAKtyPEAsrq2","b13933b1-d259-4881-9b23-f1d737a398df","away","true","""2025-10-13T16:47:30.323Z"""
"b18f98ff-f841-4f6b-a576-ec2d74d06c5a","MrwsvsZKPwTJ4SwYnAKtyPEAsrq2","1b827358-ad04-4acd-8e1a-5b78ec0b6fd8","home","true","""2025-12-03T23:38:09.306Z"""
"b1c90cc3-617c-4c08-9b66-26fc3742da2f","KNCanobU7uVRwHBloZcTX4hohOD2","a7911bab-2f04-4cdb-ad84-6b16a18c74f3","home","false","""2025-11-25T17:25:25.373Z"""
"b1e0f40a-7603-49f7-b872-0460177cd562","HHUFVmkNFOVQRY811qCFh46cuM63","ffa49879-774b-46f4-a6f1-b3c5c08950e3","away","false","""2025-11-05T16:48:22.315Z"""
"b1f447b8-9cd2-442b-b05c-acadcb865e98","MrwsvsZKPwTJ4SwYnAKtyPEAsrq2","290af0a5-b885-4094-9c69-3a8024ea32da","home","true","""2025-10-29T22:30:17.420Z"""
"b1fabe68-2a2b-4c04-b221-6a91ff36bbb7","fr8mqCiecfbf9coDGLRV2l3U4Ex1","cb3db559-8d6f-4c84-b79c-075eca54aa81","away","false","""2025-10-13T05:48:22.359Z"""
"b272246c-75db-4257-be25-1d3924125102","fr8mqCiecfbf9coDGLRV2l3U4Ex1","cbbcb24c-cd2e-4c24-baa1-70b73d887780","home","true","""2025-11-06T00:57:45.895Z"""
"b2869378-bd85-45aa-a363-a403cc29aa5e","HHUFVmkNFOVQRY811qCFh46cuM63","6b0872bf-a289-43e7-bc27-be771751ed95","away","false","""2025-12-17T15:41:35.306Z"""
"b29878c3-b911-48d7-8f88-f9f0bf016967","BQMdo8NUOgY8n0QxdUophLPMewp2","ea4ee477-02b5-4856-b1b9-87bc0662769b","home","true","""2025-12-11T04:11:58.913Z"""
"b2af2bd3-d06d-4954-b266-810006bcb24c","KNCanobU7uVRwHBloZcTX4hohOD2","3ebf3c21-5d65-4329-ad66-1c3143403743","away","true","""2025-11-11T16:23:15.770Z"""
"b2bc6dc5-7447-4204-b4bb-b703acb3d44f","fr8mqCiecfbf9coDGLRV2l3U4Ex1","c1188a7f-ae52-40f8-967e-a19903e87ebd","away","false","""2025-11-25T22:02:09.411Z"""
"b2f4083d-0384-4246-ab17-07b49ba7695e","HHUFVmkNFOVQRY811qCFh46cuM63","e0e04637-9693-42aa-a826-ec4a7571ed70","away","false","""2025-10-11T04:39:09.500Z"""
"b30f827c-673a-4a95-b589-0265e1448ac8","BQMdo8NUOgY8n0QxdUophLPMewp2","4d631138-18a5-41c6-a3ed-1bbe8c6533d6","home","true","""2025-11-06T04:09:36.964Z"""
"b322e210-bda1-47d8-815f-5c997078306e","HHUFVmkNFOVQRY811qCFh46cuM63","a112a186-d4c0-42bd-a2e1-52f89a1d9141","away","true","""2025-10-15T14:35:47.112Z"""
"b32780c7-d929-4351-85c8-933d87d5d33c","5Sg3H3XuN7cEb8TLhyA8p8j3hg12","dec545cd-bc5b-4db2-999b-57e75045cb1d","home","true","""2025-12-09T18:58:20.586Z"""
"b3501a70-3cd0-4520-8b92-067e7dc8de5b","BQMdo8NUOgY8n0QxdUophLPMewp2","009a2f6f-c791-4f7c-80a2-61e12cd49ce0","home","true","""2025-10-11T14:49:26.621Z"""
"b3ed3211-9a74-4b28-ae2b-2325b07b5837","KNCanobU7uVRwHBloZcTX4hohOD2","2d48aa2d-0cf4-4160-84ef-84ba8296bb1b","home","true","""2025-10-11T15:06:12.667Z"""
"b45ec573-4b28-43d6-9d29-ab38d875f0e2","fr8mqCiecfbf9coDGLRV2l3U4Ex1","04ae6655-cc67-4b5d-9ddd-f5a3bd678bf2","away","true","""2025-12-18T03:18:03.408Z"""
"b46e071f-03b4-4857-a65a-5b0c804fa275","MrwsvsZKPwTJ4SwYnAKtyPEAsrq2","10750ab4-159d-445a-91aa-b9e21d6b714e","home","true","""2025-10-23T01:31:36.583Z"""
"b47b5e4b-005c-43fd-bc1a-4a3b02e585f3","KNCanobU7uVRwHBloZcTX4hohOD2","908a0a02-d9c1-4ae0-8abf-d47210acc562","away","true","""2025-10-22T14:54:23.446Z"""
"b4d0386f-786d-45e9-b594-0fc2f04e34f2","5Sg3H3XuN7cEb8TLhyA8p8j3hg12","7ebf9a6d-6f11-403d-b054-401e37bfa774","home","true","""2025-10-13T05:30:02.162Z"""
"b50323a4-1c9f-4560-a43a-bf5638800d3b","fr8mqCiecfbf9coDGLRV2l3U4Ex1","1d0e651a-40b2-40ca-be8a-51b133d3dbd4","home","false","""2025-10-13T05:46:45.965Z"""
"b51ee586-e1d1-479e-bd6c-1abf70afd816","BQMdo8NUOgY8n0QxdUophLPMewp2","c912cde0-abd7-41a5-bd0f-58584312d7bc","away","false","""2025-10-11T14:55:34.704Z"""
"b5264e1e-8515-45c5-822b-b89dc6507353","uTosuZBxPucsOAnCnHmdA3pzBlb2","6a58755f-32c7-4338-8319-7ef553af4987","home","true","""2025-10-11T16:07:45.697Z"""
"b554745e-4712-4d26-8fd2-ace88819f90a","uTosuZBxPucsOAnCnHmdA3pzBlb2","10750ab4-159d-445a-91aa-b9e21d6b714e","home","true","""2025-10-22T15:35:14.027Z"""
"b56d7b8e-d48c-490f-a2f6-c15c4fe60419","BQMdo8NUOgY8n0QxdUophLPMewp2","04ae6655-cc67-4b5d-9ddd-f5a3bd678bf2","home","false","""2025-12-18T03:34:05.033Z"""
"b585ebc8-0d50-4d09-b256-3323b9047f3b","fr8mqCiecfbf9coDGLRV2l3U4Ex1","72dc680f-9575-4cb3-9308-155f258f48f6","home","true","""2025-10-13T05:46:45.971Z"""
"b5930707-b078-4934-ab7f-48b1a0134c3d","KNCanobU7uVRwHBloZcTX4hohOD2","1ae363ac-8ade-44d7-9772-7f98f075c205","home","true","""2025-10-11T04:21:21.037Z"""
"b5aa6e03-765e-48e3-a6f4-383b097a2a57","fr8mqCiecfbf9coDGLRV2l3U4Ex1","3d39c331-c9b0-4b49-b89d-b7230e187105","away","false","""2025-11-18T22:07:01.206Z"""
"b5b79e91-3d38-472c-bf1e-5f03229ccaa0","MrwsvsZKPwTJ4SwYnAKtyPEAsrq2","6a0d84af-ac95-4d3d-a3c2-149169507d04","home","false","""2025-10-23T01:31:36.597Z"""
"b5bcd52c-c1d1-4da3-822e-2802acc77e12","KNCanobU7uVRwHBloZcTX4hohOD2","3e3db6c8-9daf-4077-9602-a12ad24d3f1c","away","true","""2025-11-04T17:08:39.967Z"""
"b5bff1bd-83c1-4a78-8d74-da2a8952c312","uTosuZBxPucsOAnCnHmdA3pzBlb2","c07dbd01-1a69-4ea9-81d0-575a0f61ed60","away","true","""2025-10-22T15:35:14.077Z"""
"b5c26145-f0c0-4b5e-b685-bab994afdebe","fr8mqCiecfbf9coDGLRV2l3U4Ex1","3acf4b39-ba12-4d6d-83a6-8845117be627","away","true","""2025-10-13T05:49:58.050Z"""
"b5cce610-079b-4a98-838b-a84562aec8ca","MrwsvsZKPwTJ4SwYnAKtyPEAsrq2","cc57c375-e432-430f-ad82-96dd242cd3b7","home","true","""2025-10-23T01:31:36.572Z"""
"b5cd20b3-e6f1-4f60-a68f-ce3bec19eec1","uTosuZBxPucsOAnCnHmdA3pzBlb2","52d8e71d-f09d-459a-9847-b0786a0fc9cb","home","true","""2025-10-11T16:07:45.683Z"""
"b63f9ddd-8f91-4e5b-aa62-bee6bd2be21b","KNCanobU7uVRwHBloZcTX4hohOD2","6f834428-4d17-4f34-9f44-609b49f6cde0","away","false","""2026-01-01T21:09:52.908Z"""
"b646eb48-5263-4c61-8893-90347dfdb53b","5Sg3H3XuN7cEb8TLhyA8p8j3hg12","4f0c816a-d397-41ba-a8d5-51e1c8b4830c","away","true","""2025-12-18T03:37:52.096Z"""
"b6681c19-f346-43bb-900b-0640ba3446d9","BQMdo8NUOgY8n0QxdUophLPMewp2","ec48d4f9-2a97-44e9-99dd-600dcba4b05e","away","true","""2025-11-13T04:17:56.753Z"""
"b6aab630-19a3-4032-9a6b-e601e495e876","MrwsvsZKPwTJ4SwYnAKtyPEAsrq2","b1092853-be4e-4bb7-beef-85df31d31fc6","away","false","""2025-10-13T16:41:38.901Z"""
"b6c07f06-b6bc-4d21-9b3e-ef3510108cf6","BQMdo8NUOgY8n0QxdUophLPMewp2","252e5dd1-8b22-4b1c-a0d4-4e4368c2a566","away","false","""2025-12-04T03:57:32.757Z"""
"b6f8cd80-fe7f-4b26-9752-d44e208dcf13","5Sg3H3XuN7cEb8TLhyA8p8j3hg12","2038f542-7164-4fe9-8cde-198fe2c08076","home","true","""2025-10-13T05:31:33.758Z"""
"b701450e-5751-48cc-af17-52c73dd0968c","uTosuZBxPucsOAnCnHmdA3pzBlb2","994d851e-04ce-4155-9fdb-ccd36218aac6","away","true","""2025-12-16T20:58:45.506Z"""
"b77f013c-2551-4189-91cf-2d0720866506","KNCanobU7uVRwHBloZcTX4hohOD2","ca151594-164f-4eb9-b679-3eba6b569a85","home","true","""2026-01-01T21:09:52.927Z"""
"b79745fe-5fbd-4e89-a515-62bc43aeff85","fr8mqCiecfbf9coDGLRV2l3U4Ex1","58c41f89-f3f6-4dfd-82b3-55d562cd6f72","home","false","""2025-10-13T05:51:00.790Z"""
"b7a40c72-a030-4d35-8a8d-b2293907cc6f","HHUFVmkNFOVQRY811qCFh46cuM63","62600472-c342-48f2-be96-62b4ef840548","home","false","""2025-12-10T01:12:52.160Z"""
"b7bef678-ed51-4bdb-966f-6038831809f0","MrwsvsZKPwTJ4SwYnAKtyPEAsrq2","1ae363ac-8ade-44d7-9772-7f98f075c205","home","true","""2025-10-13T16:41:38.879Z"""
"b7c1e1cf-9c35-4e52-af33-ed723cb4131a","KNCanobU7uVRwHBloZcTX4hohOD2","4401d322-197f-4f49-8768-8e2cf323a836","home","true","""2025-10-06T20:33:28.015Z"""
"b7e951fd-05ff-4f88-a8ef-b059e84e0bc3","5Sg3H3XuN7cEb8TLhyA8p8j3hg12","6d209fa5-8934-42c7-8800-fe7544e1b927","home","true","""2026-01-01T21:41:19.068Z"""
"b822f270-3cc9-4552-b4fb-dc78003b0e7f","BQMdo8NUOgY8n0QxdUophLPMewp2","7b0cf584-001d-446a-ac68-ac81dd891f67","away","true","""2025-11-20T02:12:53.528Z"""
"b8402296-fbed-4220-8055-073b31de409f","HHUFVmkNFOVQRY811qCFh46cuM63","4ad7c6d7-e225-44c7-b3c2-172d28e9fda3","home","true","""2025-10-28T19:41:41.122Z"""
"b84bca72-13bd-4060-96fa-e2db099ff946","MrwsvsZKPwTJ4SwYnAKtyPEAsrq2","49d8e640-2e08-4f01-9070-eeaf14a1c5be","away","true","""2025-10-16T00:36:23.983Z"""
"b86e78b0-3130-4a8c-ad91-d48bfc5be3ad","HHUFVmkNFOVQRY811qCFh46cuM63","a25f6c8c-9b74-4a65-8af1-6345e044fe94","home","true","""2025-11-19T16:16:01.088Z"""
"b88702d4-cb86-4fad-912f-4adfe980fe07","uTosuZBxPucsOAnCnHmdA3pzBlb2","a16ca003-0e3a-4f47-9e7a-55e80da8aced","away","false","""2025-10-06T23:16:39.322Z"""
"b8c0f7bd-614c-449a-a046-a553a6aaa025","HHUFVmkNFOVQRY811qCFh46cuM63","522815a0-4205-44ff-b092-19e05729c816","away","false","""2025-10-11T04:41:14.334Z"""
"b8f05884-21a7-43f3-94f5-110b22c72a73","fr8mqCiecfbf9coDGLRV2l3U4Ex1","53aa259b-a3f7-47c9-8741-e38f88a2e9c6","away","true","""2025-10-13T05:49:58.031Z"""
"b954fc03-9535-4a30-83e6-fc7b10981b8a","HHUFVmkNFOVQRY811qCFh46cuM63","b0078085-6c9d-48cc-8f30-3b217e44edaa","away","true","""2025-11-12T03:58:38.985Z"""
"b979ba2e-c1a9-40d7-a9e7-20918fc420c3","HHUFVmkNFOVQRY811qCFh46cuM63","ecfc4982-5331-4712-826e-28d59a35fb6c","away","true","""2025-11-19T16:16:01.019Z"""
"b9a4bfa7-c593-4989-8954-f52d2cc1bdf4","HHUFVmkNFOVQRY811qCFh46cuM63","b03a5a5f-169b-4dfa-9b65-7551a928e707","away","true","""2025-12-25T03:27:20.768Z"""
"b9bf4386-655f-43d0-b272-936bcdc9f9a3","fr8mqCiecfbf9coDGLRV2l3U4Ex1","4ad7c6d7-e225-44c7-b3c2-172d28e9fda3","home","true","""2025-10-30T00:37:14.867Z"""
"b9d59c29-777b-41d8-885e-3e12de50cc2b","5Sg3H3XuN7cEb8TLhyA8p8j3hg12","536a6cc2-537d-4b28-9a57-14b66bad4c54","away","false","""2025-10-13T05:33:24.473Z"""
"b9e18b41-431f-4add-8ca4-c3fdf3bfbe3e","fr8mqCiecfbf9coDGLRV2l3U4Ex1","e02b68db-5a99-4efa-b993-8ef03a0bae22","home","true","""2025-12-04T04:47:54.819Z"""
"ba1890a9-24f8-40aa-895d-090b3b63d238","fr8mqCiecfbf9coDGLRV2l3U4Ex1","9dff992f-1ac3-45d2-80a8-96e745368797","away","true","""2025-12-24T17:05:36.274Z"""
"ba2091bb-313a-4997-becc-a14f33f3cc45","HHUFVmkNFOVQRY811qCFh46cuM63","6e43e081-5eb6-413d-8860-b70c89ea761f","home","true","""2025-10-15T14:35:45.424Z"""
"ba3f18d1-85af-431b-bfaa-50afefbb5794","KNCanobU7uVRwHBloZcTX4hohOD2","8d4b29c4-5a41-48b2-bf80-492089dc3ebb","away","false","""2025-12-23T15:48:55.958Z"""
"ba65156b-4c7a-4ffa-b8f0-85502c78daa9","5Sg3H3XuN7cEb8TLhyA8p8j3hg12","309d5644-af03-4371-8cd6-b853a61d65dd","home","false","""2025-11-06T03:11:57.973Z"""
"baaae99d-9b05-4a81-884d-ad9bf83c8bec","5Sg3H3XuN7cEb8TLhyA8p8j3hg12","b240d41c-2aa9-4b7a-be70-fd2e6518084b","home","true","""2025-10-22T16:45:03.182Z"""
"bacc2e83-4475-42f6-8343-6cd166bd101e","HHUFVmkNFOVQRY811qCFh46cuM63","bd6ba9a9-c219-4325-a8f7-625320441738","away","false","""2025-12-25T03:27:20.728Z"""
"bae35300-6351-4b36-93bd-0a586b71c2d2","MrwsvsZKPwTJ4SwYnAKtyPEAsrq2","62600472-c342-48f2-be96-62b4ef840548","home","false","""2025-12-11T02:27:27.382Z"""
"baf09353-f693-45de-bbac-46199ae6f8b2","uTosuZBxPucsOAnCnHmdA3pzBlb2","7b0cf584-001d-446a-ac68-ac81dd891f67","away","true","""2025-11-18T19:09:31.834Z"""
"bb1699bb-5ae7-4f82-8f1c-17792b4046fc","BQMdo8NUOgY8n0QxdUophLPMewp2","950d355e-96df-42af-b0a5-7853986b80f6","home","false","""2025-10-30T03:07:44.207Z"""
"bb31dd37-a9cb-40af-9b50-bda0174b2e21","KNCanobU7uVRwHBloZcTX4hohOD2","46d6b8f1-25a6-4488-bbdc-8466f3ae06a7","away","true","""2025-10-11T15:11:33.455Z"""
"bb3bb523-4bf9-4dff-82cb-16be1b736646","fr8mqCiecfbf9coDGLRV2l3U4Ex1","a7911bab-2f04-4cdb-ad84-6b16a18c74f3","away","true","""2025-11-25T22:02:09.370Z"""
"bb3c2382-0b1d-407f-8703-366966f694d3","BQMdo8NUOgY8n0QxdUophLPMewp2","d9ef7df6-8d61-4b7f-bc4e-e6c7167d33ea","home","true","""2025-12-25T03:44:19.686Z"""
"bb482880-735e-4af2-81b8-409d2f292538","fr8mqCiecfbf9coDGLRV2l3U4Ex1","a25f6c8c-9b74-4a65-8af1-6345e044fe94","home","true","""2025-11-18T22:07:01.222Z"""
"bb5685d0-f460-43ba-b9a6-c4a52af3d29c","uTosuZBxPucsOAnCnHmdA3pzBlb2","7fe37fa5-7882-46a5-b100-8c026ad4cbed","home","true","""2025-11-18T19:09:31.770Z"""
"bb7303a3-4e5d-4b8d-bb97-b74198a952a1","uTosuZBxPucsOAnCnHmdA3pzBlb2","599ad8ed-dcbd-4d6f-af96-bf0df84a1e46","home","false","""2025-10-11T16:09:43.296Z"""
"bb74f67b-2311-4dc3-aff0-feeac4081ded","BQMdo8NUOgY8n0QxdUophLPMewp2","43fd2c2e-96ca-4127-ac52-c35295bc5944","away","true","""2025-12-04T03:57:32.805Z"""
"bb79ce31-8dd5-4b6a-ac20-7527854b15a7","5Sg3H3XuN7cEb8TLhyA8p8j3hg12","f36c055f-4d4f-4845-9c32-8fd81f510cc0","home","false","""2026-01-01T21:41:19.090Z"""
"bb80c852-301e-44c1-8ab2-cd74bde85db4","uTosuZBxPucsOAnCnHmdA3pzBlb2","99235d98-91df-43b3-9c1f-927882dbdef1","home","true","""2026-01-01T21:46:43.752Z"""
"bbbfbefb-0d4e-4780-8ee5-d0ed117bb236","fr8mqCiecfbf9coDGLRV2l3U4Ex1","30faaa86-dc68-4696-87be-97baea9a53e3","away","false","""2025-11-06T00:57:45.929Z"""
"bbc756a9-51c2-401f-b4d8-4d22a1ba2c19","5Sg3H3XuN7cEb8TLhyA8p8j3hg12","f674cdc8-d2b1-4245-bef2-80b83f704fe7","home","true","""2025-10-13T05:23:59.270Z"""
"bc0e20f8-923d-46bf-a6b6-d72a5dce624d","HHUFVmkNFOVQRY811qCFh46cuM63","06166fe9-e0aa-4e3c-b84a-60851b05b11d","home","true","""2025-10-11T04:41:16.345Z"""
"bc22a6ff-f7e8-4b09-85e3-8ddbc14cc137","BQMdo8NUOgY8n0QxdUophLPMewp2","f27424c5-879c-48b1-bfd9-92133a620c63","home","false","""2025-10-11T14:59:21.031Z"""
"bc3c6f75-77f4-4b5a-8706-542f92c71d0c","BQMdo8NUOgY8n0QxdUophLPMewp2","4ad7c6d7-e225-44c7-b3c2-172d28e9fda3","home","true","""2025-10-30T03:07:44.273Z"""
"bc52c9c6-2304-4255-a4b8-16cfee981ae5","HHUFVmkNFOVQRY811qCFh46cuM63","1d0e651a-40b2-40ca-be8a-51b133d3dbd4","home","false","""2025-10-11T04:39:09.471Z"""
"bc7471f6-7fa9-47ac-a8c7-ec7f92216b32","uTosuZBxPucsOAnCnHmdA3pzBlb2","1fc7e4a6-93c4-41b6-b74f-e54d12d7601d","home","true","""2025-12-16T20:58:45.511Z"""
"bc9c4c35-e0d2-4c22-a2d5-af58660dd40d","5Sg3H3XuN7cEb8TLhyA8p8j3hg12","6dd54dde-1403-44da-b4fd-8dc8aafb4ce1","home","true","""2025-10-13T05:34:49.286Z"""
"bd0acd07-027c-471e-afec-bc4f6ec8033a","uTosuZBxPucsOAnCnHmdA3pzBlb2","332b0a33-6015-4982-8412-814d325eceaa","away","false","""2025-11-25T20:11:42.099Z"""
"bd20789b-d362-4020-bfa1-ae3df53ab9e3","5Sg3H3XuN7cEb8TLhyA8p8j3hg12","4e1dc139-ee89-482e-992c-bf20980aa2f2","away","true","""2025-11-20T02:28:45.211Z"""
"bd2927c0-f19c-4a9b-9566-ebd9b09266a6","HHUFVmkNFOVQRY811qCFh46cuM63","08c4b8dc-3f26-473f-bd1b-c3394daa3de7","home","true","""2025-11-12T03:58:38.964Z"""
"bd68f995-46d8-48f4-8e15-cef678b28508","MrwsvsZKPwTJ4SwYnAKtyPEAsrq2","83456161-43d7-4a3a-ba06-ab34769f0db6","away","true","""2025-11-27T00:46:50.618Z"""
"bd78a3d2-a477-4d43-b069-320cd2df025b","BQMdo8NUOgY8n0QxdUophLPMewp2","6346765c-9f65-41ee-9416-f968e65c0d23","home","false","""2025-12-25T03:44:19.661Z"""
"bd7af3ce-763b-407d-8a84-12e53c198607","5Sg3H3XuN7cEb8TLhyA8p8j3hg12","3ebf3c21-5d65-4329-ad66-1c3143403743","away","true","""2025-11-11T19:35:38.179Z"""
"bd9169b9-e92a-421a-bacd-d9e2b5bd28d7","5Sg3H3XuN7cEb8TLhyA8p8j3hg12","27272f98-3733-4614-a94f-7c57e4de90b0","away","false","""2025-11-06T03:11:58.004Z"""
"bdb1aed5-79a8-4be4-80cf-33cac85ad66a","fr8mqCiecfbf9coDGLRV2l3U4Ex1","ea4ee477-02b5-4856-b1b9-87bc0662769b","home","true","""2025-12-09T18:54:43.394Z"""
"bdd6d49f-5e85-4316-a6f9-be9f1cd08122","BQMdo8NUOgY8n0QxdUophLPMewp2","a87db628-a5a8-4fbb-85f9-b0525694ab65","home","true","""2026-01-03T04:39:38.732Z"""
"be2410a6-50ce-4126-aad7-b5f90e9d2687","5Sg3H3XuN7cEb8TLhyA8p8j3hg12","3857df67-7e36-4e92-bee5-eb3d8fc46ba9","away","true","""2025-10-13T05:23:59.252Z"""
"be29421f-bb42-4cbb-ad58-cea2b2e5d7b4","BQMdo8NUOgY8n0QxdUophLPMewp2","309d5644-af03-4371-8cd6-b853a61d65dd","home","false","""2025-11-06T04:09:36.966Z"""
"be31f273-865e-49f1-b8d6-43ecaf3ba9b6","5Sg3H3XuN7cEb8TLhyA8p8j3hg12","d8e096b9-3c57-4c9d-9ae7-68d7610c2198","home","false","""2025-12-02T16:43:55.742Z"""
"be367bb7-3b40-4a8f-8d2e-6cb50e63ab74","HHUFVmkNFOVQRY811qCFh46cuM63","24c1e7d6-cb84-440c-b509-a7a45298c3b4","home","true","""2025-10-11T04:35:46.930Z"""
"be5a26c0-03e0-438e-84cb-b8871f01d770","MrwsvsZKPwTJ4SwYnAKtyPEAsrq2","e5f5592c-6f29-4f54-91fd-f482091aa68d","home","true","""2025-10-16T00:36:24.018Z"""
"beae5ad1-ee0d-45f4-a36b-422305eacde3","MrwsvsZKPwTJ4SwYnAKtyPEAsrq2","4401d322-197f-4f49-8768-8e2cf323a836","home","true","""2025-10-13T16:48:32.173Z"""
"beca2f93-0d4a-4591-b366-01505fe521c3","HHUFVmkNFOVQRY811qCFh46cuM63","394218dd-01fb-496f-86c8-9c8a1a2f1a08","away","false","""2025-10-15T14:35:47.141Z"""
"bf0c98ef-7846-47e7-bdbb-24030687ee69","uTosuZBxPucsOAnCnHmdA3pzBlb2","bd6ba9a9-c219-4325-a8f7-625320441738","away","false","""2025-12-23T20:19:35.754Z"""
"bf274be8-6aa7-48af-a92b-af7c54bb0b27","uTosuZBxPucsOAnCnHmdA3pzBlb2","5fff642f-22ef-4c52-bdc8-86c57876f1f7","home","true","""2025-12-09T19:52:27.653Z"""
"bf39b946-004f-4c64-af6d-0993459eed3a","KNCanobU7uVRwHBloZcTX4hohOD2","88711fba-d4c6-4a22-8627-f90f1aaa8001","home","false","""2025-10-11T15:11:33.426Z"""
"bf406105-9679-45d9-a5f6-f86d642e84c7","fr8mqCiecfbf9coDGLRV2l3U4Ex1","d3ab96b4-607f-42c7-83e8-f9276484b515","away","true","""2025-10-22T16:28:53.965Z"""
"bf57b02a-2bc9-4704-a5f2-512337abf654","MrwsvsZKPwTJ4SwYnAKtyPEAsrq2","a87db628-a5a8-4fbb-85f9-b0525694ab65","away","false","""2026-01-01T04:33:43.166Z"""
"bf6dfa91-98e1-4fe6-8de3-2df98a4d742f","HHUFVmkNFOVQRY811qCFh46cuM63","d651c81f-0354-4c35-89a3-a09c9278c406","away","true","""2025-11-05T16:48:22.348Z"""
"bf9900bd-4107-4aeb-86a1-26010a300ce0","KNCanobU7uVRwHBloZcTX4hohOD2","5714bec8-abea-4c3c-8324-92978f3b859f","away","true","""2025-10-06T20:33:28.019Z"""
"bfa6350a-9d7e-4254-b441-415cdfb67942","MrwsvsZKPwTJ4SwYnAKtyPEAsrq2","fb0bc69a-83ef-483f-a568-d6aa45758a4c","away","false","""2025-12-11T02:27:27.378Z"""
"bfb02620-d3f4-4596-9edd-75bb5851c64a","MrwsvsZKPwTJ4SwYnAKtyPEAsrq2","06166fe9-e0aa-4e3c-b84a-60851b05b11d","away","false","""2025-10-13T16:46:21.463Z"""
"c00e8c0c-a5db-4d52-b938-b1b8de19e79f","uTosuZBxPucsOAnCnHmdA3pzBlb2","ecfc4982-5331-4712-826e-28d59a35fb6c","away","true","""2025-11-18T19:09:31.785Z"""
"c04ce6fd-9bc2-4f62-848b-ce1037854d2b","MrwsvsZKPwTJ4SwYnAKtyPEAsrq2","4a2ab7be-acd4-44aa-a766-aa55f586ee8c","home","false","""2025-10-13T16:46:21.448Z"""
"c065dec2-3e21-42c2-8b08-41abe1d0516e","KNCanobU7uVRwHBloZcTX4hohOD2","3c008454-ab11-4d81-9033-2030ee4bd713","away","true","""2025-10-06T20:33:28.023Z"""
"c0675819-5887-49ee-92fe-70fec5c9161e","MrwsvsZKPwTJ4SwYnAKtyPEAsrq2","9bfe49ed-52c4-4923-94cc-6ca165d56c38","home","true","""2025-10-13T16:43:12.519Z"""
"c07adc21-7424-475e-b6e1-eeb79e7cb4a3","BQMdo8NUOgY8n0QxdUophLPMewp2","921dc171-7bd4-47fd-8a54-29eb24499a9e","home","true","""2025-10-16T00:52:51.684Z"""
"c097a989-d85c-4dc3-aa56-27fc220c76d6","5Sg3H3XuN7cEb8TLhyA8p8j3hg12","290af0a5-b885-4094-9c69-3a8024ea32da","home","true","""2025-10-30T02:37:38.475Z"""
"c0e3c723-ca51-4d8b-b3e1-f467eac69aaf","MrwsvsZKPwTJ4SwYnAKtyPEAsrq2","aa089e46-2b2b-4939-b3c0-57961a62bd42","away","false","""2025-10-13T16:48:32.111Z"""
"c0ed1578-2227-4575-bce6-9967e40408e2","MrwsvsZKPwTJ4SwYnAKtyPEAsrq2","35994b25-507c-4fec-9364-bdc6937e4a74","away","true","""2025-11-13T01:24:07.793Z"""
"c1047d3f-b6b1-425a-b573-8a67e0f32b55","fr8mqCiecfbf9coDGLRV2l3U4Ex1","bbf31f42-841a-4dc4-ae72-bfa5b5822a7c","away","false","""2025-12-24T17:05:36.329Z"""
"c12d4864-85e5-4178-8f17-c35fbb2226e5","5Sg3H3XuN7cEb8TLhyA8p8j3hg12","6a204869-e5da-4115-b689-35b74aeaa5a0","away","false","""2025-10-30T02:37:38.442Z"""
"c153c441-1941-40a5-b1f9-50d5a67281a5","MrwsvsZKPwTJ4SwYnAKtyPEAsrq2","4ca05f8d-5839-4502-a066-a827679faca5","home","false","""2025-12-03T23:38:09.307Z"""
"c192320d-e6d8-4d46-bb08-0573d9b829e8","uTosuZBxPucsOAnCnHmdA3pzBlb2","bce79cb1-ba5f-4450-82cb-9c5e4b1f8f95","home","true","""2025-10-06T23:16:39.493Z"""
"c1d14773-e29d-46a9-bae0-ce3f686c1ba7","fr8mqCiecfbf9coDGLRV2l3U4Ex1","8e66c065-1f82-4e8b-add6-e914dcb648f0","home","false","""2025-12-24T17:05:36.271Z"""
"c1f95cbb-c02b-4a41-8644-6dad0498cae2","5Sg3H3XuN7cEb8TLhyA8p8j3hg12","dc49f1ed-b904-4ec1-9a10-7544e540a3e1","away","true","""2025-11-20T02:28:45.167Z"""
"c2070a88-62a0-4c47-877f-0df156694a1e","MrwsvsZKPwTJ4SwYnAKtyPEAsrq2","af6dbb8b-7945-4286-a7ae-7e86a9a49260","home","false","""2025-10-13T16:43:12.580Z"""
"c2355f57-0e18-460a-9935-3e8a51f6d679","5Sg3H3XuN7cEb8TLhyA8p8j3hg12","b0078085-6c9d-48cc-8f30-3b217e44edaa","away","true","""2025-11-11T19:35:37.927Z"""
"c28785d6-6c9c-42e2-a932-85be2644c9a7","MrwsvsZKPwTJ4SwYnAKtyPEAsrq2","e37673f8-4ca5-4823-af52-83bfff38261c","home","false","""2025-12-17T03:21:11.548Z"""
"c29a7d85-9468-4dff-962d-540fa37ffefb","MrwsvsZKPwTJ4SwYnAKtyPEAsrq2","0d235aa7-8a1c-49a1-9b34-29246d31e6fc","home","true","""2025-10-23T01:31:36.592Z"""
"c2b490c9-7f6a-46e5-ab03-c4ef45b2f46f","KNCanobU7uVRwHBloZcTX4hohOD2","b03a5a5f-169b-4dfa-9b65-7551a928e707","away","true","""2025-12-23T15:48:55.959Z"""
"c2c15e71-e980-454e-970f-152d6c8a6271","fr8mqCiecfbf9coDGLRV2l3U4Ex1","aa089e46-2b2b-4939-b3c0-57961a62bd42","away","false","""2025-10-13T05:51:00.821Z"""
"c300cbfb-052e-4650-be20-c4ffda64963f","fr8mqCiecfbf9coDGLRV2l3U4Ex1","9052fac9-1e88-40d3-b38d-651f4d9b8baa","away","false","""2025-10-13T05:48:22.360Z"""
"c3372fa7-7f88-4f11-ab93-58f05c535e19","HHUFVmkNFOVQRY811qCFh46cuM63","c3c58ec3-2d73-43cd-9dd0-4e4fbb53458b","home","false","""2025-11-27T01:32:28.261Z"""
"c36d0317-d80a-4979-ab8f-5ad73a2a43b9","BQMdo8NUOgY8n0QxdUophLPMewp2","1d0e651a-40b2-40ca-be8a-51b133d3dbd4","home","false","""2025-10-11T14:54:09.774Z"""
"c394b89d-fe07-4310-9604-956c3fdb9bd0","HHUFVmkNFOVQRY811qCFh46cuM63","85c030e5-5532-48aa-9cf6-89ddb705fd7d","away","true","""2025-12-25T03:27:20.791Z"""
"c3a55a14-4551-4231-866f-f673f7fa02cb","MrwsvsZKPwTJ4SwYnAKtyPEAsrq2","29fb114a-3404-4532-ac55-9d558ec801df","away","true","""2025-11-27T00:46:50.626Z"""
"c3b9f854-d941-4840-91d7-82c2be3428e1","HHUFVmkNFOVQRY811qCFh46cuM63","04ae6655-cc67-4b5d-9ddd-f5a3bd678bf2","away","true","""2025-12-17T15:41:35.368Z"""
"c3ba27e9-5192-445b-82aa-8547f858b056","5Sg3H3XuN7cEb8TLhyA8p8j3hg12","83456161-43d7-4a3a-ba06-ab34769f0db6","away","true","""2025-11-27T02:35:10.992Z"""
"c3e9e9ea-b8c0-421b-81e4-29bbed5413ef","HHUFVmkNFOVQRY811qCFh46cuM63","6f834428-4d17-4f34-9f44-609b49f6cde0","home","true","""2026-01-02T06:19:39.821Z"""
"c3f7892b-20b0-4864-bdca-1d26133a2cab","HHUFVmkNFOVQRY811qCFh46cuM63","ce073ec9-a19b-440f-a4eb-99ecfe56754a","away","true","""2025-10-11T04:46:07.164Z"""
"c407a7bf-25c1-4d82-91fe-c08a37c881a1","5Sg3H3XuN7cEb8TLhyA8p8j3hg12","e02b68db-5a99-4efa-b993-8ef03a0bae22","home","true","""2025-12-02T16:43:55.790Z"""
"c40ae7b9-fd84-4abe-831e-710c50236e4d","fr8mqCiecfbf9coDGLRV2l3U4Ex1","d7ce46e4-fec6-42fd-9d17-a0c8420bc0d1","away","true","""2025-10-13T05:43:03.135Z"""
"c43833c8-e0c5-4438-bbd6-a18dc803a973","BQMdo8NUOgY8n0QxdUophLPMewp2","7192c43d-86ac-41f4-a295-4f8c93d9c895","home","true","""2025-10-11T14:54:09.738Z"""
"c43f173d-a4a6-46ca-acd2-8d14156ceb8b","MrwsvsZKPwTJ4SwYnAKtyPEAsrq2","a7911bab-2f04-4cdb-ad84-6b16a18c74f3","home","false","""2025-11-27T00:46:50.679Z"""
"c456c1d7-c9e6-451d-898b-e44fd274ab5c","fr8mqCiecfbf9coDGLRV2l3U4Ex1","6346765c-9f65-41ee-9416-f968e65c0d23","home","false","""2025-12-24T17:05:36.323Z"""
"c45fab04-0f68-4b8d-9a68-cb960886bdf0","KNCanobU7uVRwHBloZcTX4hohOD2","6a58755f-32c7-4338-8319-7ef553af4987","home","true","""2025-10-11T15:08:25.450Z"""
"c4656ed8-cca0-45f7-9e6a-72ffd963b0b5","uTosuZBxPucsOAnCnHmdA3pzBlb2","08d9d6b9-9346-42ae-babf-9d3b5bbc40c1","away","true","""2025-10-11T16:09:43.258Z"""
"c46db141-1d64-4333-b4b8-1004b5c9858e","HHUFVmkNFOVQRY811qCFh46cuM63","37a5b9e0-5c29-4478-b83b-31cb0f702086","away","true","""2025-10-11T04:35:46.494Z"""
"c47c6790-959f-4156-b2bb-5e366a9d3893","MrwsvsZKPwTJ4SwYnAKtyPEAsrq2","378eba84-9711-4e34-949d-17568364eb54","away","true","""2025-12-11T02:27:27.313Z"""
"c487448d-22b0-4c26-8143-82b8ad881083","BQMdo8NUOgY8n0QxdUophLPMewp2","0882b537-08b1-4a14-b320-02958418489e","away","true","""2025-12-25T03:44:19.662Z"""
"c495e16f-af87-4e79-956e-60c6d5834130","uTosuZBxPucsOAnCnHmdA3pzBlb2","d1634e0b-ea2d-44dd-96ef-8d43b63f69c5","away","true","""2025-12-16T20:58:46.053Z"""
"c497e10f-1af8-4718-8091-fc70b0814f77","MrwsvsZKPwTJ4SwYnAKtyPEAsrq2","b0078085-6c9d-48cc-8f30-3b217e44edaa","away","true","""2025-11-13T01:24:07.795Z"""
"c4ab927c-fca3-4ec1-a3aa-5aad5e21a777","HHUFVmkNFOVQRY811qCFh46cuM63","0a265fbc-60d0-4e8c-bfa1-150fb01880f1","away","true","""2025-12-03T23:32:03.853Z"""
"c4c2d6b6-949d-4391-8fc0-c4734b89c4c9","BQMdo8NUOgY8n0QxdUophLPMewp2","7724eb15-1bea-4896-acbd-dc3737ba014e","home","true","""2025-12-11T04:11:58.855Z"""
"c4c3f933-9af1-427b-a06e-3e14500a60d7","BQMdo8NUOgY8n0QxdUophLPMewp2","d7ce46e4-fec6-42fd-9d17-a0c8420bc0d1","away","true","""2025-10-11T14:49:26.895Z"""
"c4d53485-e64f-4aef-a416-9dcef1eaac86","BQMdo8NUOgY8n0QxdUophLPMewp2","1fc7e4a6-93c4-41b6-b74f-e54d12d7601d","home","true","""2025-12-18T03:34:05.018Z"""
"c4f9ddda-0a5a-4703-8f21-c3014a930041","BQMdo8NUOgY8n0QxdUophLPMewp2","37a5b9e0-5c29-4478-b83b-31cb0f702086","away","true","""2025-10-11T14:52:44.545Z"""
"c523b91b-04c8-44a5-b58f-e8f0a0e6cf65","MrwsvsZKPwTJ4SwYnAKtyPEAsrq2","8193b700-afa4-49d8-992e-10f2cadbae55","home","true","""2025-10-13T16:44:28.354Z"""
"c527cef0-86bf-4292-88e2-0b2d42295650","fr8mqCiecfbf9coDGLRV2l3U4Ex1","93009d60-cd8e-475b-a816-982fa70969a5","away","true","""2025-10-13T05:45:01.468Z"""
"c5291f50-2a8f-4bb6-a6ef-d07aaccec3a1","fr8mqCiecfbf9coDGLRV2l3U4Ex1","bd6ba9a9-c219-4325-a8f7-625320441738","away","false","""2025-12-24T17:05:36.296Z"""
"c534a9b3-449f-480c-b86a-e877faf3f44b","uTosuZBxPucsOAnCnHmdA3pzBlb2","d176cfb2-3623-4172-b708-fa83d68a5e6b","home","false","""2025-12-23T20:19:36.677Z"""
"c54dcd4f-c360-4996-8d6c-0719ca387f31","BQMdo8NUOgY8n0QxdUophLPMewp2","522815a0-4205-44ff-b092-19e05729c816","away","false","""2025-10-11T14:55:34.747Z"""
"c5523de8-7218-4393-a84c-f00364c7d006","uTosuZBxPucsOAnCnHmdA3pzBlb2","9f5a2821-a4c7-4c30-9043-c6ed1c73a505","away","true","""2025-12-16T20:58:45.502Z"""
"c57c38c0-cb96-4bb1-a8ea-3943ca8b5705","BQMdo8NUOgY8n0QxdUophLPMewp2","e0e04637-9693-42aa-a826-ec4a7571ed70","away","false","""2025-10-11T14:54:09.756Z"""
"c57f0e2f-d65c-46a2-ac65-3e98c534a87b","HHUFVmkNFOVQRY811qCFh46cuM63","9fa9610c-daa9-4022-8c64-fcaca6c446c9","away","false","""2025-10-23T00:09:53.225Z"""
"c593b888-1659-42f4-8aaa-f2a83d1c1327","fr8mqCiecfbf9coDGLRV2l3U4Ex1","a16ca003-0e3a-4f47-9e7a-55e80da8aced","away","false","""2025-10-13T05:51:00.807Z"""
"c5a5ca10-b2c5-4bec-b996-9a35b00108dc","fr8mqCiecfbf9coDGLRV2l3U4Ex1","102b51be-41f2-4990-b2f0-894f6667fe87","away","true","""2025-10-30T00:37:14.823Z"""
"c5cbad1f-2c0f-405f-93bc-9e4bab41ec9a","uTosuZBxPucsOAnCnHmdA3pzBlb2","15eb92cf-99f9-458a-859c-1161b5f5e81c","away","false","""2025-10-06T23:16:39.325Z"""
"c5da44f1-1cd4-4214-bdea-8dccf7d549b2","KNCanobU7uVRwHBloZcTX4hohOD2","c3c58ec3-2d73-43cd-9dd0-4e4fbb53458b","home","false","""2025-11-25T17:25:25.348Z"""
"c5dff195-583e-4b83-bdec-040a6878525d","KNCanobU7uVRwHBloZcTX4hohOD2","d87ea987-47bb-4fb4-aaf3-04d87be2df6d","home","true","""2025-12-16T16:11:50.201Z"""
"c5f94ac7-0b7c-4220-b374-8e05a8b32194","HHUFVmkNFOVQRY811qCFh46cuM63","2d3f4557-1a00-4b80-b782-bbb441db6139","away","false","""2025-10-11T04:39:09.451Z"""
"c64e5bd9-19c3-4b70-b72b-e5160fc4fc7e","MrwsvsZKPwTJ4SwYnAKtyPEAsrq2","cdc2a856-e7e5-41aa-8abb-8394a460ad50","home","false","""2025-10-13T16:46:19.629Z"""
"c6bfcf91-60f6-4568-987a-bc28b0a7cc5f","KNCanobU7uVRwHBloZcTX4hohOD2","e0e04637-9693-42aa-a826-ec4a7571ed70","away","false","""2025-10-11T15:08:25.877Z"""
"c6c139db-c6c2-4931-a2a4-2e54da8f6cf6","fr8mqCiecfbf9coDGLRV2l3U4Ex1","dad9a672-eb43-46ec-8ae2-3002a5e40677","away","false","""2025-12-09T18:54:43.490Z"""
"c6c20860-8c46-433f-9e6e-da750d4bff54","uTosuZBxPucsOAnCnHmdA3pzBlb2","dd7fd87e-bfc9-4a18-8c64-adb4886065c2","away","false","""2025-12-02T21:16:51.966Z"""
"c6d4c421-6b1b-4aad-bfe8-6ffb8ac76561","BQMdo8NUOgY8n0QxdUophLPMewp2","fb0bc69a-83ef-483f-a568-d6aa45758a4c","away","false","""2025-12-11T04:11:58.917Z"""
"c709366b-62bc-4a0f-8c96-2c633cec2145","HHUFVmkNFOVQRY811qCFh46cuM63","9dff992f-1ac3-45d2-80a8-96e745368797","away","true","""2025-12-25T03:27:20.797Z"""
"c7203788-47d3-4862-bda1-3d5f02082a5b","MrwsvsZKPwTJ4SwYnAKtyPEAsrq2","d8e096b9-3c57-4c9d-9ae7-68d7610c2198","home","false","""2025-12-03T23:38:09.272Z"""
"c72e6f9c-3ac1-4833-8904-21a667c56765","MrwsvsZKPwTJ4SwYnAKtyPEAsrq2","10c1ffc4-560d-4e34-a5eb-6473b8948b65","home","true","""2025-11-13T01:24:07.807Z"""
"c7559fa8-0bca-47ed-a26d-5f3fe1f58adc","KNCanobU7uVRwHBloZcTX4hohOD2","14cc7702-0f7d-4760-8692-4239170d4bde","home","true","""2025-10-11T15:06:13.048Z"""
"c7bee286-70bf-4959-8886-bf094475d76b","KNCanobU7uVRwHBloZcTX4hohOD2","35994b25-507c-4fec-9364-bdc6937e4a74","home","false","""2025-11-11T16:23:15.729Z"""
"c7e6e538-2957-4f8d-b370-f8ed87d3cc24","fr8mqCiecfbf9coDGLRV2l3U4Ex1","f36c055f-4d4f-4845-9c32-8fd81f510cc0","away","true","""2025-12-31T18:30:17.442Z"""
"c7ffbb49-3962-4884-8431-3557d5c626e2","HHUFVmkNFOVQRY811qCFh46cuM63","cdc2a856-e7e5-41aa-8abb-8394a460ad50","home","false","""2025-10-11T04:41:16.057Z"""
"c8045e93-51d4-4c26-b16c-3a57c5c5c19b","fr8mqCiecfbf9coDGLRV2l3U4Ex1","d9ef7df6-8d61-4b7f-bc4e-e6c7167d33ea","home","true","""2025-12-24T17:05:36.325Z"""
"c806e519-a427-4887-a2ca-dcc521b01ec2","HHUFVmkNFOVQRY811qCFh46cuM63","dd9a201c-fdc7-42b6-a804-da710d30b4fb","away","false","""2026-01-02T06:19:39.814Z"""
"c82a5d79-3f34-4aae-af97-f4a8a665a92e","5Sg3H3XuN7cEb8TLhyA8p8j3hg12","b1ef955b-aeb7-460b-82e7-fe71169a7923","away","true","""2025-11-06T03:11:58.037Z"""
"c83a8d79-c74e-407c-bb86-a65ac50f8217","KNCanobU7uVRwHBloZcTX4hohOD2","cdc2a856-e7e5-41aa-8abb-8394a460ad50","away","true","""2025-10-11T15:09:38.736Z"""
"c83b9d54-dcde-4197-b6f8-f941310edd84","uTosuZBxPucsOAnCnHmdA3pzBlb2","a25f6c8c-9b74-4a65-8af1-6345e044fe94","home","true","""2025-11-18T19:09:31.785Z"""
"c84c5ce5-f63d-4536-815b-708bb260faaf","uTosuZBxPucsOAnCnHmdA3pzBlb2","35994b25-507c-4fec-9364-bdc6937e4a74","away","true","""2025-11-11T16:11:13.295Z"""
"c89e7519-b6a5-41bb-9356-02c56d08ad68","fr8mqCiecfbf9coDGLRV2l3U4Ex1","ff74829e-0197-476d-a27f-7c3df0946120","home","true","""2025-10-30T00:37:14.860Z"""
"c91a493d-cf12-4a18-9dd1-d2283f46f934","MrwsvsZKPwTJ4SwYnAKtyPEAsrq2","03452ff1-f0d2-4e79-b52f-dbe07de90710","home","true","""2025-10-23T01:31:36.627Z"""
"c9247603-a0f3-4bb4-b9b7-58e0031cecd5","5Sg3H3XuN7cEb8TLhyA8p8j3hg12","fca266c3-8458-4a37-aac3-9026491e158b","home","false","""2025-12-02T16:43:55.721Z"""
"c9284b4c-e6b6-4ceb-b439-d3fdd96557b6","uTosuZBxPucsOAnCnHmdA3pzBlb2","d3ac1372-895d-4214-91b0-8990c81c763e","away","true","""2025-11-18T19:09:31.801Z"""
"c955a011-3297-40b5-a5da-2dcba3abb39f","HHUFVmkNFOVQRY811qCFh46cuM63","d1634e0b-ea2d-44dd-96ef-8d43b63f69c5","away","true","""2025-12-17T15:41:35.363Z"""
"c978a70b-3115-46e5-a636-26e9f2ed171b","MrwsvsZKPwTJ4SwYnAKtyPEAsrq2","4f0c816a-d397-41ba-a8d5-51e1c8b4830c","away","true","""2025-12-17T03:21:11.617Z"""
"c978b184-8143-4d56-a8da-8ffe016d536c","5Sg3H3XuN7cEb8TLhyA8p8j3hg12","dd397b62-ab95-43f5-8ae9-6d2e8d0ad988","home","true","""2025-12-09T18:58:20.536Z"""
"c9d96f99-58c4-43f6-805a-65027818de25","uTosuZBxPucsOAnCnHmdA3pzBlb2","ce993454-eab0-4e59-af3b-f096423d36b2","away","true","""2025-10-11T16:07:45.668Z"""
"ca1089c0-5d35-4a7b-98a5-37c5bce45f2c","5Sg3H3XuN7cEb8TLhyA8p8j3hg12","6a0d84af-ac95-4d3d-a3c2-149169507d04","home","false","""2025-10-22T16:45:03.229Z"""
"ca1cee92-5fe2-4eeb-9137-cdd138a548d2","KNCanobU7uVRwHBloZcTX4hohOD2","2090fc33-4cd3-45a5-afb4-72ea85a2fac1","home","true","""2025-10-06T20:33:28.095Z"""
"ca75b2b5-3b5b-4746-8509-64c748a4233b","MrwsvsZKPwTJ4SwYnAKtyPEAsrq2","599ad8ed-dcbd-4d6f-af96-bf0df84a1e46","away","true","""2025-10-13T16:47:30.315Z"""
"cacc4214-f9d0-40d6-8aea-863b5b991a92","5Sg3H3XuN7cEb8TLhyA8p8j3hg12","d1634e0b-ea2d-44dd-96ef-8d43b63f69c5","home","false","""2025-12-18T03:37:52.127Z"""
"cad5396a-1035-43a8-936f-c7f8035992e6","BQMdo8NUOgY8n0QxdUophLPMewp2","00a25211-2151-49de-96dd-eecb1280c2e4","home","true","""2025-11-26T03:40:12.482Z"""
"cb37975c-8533-455f-a988-f177a6c8ae80","KNCanobU7uVRwHBloZcTX4hohOD2","68a478b0-50fe-4165-9e6a-5e09752aa9e6","home","false","""2025-10-28T15:54:57.331Z"""
"cb3a308b-c118-4c2c-9cee-264adf3c68de","fr8mqCiecfbf9coDGLRV2l3U4Ex1","3324e314-b033-45e3-9071-5f0ee73511f3","home","true","""2025-10-15T23:46:56.109Z"""
"cb86757b-e7eb-415d-bc49-84f89e28fb5d","BQMdo8NUOgY8n0QxdUophLPMewp2","8ae1db88-b0f8-45a7-8efb-626b272c99e9","home","true","""2025-10-11T14:55:35.638Z"""
"cba6d735-b7f9-4fd4-ab01-ed0eedc77a5d","5Sg3H3XuN7cEb8TLhyA8p8j3hg12","7b0cf584-001d-446a-ac68-ac81dd891f67","away","true","""2025-11-20T02:28:45.209Z"""
"cbce8742-37eb-4499-9b30-ab26a3fd99fd","MrwsvsZKPwTJ4SwYnAKtyPEAsrq2","a62a935d-3582-4ca9-b30e-9a62d9ad5518","away","true","""2025-10-13T16:43:12.530Z"""
"cc0cce90-4c7d-428a-968f-c8094a4772a0","5Sg3H3XuN7cEb8TLhyA8p8j3hg12","fb0bc69a-83ef-483f-a568-d6aa45758a4c","away","false","""2025-12-09T18:58:20.584Z"""
"cc473899-cbd0-476f-a989-9bdb22bd0de5","5Sg3H3XuN7cEb8TLhyA8p8j3hg12","30faaa86-dc68-4696-87be-97baea9a53e3","home","true","""2025-11-06T03:11:57.981Z"""
"cc69286f-0207-4f30-b4b2-fc28cc7cc8e3","KNCanobU7uVRwHBloZcTX4hohOD2","4a2ab7be-acd4-44aa-a766-aa55f586ee8c","home","false","""2025-10-11T15:09:38.782Z"""
"cc7e4536-9aad-4d4e-9e92-794fd6653b4e","HHUFVmkNFOVQRY811qCFh46cuM63","10c1ffc4-560d-4e34-a5eb-6473b8948b65","home","true","""2025-11-12T03:58:38.984Z"""
"cc81b98c-45ee-4366-a7db-88bbdb72b63f","5Sg3H3XuN7cEb8TLhyA8p8j3hg12","68a478b0-50fe-4165-9e6a-5e09752aa9e6","away","true","""2025-10-30T02:37:38.432Z"""
"cc88920e-8f4f-4650-b49e-889dca02f402","HHUFVmkNFOVQRY811qCFh46cuM63","da5986d0-a029-4174-b078-fdbd8b3cfaa6","away","false","""2025-12-25T03:27:20.736Z"""
"ccc29fae-8395-4a85-a181-bdc88f40e7ed","KNCanobU7uVRwHBloZcTX4hohOD2","8ae1db88-b0f8-45a7-8efb-626b272c99e9","home","true","""2025-10-11T15:09:38.782Z"""
"ccca79c0-cfe5-4ba1-a833-b00f8221dcfc","fr8mqCiecfbf9coDGLRV2l3U4Ex1","6a204869-e5da-4115-b689-35b74aeaa5a0","away","false","""2025-10-30T00:37:14.867Z"""
"ccccccee-1e41-4e0f-8c21-7841a0033ffa","BQMdo8NUOgY8n0QxdUophLPMewp2","f674cdc8-d2b1-4245-bef2-80b83f704fe7","away","false","""2025-10-11T14:49:26.897Z"""
"cd424b8d-f467-4b38-aa12-ad32ccf34d37","KNCanobU7uVRwHBloZcTX4hohOD2","01b38b62-0eeb-482b-ba65-10d5468a0d1a","home","true","""2025-11-11T16:23:15.772Z"""
"cd56fe3e-1152-44b1-9b24-f7c227b6f31b","MrwsvsZKPwTJ4SwYnAKtyPEAsrq2","b240d41c-2aa9-4b7a-be70-fd2e6518084b","home","true","""2025-10-23T01:31:36.626Z"""
"cdda10fd-d9db-4d98-851c-852f0b17e80f","HHUFVmkNFOVQRY811qCFh46cuM63","a51a67fc-2c2b-4674-8ae1-3505c1374a2c","home","false","""2026-01-02T06:19:39.808Z"""
"ce6d7b75-aae0-4032-856e-7ac49a107f5d","HHUFVmkNFOVQRY811qCFh46cuM63","fc97303d-62cd-4a93-b698-210297cd3ec1","home","true","""2025-10-11T04:32:32.871Z"""
"cea7e02a-e15e-43db-995c-52650869c3f2","uTosuZBxPucsOAnCnHmdA3pzBlb2","009a2f6f-c791-4f7c-80a2-61e12cd49ce0","away","false","""2025-10-11T16:05:19.863Z"""
"cea850ee-cf26-4352-bf8b-6c9b94a32703","HHUFVmkNFOVQRY811qCFh46cuM63","bce79cb1-ba5f-4450-82cb-9c5e4b1f8f95","home","true","""2025-10-11T04:46:06.938Z"""
"ced7f27a-0e87-4d20-9639-942b227d31b6","HHUFVmkNFOVQRY811qCFh46cuM63","91e343a1-9aed-41c9-a2dd-138c9b70a854","away","true","""2025-11-27T01:32:28.225Z"""
"cf12f90e-61c0-4d55-9119-82a75eaf217d","5Sg3H3XuN7cEb8TLhyA8p8j3hg12","8dc1d7d8-3f47-445e-9d17-168f1c4e8ab2","home","false","""2025-12-09T18:58:20.578Z"""
"cf395eae-ee19-44ed-804f-e1be2addecba","5Sg3H3XuN7cEb8TLhyA8p8j3hg12","213f1589-9833-4ae3-b0f7-0f7364bae188","home","true","""2025-10-13T05:33:24.490Z"""
"cfd6d51f-b5b4-4b39-a84b-731a8e4a6458","5Sg3H3XuN7cEb8TLhyA8p8j3hg12","e5f5592c-6f29-4f54-91fd-f482091aa68d","home","true","""2025-10-15T17:10:02.690Z"""
"d0078daa-2954-4bf2-8efd-daecf163cf70","fr8mqCiecfbf9coDGLRV2l3U4Ex1","6b0872bf-a289-43e7-bc27-be771751ed95","away","false","""2025-12-18T03:18:03.358Z"""
"d00bcd74-a2ed-439c-8da9-e6331ef30792","KNCanobU7uVRwHBloZcTX4hohOD2","a51a67fc-2c2b-4674-8ae1-3505c1374a2c","away","true","""2026-01-01T21:09:52.974Z"""
"d03c72d5-39aa-40ca-889c-568df1633236","KNCanobU7uVRwHBloZcTX4hohOD2","80684a75-8cb4-4a6a-92f4-850b95158aa1","home","false","""2025-10-11T15:06:13.031Z"""
"d0b2b901-8911-4177-aa5b-33e4b53c7862","5Sg3H3XuN7cEb8TLhyA8p8j3hg12","394218dd-01fb-496f-86c8-9c8a1a2f1a08","away","false","""2025-10-15T17:10:00.987Z"""
"d0c213d2-5774-49c1-95cf-04632dac6ecd","KNCanobU7uVRwHBloZcTX4hohOD2","d7ce46e4-fec6-42fd-9d17-a0c8420bc0d1","home","false","""2025-10-11T04:21:21.029Z"""
"d0dd921c-2e9a-4357-84b7-a9f26985218a","5Sg3H3XuN7cEb8TLhyA8p8j3hg12","ce073ec9-a19b-440f-a4eb-99ecfe56754a","away","true","""2025-10-13T05:34:49.269Z"""
"d0e7959e-7b51-4fe4-a752-c3989ec1ccd5","fr8mqCiecfbf9coDGLRV2l3U4Ex1","acc50154-acf6-497e-bd33-a0e21dc297d2","away","true","""2025-10-13T05:46:46.054Z"""
"d0ebc1d8-72e0-4244-8e8b-a0a06b731d65","HHUFVmkNFOVQRY811qCFh46cuM63","051cd2bf-649c-4ec3-b1a2-f1260e37a178","away","true","""2025-11-05T16:48:22.304Z"""
"d0efd4f5-7371-464d-958d-83f668e4e683","HHUFVmkNFOVQRY811qCFh46cuM63","08d9d6b9-9346-42ae-babf-9d3b5bbc40c1","away","true","""2025-10-11T04:43:21.382Z"""
"d0f0077f-b3f8-4493-83f4-8b29586ba16a","uTosuZBxPucsOAnCnHmdA3pzBlb2","7724eb15-1bea-4896-acbd-dc3737ba014e","home","true","""2025-12-09T19:52:27.637Z"""
"d1090853-808c-4199-8170-017ed672b628","KNCanobU7uVRwHBloZcTX4hohOD2","6e43e081-5eb6-413d-8860-b70c89ea761f","home","true","""2025-10-06T20:38:17.431Z"""
"d1209dca-ba5c-4ec9-aa25-f68a1ec17ed8","HHUFVmkNFOVQRY811qCFh46cuM63","fb0bc69a-83ef-483f-a568-d6aa45758a4c","away","false","""2025-12-10T01:12:52.118Z"""
"d120bf2d-4d53-4722-b80f-582b3029a289","HHUFVmkNFOVQRY811qCFh46cuM63","dd397b62-ab95-43f5-8ae9-6d2e8d0ad988","home","true","""2025-12-10T01:12:52.158Z"""
"d121a80c-5688-4af0-8763-68e0469c8436","fr8mqCiecfbf9coDGLRV2l3U4Ex1","02a74aac-db07-4ef6-9008-16ab15999c67","away","false","""2025-12-31T18:30:17.412Z"""
"d149976b-dcff-4e1e-9fae-63437788e40d","KNCanobU7uVRwHBloZcTX4hohOD2","28d1bb5a-b58b-4999-967d-e88f6ee87dfd","away","false","""2025-10-06T20:38:17.368Z"""
"d14fcd7b-e91e-473f-873c-5ad649197676","uTosuZBxPucsOAnCnHmdA3pzBlb2","29fb114a-3404-4532-ac55-9d558ec801df","away","true","""2025-11-25T20:11:42.023Z"""
"d1bbaf92-dda0-4658-bffc-e2f115bb7f5d","BQMdo8NUOgY8n0QxdUophLPMewp2","cc57c375-e432-430f-ad82-96dd242cd3b7","home","true","""2025-10-23T01:28:37.834Z"""
"d1bf87a1-5d2e-4668-8914-4f78b8b4cfdb","5Sg3H3XuN7cEb8TLhyA8p8j3hg12","37c2791d-e4f9-4c07-8559-0f0e8b3afb1f","away","false","""2025-12-02T16:43:55.753Z"""
"d1c5dd28-a76c-4ab2-89a2-b0ff66b236c6","MrwsvsZKPwTJ4SwYnAKtyPEAsrq2","ab3a431d-296f-4614-90ce-ca0b44beccde","home","true","""2025-12-03T23:38:09.282Z"""
"d1fa9e3f-1727-4fc1-93d7-045b0f37fb2f","BQMdo8NUOgY8n0QxdUophLPMewp2","6f834428-4d17-4f34-9f44-609b49f6cde0","away","false","""2026-01-03T04:39:38.741Z"""
"d1fc7d81-c4f1-43d9-9ad2-c0f37e5aa1cd","uTosuZBxPucsOAnCnHmdA3pzBlb2","32207c4d-7e2d-4c98-b5b3-96ca4d5dec98","away","false","""2025-11-25T20:11:42.054Z"""
"d228bc83-35a6-445e-9fd3-cd17fb091470","BQMdo8NUOgY8n0QxdUophLPMewp2","f36c055f-4d4f-4845-9c32-8fd81f510cc0","away","true","""2026-01-03T04:39:38.699Z"""
"d28b4def-76b1-4450-8606-d7183557575f","5Sg3H3XuN7cEb8TLhyA8p8j3hg12","252e5dd1-8b22-4b1c-a0d4-4e4368c2a566","home","true","""2025-12-02T16:43:55.733Z"""
"d2f888ee-660f-44eb-aa04-2f0b8039dd0b","KNCanobU7uVRwHBloZcTX4hohOD2","213f1589-9833-4ae3-b0f7-0f7364bae188","home","true","""2025-10-11T15:11:33.394Z"""
"d301dae8-ed65-4f88-a3ee-18c83097419a","uTosuZBxPucsOAnCnHmdA3pzBlb2","2d07aaab-8152-443c-aaf1-ba51bd7519be","away","false","""2025-11-18T19:09:31.789Z"""
"d31e4008-b07d-458b-b1db-19c2ed59469e","BQMdo8NUOgY8n0QxdUophLPMewp2","acc50154-acf6-497e-bd33-a0e21dc297d2","away","true","""2025-10-11T14:54:09.799Z"""
"d339aaf6-8391-4596-983a-e225898a3b8f","uTosuZBxPucsOAnCnHmdA3pzBlb2","45fd0527-9747-46ac-b550-c25ae846eea2","home","true","""2025-11-18T19:09:31.833Z"""
"d33b4017-0bbb-4463-a3e7-d5a8e6201b81","BQMdo8NUOgY8n0QxdUophLPMewp2","08c4b8dc-3f26-473f-bd1b-c3394daa3de7","home","true","""2025-11-13T04:17:56.765Z"""
"d354c011-62be-4aab-a6aa-9f344bb23178","HHUFVmkNFOVQRY811qCFh46cuM63","5fff642f-22ef-4c52-bdc8-86c57876f1f7","home","true","""2025-12-10T01:12:52.136Z"""
"d3741210-1e19-4142-b4a9-bdb8a7b3ab9c","uTosuZBxPucsOAnCnHmdA3pzBlb2","b1092853-be4e-4bb7-beef-85df31d31fc6","home","true","""2025-10-11T16:05:19.869Z"""
"d37ef162-b3ff-44a3-8efe-9ce279bef8e9","HHUFVmkNFOVQRY811qCFh46cuM63","fda6adfe-f6c2-45bd-89c9-a2bba460cce1","away","true","""2025-10-28T19:41:41.128Z"""
"d3cb4785-42c8-4c6e-b33d-5a286b28e4f3","5Sg3H3XuN7cEb8TLhyA8p8j3hg12","49d8e640-2e08-4f01-9070-eeaf14a1c5be","home","false","""2025-10-15T17:10:02.697Z"""
"d422ab7b-5210-4bd7-8ce0-3c20a2aa7187","uTosuZBxPucsOAnCnHmdA3pzBlb2","d9ef7df6-8d61-4b7f-bc4e-e6c7167d33ea","home","true","""2025-12-23T20:19:36.692Z"""
"d426d248-8308-472e-af43-2463b4db1306","BQMdo8NUOgY8n0QxdUophLPMewp2","3acf4b39-ba12-4d6d-83a6-8845117be627","home","false","""2025-10-11T14:56:50.287Z"""
"d45f9e27-1525-4719-803d-b4b8f7f32a60","KNCanobU7uVRwHBloZcTX4hohOD2","37c2791d-e4f9-4c07-8559-0f0e8b3afb1f","away","false","""2025-12-02T16:21:10.756Z"""
"d4f7986e-4220-4514-be8d-e1e0ad508b60","uTosuZBxPucsOAnCnHmdA3pzBlb2","522815a0-4205-44ff-b092-19e05729c816","away","false","""2025-10-11T16:08:42.256Z"""
"d4f96213-5ce1-4714-abde-68f80a58ed09","KNCanobU7uVRwHBloZcTX4hohOD2","2657802c-1ec7-4932-bf94-0e13a5d42e8e","home","false","""2025-10-11T15:11:33.438Z"""
"d51bf53b-0002-4e9f-beeb-e4d687c99213","BQMdo8NUOgY8n0QxdUophLPMewp2","9cb4ecef-38cd-46a4-a2c2-d997f52400d7","home","false","""2025-10-30T03:07:44.209Z"""
"d51bfa7c-d7fb-4a23-9355-8772b96c7b59","5Sg3H3XuN7cEb8TLhyA8p8j3hg12","37a5b9e0-5c29-4478-b83b-31cb0f702086","away","true","""2025-10-13T05:27:55.040Z"""
"d51c4de1-a2d9-4533-ae42-036674b6114c","HHUFVmkNFOVQRY811qCFh46cuM63","07c1c591-1e75-4628-b226-5d972e01c7e0","home","true","""2025-12-25T03:27:20.798Z"""
"d522ff3f-01e4-4170-8254-4d8f8d49c335","MrwsvsZKPwTJ4SwYnAKtyPEAsrq2","6bfceca8-47b4-4e37-98f0-5183061d6da4","home","false","""2025-10-13T16:47:30.277Z"""
"d529c1dd-b37b-4735-986e-4a9a1acb6952","5Sg3H3XuN7cEb8TLhyA8p8j3hg12","af7bfc60-3b99-43a6-a2a3-d1c14ac8c404","away","false","""2025-10-13T05:30:01.684Z"""
"d5364fdd-9e72-43c0-ad90-e21b99a6afcf","BQMdo8NUOgY8n0QxdUophLPMewp2","ab3a431d-296f-4614-90ce-ca0b44beccde","away","false","""2025-12-04T03:57:32.779Z"""
"d53bbd3a-f876-47ef-b275-1b88bba999cc","BQMdo8NUOgY8n0QxdUophLPMewp2","dad9a672-eb43-46ec-8ae2-3002a5e40677","away","false","""2025-12-11T04:11:58.855Z"""
"d55bd631-5e4f-4113-8e43-ceb38c42d6ee","KNCanobU7uVRwHBloZcTX4hohOD2","9bfe49ed-52c4-4923-94cc-6ca165d56c38","home","true","""2025-10-11T15:06:13.055Z"""
"d5c3d5e8-9a79-41b5-941c-15c6cd2eef61","MrwsvsZKPwTJ4SwYnAKtyPEAsrq2","bbf31f42-841a-4dc4-ae72-bfa5b5822a7c","away","false","""2025-12-24T22:42:46.769Z"""
"d5c4b6bf-373b-4835-aef3-e2765bc012ec","uTosuZBxPucsOAnCnHmdA3pzBlb2","051cd2bf-649c-4ec3-b1a2-f1260e37a178","home","false","""2025-11-04T20:38:13.563Z"""
"d5fd144a-5f49-4752-895c-e85a474c660f","BQMdo8NUOgY8n0QxdUophLPMewp2","cd1f1d0a-7194-49c7-af9c-afc86b7933a0","home","true","""2025-11-26T03:40:12.553Z"""
"d626c960-0f21-4618-954b-76c13ae6ec66","HHUFVmkNFOVQRY811qCFh46cuM63","bd96cfc7-07f3-421c-a0b3-7385c401f0c3","home","true","""2025-11-12T03:58:38.959Z"""
"d6465814-41c0-42a0-ab0f-8fb2082f58f3","uTosuZBxPucsOAnCnHmdA3pzBlb2","908a0a02-d9c1-4ae0-8abf-d47210acc562","away","true","""2025-10-22T15:35:15.901Z"""
"d6539c44-d94b-4aad-a4e4-9db8d9c883db","uTosuZBxPucsOAnCnHmdA3pzBlb2","6a204869-e5da-4115-b689-35b74aeaa5a0","away","false","""2025-10-28T15:10:00.325Z"""
"d686d183-bcdf-433d-b794-c17e1baebaff","5Sg3H3XuN7cEb8TLhyA8p8j3hg12","d3ab96b4-607f-42c7-83e8-f9276484b515","home","false","""2025-10-22T16:45:03.203Z"""
"d6908b42-670d-42b6-8a90-ce2c1dcf9803","5Sg3H3XuN7cEb8TLhyA8p8j3hg12","a414c339-c5ca-4763-8e61-98117721b036","away","true","""2026-01-01T21:41:19.051Z"""
"d6b4939d-651f-4a2b-b1af-8132baa68b16","BQMdo8NUOgY8n0QxdUophLPMewp2","1b827358-ad04-4acd-8e1a-5b78ec0b6fd8","home","true","""2025-12-04T03:57:32.768Z"""
"d6b9cc57-44c3-4c2d-97c5-c8b18772fd4d","HHUFVmkNFOVQRY811qCFh46cuM63","af7bfc60-3b99-43a6-a2a3-d1c14ac8c404","away","false","""2025-10-11T04:39:09.505Z"""
"d6e8efb6-7339-467e-a7c2-75d98761ce8f","BQMdo8NUOgY8n0QxdUophLPMewp2","da5986d0-a029-4174-b078-fdbd8b3cfaa6","away","false","""2025-12-25T03:44:19.669Z"""
"d7120429-c208-4d7a-bf0e-e90022312a21","BQMdo8NUOgY8n0QxdUophLPMewp2","2a9b8f7c-f239-445d-8eec-3ed24ff5f2ef","home","true","""2025-10-11T14:54:09.759Z"""
"d7187e16-d223-4a2d-aba1-1237f38e0c80","uTosuZBxPucsOAnCnHmdA3pzBlb2","e816fba3-9d10-47db-8ecb-46631a5d2e0a","home","true","""2026-01-01T21:46:43.740Z"""
"d73fce63-5536-4747-89d7-aafe6e89b6f6","5Sg3H3XuN7cEb8TLhyA8p8j3hg12","901a2cb5-6d93-473f-a85e-08299818412e","home","true","""2026-01-01T21:41:19.116Z"""
"d7463da7-99e2-4d88-88e2-78f445d6547d","HHUFVmkNFOVQRY811qCFh46cuM63","9450763b-6a2d-412f-a2ca-813f3f895037","away","true","""2025-10-23T00:09:53.219Z"""
"d74bc349-5c0a-4356-8391-9f1e01947f6e","BQMdo8NUOgY8n0QxdUophLPMewp2","051cd2bf-649c-4ec3-b1a2-f1260e37a178","home","false","""2025-11-06T04:09:36.971Z"""
"d7aa3abb-97a5-49a0-a097-c17cee90c8f5","uTosuZBxPucsOAnCnHmdA3pzBlb2","2a9b8f7c-f239-445d-8eec-3ed24ff5f2ef","home","true","""2025-10-11T16:07:45.667Z"""
"d7c6cccd-3101-4cff-8012-cf56902557a2","uTosuZBxPucsOAnCnHmdA3pzBlb2","797236fe-612e-442c-8ea5-d6e36abc1d1c","away","true","""2025-10-28T15:10:00.348Z"""
"d7d898ae-5d8d-4d8e-a2c1-20ec60f5e404","5Sg3H3XuN7cEb8TLhyA8p8j3hg12","cb3db559-8d6f-4c84-b79c-075eca54aa81","away","false","""2025-10-13T05:31:33.730Z"""
"d8271f88-748d-473f-9cf6-687d5e56bfdb","uTosuZBxPucsOAnCnHmdA3pzBlb2","5f4240e5-9bb6-45c9-a004-5dca2076b2c1","home","true","""2025-10-11T16:06:31.225Z"""
"d8892d58-1e39-475c-9ca3-54c0268e7b6e","fr8mqCiecfbf9coDGLRV2l3U4Ex1","5714bec8-abea-4c3c-8324-92978f3b859f","away","true","""2025-10-13T05:51:00.773Z"""
"d90ac955-aa62-4a70-83a4-aae58997cf7b","uTosuZBxPucsOAnCnHmdA3pzBlb2","8ae1db88-b0f8-45a7-8efb-626b272c99e9","home","true","""2025-10-11T16:08:42.310Z"""
"d91fe6fa-4315-4efb-a0bb-b43f34f6ed50","KNCanobU7uVRwHBloZcTX4hohOD2","f36c055f-4d4f-4845-9c32-8fd81f510cc0","home","false","""2026-01-01T21:09:52.924Z"""
"d9234b69-9d45-436f-8327-f3359350a64a","BQMdo8NUOgY8n0QxdUophLPMewp2","464f83cd-076d-4273-9416-effd35e804b4","away","false","""2025-11-06T04:09:36.969Z"""
"d979534f-d1ea-4fa3-95c9-2993343a9380","MrwsvsZKPwTJ4SwYnAKtyPEAsrq2","213f1589-9833-4ae3-b0f7-0f7364bae188","home","true","""2025-10-13T16:47:30.314Z"""
"d9913ec2-c7b1-4502-8163-e341883965cc","KNCanobU7uVRwHBloZcTX4hohOD2","4ad7c6d7-e225-44c7-b3c2-172d28e9fda3","home","true","""2025-10-28T15:54:57.367Z"""
"d99530dc-c727-47f6-b8c1-c1d428df373c","uTosuZBxPucsOAnCnHmdA3pzBlb2","4f0c816a-d397-41ba-a8d5-51e1c8b4830c","away","true","""2025-12-16T20:58:46.494Z"""
"d9ad3834-b4ec-4526-bd2b-3b574191eba6","5Sg3H3XuN7cEb8TLhyA8p8j3hg12","c3c58ec3-2d73-43cd-9dd0-4e4fbb53458b","home","false","""2025-11-27T02:35:10.961Z"""
"d9aeada9-07a6-4aa9-a92c-ed8ae21ee373","MrwsvsZKPwTJ4SwYnAKtyPEAsrq2","fca266c3-8458-4a37-aac3-9026491e158b","home","false","""2025-12-03T23:38:09.280Z"""
"d9e4cd80-a5d7-4a1b-ae5a-f000be0b2e42","HHUFVmkNFOVQRY811qCFh46cuM63","89180e44-0ffa-4572-8b0b-2f6d51f6d0a1","home","true","""2025-10-11T04:41:16.011Z"""
"da05dad2-3b3e-4733-bf26-51c33d2bfd1c","uTosuZBxPucsOAnCnHmdA3pzBlb2","f674cdc8-d2b1-4245-bef2-80b83f704fe7","home","true","""2025-10-11T16:05:19.884Z"""
"da9e8b2f-4a49-4c6b-9baf-0a3576fcbfa1","KNCanobU7uVRwHBloZcTX4hohOD2","536a6cc2-537d-4b28-9a57-14b66bad4c54","home","true","""2025-10-11T15:11:33.409Z"""
"dac631fa-c671-436c-bc0e-7d6a85966724","HHUFVmkNFOVQRY811qCFh46cuM63","1b827358-ad04-4acd-8e1a-5b78ec0b6fd8","home","true","""2025-12-03T23:32:03.804Z"""
"daf9baab-0e79-4889-b91f-7f8b4660b08b","fr8mqCiecfbf9coDGLRV2l3U4Ex1","32433f34-bebd-4ec5-9164-9ae012728dff","home","true","""2025-10-13T05:46:46.108Z"""
"db038b09-ca0a-4529-8a7e-2192c09cb7ea","BQMdo8NUOgY8n0QxdUophLPMewp2","b240d41c-2aa9-4b7a-be70-fd2e6518084b","home","true","""2025-10-23T01:28:37.997Z"""
"db0a422f-ad86-4eee-a887-5eaebae81471","MrwsvsZKPwTJ4SwYnAKtyPEAsrq2","ec48d4f9-2a97-44e9-99dd-600dcba4b05e","away","true","""2025-11-13T01:24:07.993Z"""
"db0dc90a-d34e-4850-967f-94880d873ca6","KNCanobU7uVRwHBloZcTX4hohOD2","bafe51de-84a7-486a-b104-788bf1701391","away","true","""2025-10-11T15:06:12.673Z"""
"db14b15d-0664-46af-82fd-8354a94031fa","HHUFVmkNFOVQRY811qCFh46cuM63","793d9cdc-de69-460d-ab68-902390a914ec","home","false","""2025-11-27T01:32:28.186Z"""
"db3e239b-bc25-4421-8064-802a1ac917c7","KNCanobU7uVRwHBloZcTX4hohOD2","93009d60-cd8e-475b-a816-982fa70969a5","away","true","""2025-10-11T15:06:12.673Z"""
"db5dea8b-6d2e-4795-9992-6689592d5b32","fr8mqCiecfbf9coDGLRV2l3U4Ex1","20401b13-eb09-4143-9820-6260aff1c7a0","home","true","""2025-11-18T22:07:01.159Z"""
"db7b72f2-3ef2-4c4f-9068-9ac1987c8970","uTosuZBxPucsOAnCnHmdA3pzBlb2","3acf4b39-ba12-4d6d-83a6-8845117be627","home","false","""2025-10-11T16:09:43.311Z"""
"db998005-7894-40cc-8872-d18b09e32f83","MrwsvsZKPwTJ4SwYnAKtyPEAsrq2","5ee8fa87-ea63-495d-ba53-9779d679b3e9","away","true","""2025-10-13T16:48:32.156Z"""
"dbaaa128-6f57-4bee-84da-d0f90dbd3bbf","KNCanobU7uVRwHBloZcTX4hohOD2","21be25ec-2be3-4dae-8b56-c58699364ee6","home","true","""2025-12-09T18:35:56.943Z"""
"dbaaaebc-f175-478e-9133-b327d5dba65e","KNCanobU7uVRwHBloZcTX4hohOD2","a112a186-d4c0-42bd-a2e1-52f89a1d9141","away","true","""2025-10-06T20:38:17.394Z"""
"dbf1115f-4a44-453d-ae36-9fa3aa0426c0","KNCanobU7uVRwHBloZcTX4hohOD2","921dc171-7bd4-47fd-8a54-29eb24499a9e","home","true","""2025-10-06T20:38:17.381Z"""
"dc5d902b-8e34-4831-8c68-0897710722d2","BQMdo8NUOgY8n0QxdUophLPMewp2","a62a935d-3582-4ca9-b30e-9a62d9ad5518","away","true","""2025-10-11T14:52:44.551Z"""
"dc60bb9d-3b7e-46f8-bb15-3214c78c5efc","fr8mqCiecfbf9coDGLRV2l3U4Ex1","46d6b8f1-25a6-4488-bbdc-8466f3ae06a7","away","true","""2025-10-13T05:49:58.032Z"""
"dc720df2-75d0-4440-bbec-5d495f3507ec","KNCanobU7uVRwHBloZcTX4hohOD2","8193b700-afa4-49d8-992e-10f2cadbae55","home","true","""2025-10-11T15:08:25.513Z"""
"dc7f24f3-9b4d-4135-976f-fa766ae00e72","HHUFVmkNFOVQRY811qCFh46cuM63","10750ab4-159d-445a-91aa-b9e21d6b714e","home","true","""2025-10-23T00:09:53.217Z"""
"dcb0d25c-bdb3-4585-836c-7cb05313a177","BQMdo8NUOgY8n0QxdUophLPMewp2","188f8022-c384-495f-bbfa-d45f60761b5d","home","false","""2025-12-18T03:34:05.006Z"""
"dce70eb5-963f-4592-809c-6c0d2bd9f3de","KNCanobU7uVRwHBloZcTX4hohOD2","19635a4a-0712-45ce-a323-5d4a2df881f5","away","true","""2025-12-02T16:21:10.707Z"""
"dce8a7a5-a4a8-48db-bcce-687f1e1cd546","MrwsvsZKPwTJ4SwYnAKtyPEAsrq2","309d5644-af03-4371-8cd6-b853a61d65dd","home","false","""2025-11-06T03:07:14.242Z"""
"dd0d7f1a-14ff-41b9-85f4-659051548e4b","KNCanobU7uVRwHBloZcTX4hohOD2","f674cdc8-d2b1-4245-bef2-80b83f704fe7","home","true","""2025-10-11T04:21:21.012Z"""
"dd4d420e-c40f-42c4-b0f0-a78691388426","5Sg3H3XuN7cEb8TLhyA8p8j3hg12","a62a935d-3582-4ca9-b30e-9a62d9ad5518","away","true","""2025-10-13T05:27:54.954Z"""
"dd52f2ca-3e17-47b1-9e78-6b2dcce7522e","KNCanobU7uVRwHBloZcTX4hohOD2","091ea06d-494c-4561-a6c9-5ca52ee2c291","home","false","""2025-10-11T15:06:12.727Z"""
"dd7f06e3-f482-4acc-b55e-c18a2d36da1a","fr8mqCiecfbf9coDGLRV2l3U4Ex1","793d9cdc-de69-460d-ab68-902390a914ec","home","false","""2025-11-25T22:02:09.408Z"""
"dd94b343-7aeb-4f2c-916a-b3fe101e26a5","uTosuZBxPucsOAnCnHmdA3pzBlb2","a87db628-a5a8-4fbb-85f9-b0525694ab65","home","true","""2026-01-01T21:46:43.793Z"""
"ddbed282-5b70-41ff-a686-884882775a2a","HHUFVmkNFOVQRY811qCFh46cuM63","ab3a431d-296f-4614-90ce-ca0b44beccde","away","false","""2025-12-03T23:32:03.785Z"""
"ddc24057-2f7e-4ce0-8ebe-aa8fece7a9e2","HHUFVmkNFOVQRY811qCFh46cuM63","afc0dfd1-7737-4c19-9b71-99ea0715f973","away","true","""2025-12-17T15:41:35.298Z"""
"de7f90a8-f1ea-4b68-9234-675758c1d954","BQMdo8NUOgY8n0QxdUophLPMewp2","a51a67fc-2c2b-4674-8ae1-3505c1374a2c","away","true","""2026-01-03T04:39:38.733Z"""
"dea323c0-093d-4a07-92f6-d5f64c317eb7","fr8mqCiecfbf9coDGLRV2l3U4Ex1","b0078085-6c9d-48cc-8f30-3b217e44edaa","home","false","""2025-11-13T03:54:10.450Z"""
"deb83401-6f8b-40ce-9a03-32d5af954b56","HHUFVmkNFOVQRY811qCFh46cuM63","3ebf3c21-5d65-4329-ad66-1c3143403743","away","true","""2025-11-12T03:58:39.026Z"""
"deef4b54-b763-481d-a218-a09ecbd4b05a","fr8mqCiecfbf9coDGLRV2l3U4Ex1","14cc7702-0f7d-4760-8692-4239170d4bde","home","true","""2025-10-13T05:45:01.424Z"""
"df1bfa4e-0e83-4a49-a5bd-a5ce2ebd0700","HHUFVmkNFOVQRY811qCFh46cuM63","a62a935d-3582-4ca9-b30e-9a62d9ad5518","away","true","""2025-10-11T04:35:46.924Z"""
"df7e982c-d98f-4fcf-9c2d-46722a8cebeb","HHUFVmkNFOVQRY811qCFh46cuM63","3857df67-7e36-4e92-bee5-eb3d8fc46ba9","away","true","""2025-10-11T04:32:32.885Z"""
"df94d700-ad7c-4f20-ace2-a5dd79ec9389","HHUFVmkNFOVQRY811qCFh46cuM63","88711fba-d4c6-4a22-8627-f90f1aaa8001","home","false","""2025-10-11T04:43:21.382Z"""
"df972980-a447-4790-91b7-fba550427ada","MrwsvsZKPwTJ4SwYnAKtyPEAsrq2","345b6627-774b-4aba-b950-3136abdfe906","home","true","""2025-10-13T16:44:28.381Z"""
"dfee0d66-b735-46e9-9942-74ed2a5f5ba7","BQMdo8NUOgY8n0QxdUophLPMewp2","10750ab4-159d-445a-91aa-b9e21d6b714e","home","true","""2025-10-23T01:28:37.873Z"""
"e002c85a-9e72-4b81-8437-90ddd5f48a23","MrwsvsZKPwTJ4SwYnAKtyPEAsrq2","921dc171-7bd4-47fd-8a54-29eb24499a9e","away","false","""2025-10-16T00:36:24.051Z"""
"e00e0480-b591-408d-9726-fcc19f25e491","MrwsvsZKPwTJ4SwYnAKtyPEAsrq2","e9e4e4dc-4580-4a6d-9569-fe1800928f9e","away","true","""2025-10-16T00:36:24.011Z"""
"e01537e7-3235-4ae6-889b-5ce2a170af5d","uTosuZBxPucsOAnCnHmdA3pzBlb2","cbbcb24c-cd2e-4c24-baa1-70b73d887780","home","true","""2025-11-04T20:38:13.597Z"""
"e0431bc5-e881-471c-8e98-75492e762a25","BQMdo8NUOgY8n0QxdUophLPMewp2","dd397b62-ab95-43f5-8ae9-6d2e8d0ad988","home","true","""2025-12-11T04:11:58.896Z"""
"e0642d4a-4247-436f-b7bb-7223ca81cfae","MrwsvsZKPwTJ4SwYnAKtyPEAsrq2","4a81eb39-2c6b-408a-bea5-495527925fca","away","true","""2025-11-13T01:24:07.806Z"""
"e07fa751-93f1-4902-b294-d41b9fff5899","5Sg3H3XuN7cEb8TLhyA8p8j3hg12","29981eec-1aff-4705-9a1a-50abfd2ae3b6","home","true","""2025-11-27T02:35:10.931Z"""
"e0a2f600-b719-4f3e-9426-4ed23b0bdbcc","5Sg3H3XuN7cEb8TLhyA8p8j3hg12","4ad7c6d7-e225-44c7-b3c2-172d28e9fda3","home","true","""2025-10-30T02:37:38.467Z"""
"e0a91d60-9816-40fc-9ea8-2678616eda78","fr8mqCiecfbf9coDGLRV2l3U4Ex1","8f749334-e12d-44cd-87b6-6927f8ad876d","away","false","""2025-11-25T22:02:09.334Z"""
"e0bbe150-1772-4ed4-ac01-c4c6e0cd94d6","HHUFVmkNFOVQRY811qCFh46cuM63","4d631138-18a5-41c6-a3ed-1bbe8c6533d6","home","true","""2025-11-05T16:48:22.313Z"""
"e0df51db-e536-417e-a6e4-f23094a79a1f","5Sg3H3XuN7cEb8TLhyA8p8j3hg12","4d631138-18a5-41c6-a3ed-1bbe8c6533d6","home","true","""2025-11-06T03:11:57.987Z"""
"e10bd5da-e4c3-496a-874d-4277304c8826","uTosuZBxPucsOAnCnHmdA3pzBlb2","14296231-b958-407d-b299-8c8dc027d43e","away","true","""2025-10-28T15:10:00.350Z"""
"e15763cf-c657-4396-85dd-e0ce30dd6f82","fr8mqCiecfbf9coDGLRV2l3U4Ex1","a414c339-c5ca-4763-8e61-98117721b036","away","true","""2025-12-31T18:30:17.415Z"""
"e1833411-1c1e-4353-b5a2-3b71e646a275","5Sg3H3XuN7cEb8TLhyA8p8j3hg12","3324e314-b033-45e3-9071-5f0ee73511f3","home","true","""2025-10-15T17:10:02.692Z"""
"e19ef30e-8c66-4aff-b498-7a62dfdc668f","KNCanobU7uVRwHBloZcTX4hohOD2","5ca39933-0941-4486-8719-9491ba784310","home","false","""2025-10-11T15:11:33.419Z"""
"e1b2e5d3-bf00-4d9e-a149-494f07505399","HHUFVmkNFOVQRY811qCFh46cuM63","102b51be-41f2-4990-b2f0-894f6667fe87","away","true","""2025-10-28T19:41:39.288Z"""
"e24356fe-16f4-4897-a269-98a205068eee","HHUFVmkNFOVQRY811qCFh46cuM63","e816fba3-9d10-47db-8ecb-46631a5d2e0a","home","true","""2026-01-02T06:19:39.854Z"""
"e2559ed7-6d48-4fcb-b93f-ff13a4b6237b","BQMdo8NUOgY8n0QxdUophLPMewp2","b1ef955b-aeb7-460b-82e7-fe71169a7923","away","true","""2025-11-06T04:09:36.975Z"""
"e25bee19-b796-415d-8fd2-285535b0b36c","BQMdo8NUOgY8n0QxdUophLPMewp2","ffa49879-774b-46f4-a6f1-b3c5c08950e3","away","false","""2025-11-06T04:09:36.982Z"""
"e25ff303-5c9c-4980-9a93-755187dd9796","HHUFVmkNFOVQRY811qCFh46cuM63","464f83cd-076d-4273-9416-effd35e804b4","away","false","""2025-11-05T16:48:22.305Z"""
"e2c94e3b-af85-4553-84e1-0cbae24b3958","uTosuZBxPucsOAnCnHmdA3pzBlb2","aa089e46-2b2b-4939-b3c0-57961a62bd42","away","false","""2025-10-06T23:16:39.350Z"""
"e34776d2-083b-490c-bde8-096c98425f76","fr8mqCiecfbf9coDGLRV2l3U4Ex1","2d07aaab-8152-443c-aaf1-ba51bd7519be","away","false","""2025-11-18T22:07:01.159Z"""
"e3db214d-4dc1-4617-a311-9796001fdd39","KNCanobU7uVRwHBloZcTX4hohOD2","ffa49879-774b-46f4-a6f1-b3c5c08950e3","home","true","""2025-11-04T17:08:40.027Z"""
"e3e48d58-5a4e-44cc-90e6-19b5264c3fe7","BQMdo8NUOgY8n0QxdUophLPMewp2","3ebf3c21-5d65-4329-ad66-1c3143403743","away","true","""2025-11-13T04:17:56.756Z"""
"e40f0851-9c68-4c0e-8b58-651e57904c81","uTosuZBxPucsOAnCnHmdA3pzBlb2","82cff1b3-d3d7-4f5f-8d9d-def11469ea97","home","false","""2025-10-11T16:05:19.891Z"""
"e41a4f41-5b71-41cc-8186-af3b588e7f90","5Sg3H3XuN7cEb8TLhyA8p8j3hg12","7192c43d-86ac-41f4-a295-4f8c93d9c895","away","false","""2025-10-13T05:30:02.165Z"""
"e44b0715-671e-4e7b-acef-780411e66342","KNCanobU7uVRwHBloZcTX4hohOD2","e02b68db-5a99-4efa-b993-8ef03a0bae22","home","true","""2025-12-02T16:21:10.708Z"""
"e468dd02-c178-4c24-a434-3ad7c575c9b3","HHUFVmkNFOVQRY811qCFh46cuM63","e8750e7d-a111-4664-ac63-cef8be87ed60","away","true","""2025-10-28T19:41:39.369Z"""
"e46a0f31-88b4-4d19-90d4-88945cc10856","uTosuZBxPucsOAnCnHmdA3pzBlb2","ccb00408-299b-4110-ae06-4ad1e6aca797","home","true","""2025-11-11T16:11:13.292Z"""
"e4e7e678-a885-4574-ae4f-18559663dd4f","HHUFVmkNFOVQRY811qCFh46cuM63","e6808aab-7a72-4e45-a298-5ae94f361977","away","true","""2025-10-11T04:35:46.846Z"""
"e507ab4f-1d0c-422b-a1c8-bde3eab42df5","5Sg3H3XuN7cEb8TLhyA8p8j3hg12","49d5b888-cefc-4a6c-9ee5-57326e3c1091","home","true","""2025-11-06T03:11:57.985Z"""
"e52e5103-1af4-4145-8ab5-b7a121772ec9","BQMdo8NUOgY8n0QxdUophLPMewp2","4f0c816a-d397-41ba-a8d5-51e1c8b4830c","away","true","""2025-12-18T03:34:04.989Z"""
"e5455527-e4c5-4a43-95f7-0c8e1169a080","HHUFVmkNFOVQRY811qCFh46cuM63","9e2ac4f6-39c3-41f0-9719-e48a56ce7d58","away","true","""2025-10-11T04:35:46.922Z"""
"e5491a5f-28c1-45f3-8a72-bc3991f56fd1","fr8mqCiecfbf9coDGLRV2l3U4Ex1","d3ac1372-895d-4214-91b0-8990c81c763e","away","true","""2025-11-18T22:07:01.225Z"""
"e556d723-9df0-4b02-a9fa-1d63d7ffa916","MrwsvsZKPwTJ4SwYnAKtyPEAsrq2","00a25211-2151-49de-96dd-eecb1280c2e4","home","true","""2025-11-27T00:46:50.639Z"""
"e563b48c-c2c8-42d3-8942-bd5ff74ffce1","fr8mqCiecfbf9coDGLRV2l3U4Ex1","276805f8-a20e-4293-be82-942d6476caf2","home","true","""2025-11-18T22:07:01.169Z"""
"e56495d6-304a-4752-aee4-6544c33d0e29","KNCanobU7uVRwHBloZcTX4hohOD2","378eba84-9711-4e34-949d-17568364eb54","home","false","""2025-12-09T18:35:56.844Z"""
"e585957b-c077-4803-9258-50af70298112","KNCanobU7uVRwHBloZcTX4hohOD2","ecfc4982-5331-4712-826e-28d59a35fb6c","home","false","""2025-11-18T17:23:10.588Z"""
"e58b961f-cb2b-4840-a7c2-b560ddf31fd4","fr8mqCiecfbf9coDGLRV2l3U4Ex1","b1092853-be4e-4bb7-beef-85df31d31fc6","home","true","""2025-10-13T05:43:03.149Z"""
"e5ad7628-515f-4635-ba60-ffb9dc4d8043","KNCanobU7uVRwHBloZcTX4hohOD2","a62a935d-3582-4ca9-b30e-9a62d9ad5518","away","true","""2025-10-11T15:06:12.729Z"""
"e5b31a61-b280-4e4c-98fb-4265e9e7b229","KNCanobU7uVRwHBloZcTX4hohOD2","8aa717d5-f0fd-4d88-8198-b8ec733a6205","away","true","""2025-10-11T04:21:21.032Z"""
"e5ba15c5-e3d8-4c77-ba7d-fdf5bbf310cd","KNCanobU7uVRwHBloZcTX4hohOD2","ab3a431d-296f-4614-90ce-ca0b44beccde","away","false","""2025-12-02T16:21:10.684Z"""
"e5c7463a-eae9-4944-89cf-e790b21584f4","5Sg3H3XuN7cEb8TLhyA8p8j3hg12","fda6adfe-f6c2-45bd-89c9-a2bba460cce1","away","true","""2025-10-30T02:37:38.488Z"""
"e5f7a224-c865-41b8-93cf-99aba390a09a","fr8mqCiecfbf9coDGLRV2l3U4Ex1","22759715-e3f6-42cb-99a0-ba1c9ea0c590","away","false","""2025-12-31T18:30:17.446Z"""
"e6851c69-7065-4058-b867-bc231cca689b","HHUFVmkNFOVQRY811qCFh46cuM63","58c41f89-f3f6-4dfd-82b3-55d562cd6f72","home","false","""2025-10-11T04:46:06.938Z"""
"e68e0f6a-8a86-4d65-80bd-f69b1b230daf","uTosuZBxPucsOAnCnHmdA3pzBlb2","6b0872bf-a289-43e7-bc27-be771751ed95","away","false","""2025-12-16T20:58:47.438Z"""
"e69fda8c-388d-4f79-b81f-f720be682ec8","MrwsvsZKPwTJ4SwYnAKtyPEAsrq2","f9e49890-cbaa-403f-861b-2ec9cf3c194f","away","false","""2025-11-27T00:46:50.640Z"""
"e706d330-c652-49c3-b599-4ef47608a2fe","fr8mqCiecfbf9coDGLRV2l3U4Ex1","a51a67fc-2c2b-4674-8ae1-3505c1374a2c","away","true","""2025-12-31T18:30:17.488Z"""
"e731a771-0251-446c-948f-be91613ca0ed","BQMdo8NUOgY8n0QxdUophLPMewp2","a16ca003-0e3a-4f47-9e7a-55e80da8aced","away","false","""2025-10-11T14:59:21.030Z"""
"e74dbac8-7e51-421d-a6d1-e7b75c315054","5Sg3H3XuN7cEb8TLhyA8p8j3hg12","03452ff1-f0d2-4e79-b52f-dbe07de90710","home","true","""2025-10-22T16:45:03.204Z"""
"e756b912-7fa5-4120-8e5f-1b722207eae6","uTosuZBxPucsOAnCnHmdA3pzBlb2","20401b13-eb09-4143-9820-6260aff1c7a0","home","true","""2025-11-18T19:09:31.775Z"""
"e75b9b87-2d6a-4d1c-bbea-026159b1b2f2","fr8mqCiecfbf9coDGLRV2l3U4Ex1","49d5b888-cefc-4a6c-9ee5-57326e3c1091","home","true","""2025-11-06T00:57:45.930Z"""
"e76577d6-48f4-498a-ae9b-051d66b18182","HHUFVmkNFOVQRY811qCFh46cuM63","dad9a672-eb43-46ec-8ae2-3002a5e40677","away","false","""2025-12-10T01:12:52.101Z"""
"e77eab6b-2ff1-485b-b987-69a4934f6914","BQMdo8NUOgY8n0QxdUophLPMewp2","0e8fe15d-be4e-4afb-91e7-470e575c0c0e","away","false","""2025-10-11T14:49:26.846Z"""
"e78fd9cc-6e22-4f98-a889-a2ca09921003","MrwsvsZKPwTJ4SwYnAKtyPEAsrq2","44ed9a41-84ec-4d18-9569-8283f5a81d14","home","false","""2025-10-29T22:30:17.399Z"""
"e7e5867d-b0c0-46e6-be04-13cce85cc6cd","HHUFVmkNFOVQRY811qCFh46cuM63","3324e314-b033-45e3-9071-5f0ee73511f3","home","true","""2025-10-15T14:35:45.492Z"""
"e7f339aa-133a-4154-b988-06d0ce40169f","KNCanobU7uVRwHBloZcTX4hohOD2","7fe37fa5-7882-46a5-b100-8c026ad4cbed","home","true","""2025-11-18T17:23:10.587Z"""
"e7f7ca4d-82e9-436f-8d5f-77b768c2025b","uTosuZBxPucsOAnCnHmdA3pzBlb2","309d5644-af03-4371-8cd6-b853a61d65dd","home","false","""2025-11-04T20:38:13.566Z"""
"e7fe665a-8ef4-4627-b95c-70207b892c8a","5Sg3H3XuN7cEb8TLhyA8p8j3hg12","9f5a2821-a4c7-4c30-9043-c6ed1c73a505","away","true","""2025-12-18T03:37:52.142Z"""
"e81cbe37-7475-4e0e-8f36-884c9f91cf75","BQMdo8NUOgY8n0QxdUophLPMewp2","a112a186-d4c0-42bd-a2e1-52f89a1d9141","away","true","""2025-10-16T00:52:49.909Z"""
"e86e6272-6b6a-478f-839a-6a0b50e6c4b4","BQMdo8NUOgY8n0QxdUophLPMewp2","72dc680f-9575-4cb3-9308-155f258f48f6","home","true","""2025-10-11T14:54:09.813Z"""
"e87f76bf-5f2c-4437-b8e0-353ae6d8c1c4","uTosuZBxPucsOAnCnHmdA3pzBlb2","68a478b0-50fe-4165-9e6a-5e09752aa9e6","away","true","""2025-10-28T15:10:00.373Z"""
"e883636a-4ebd-4619-ba9a-2cf196579239","5Sg3H3XuN7cEb8TLhyA8p8j3hg12","ca151594-164f-4eb9-b679-3eba6b569a85","home","true","""2026-01-01T21:41:19.094Z"""
"e8e05fee-db34-40dd-bf71-f1927551f1b6","KNCanobU7uVRwHBloZcTX4hohOD2","45fd0527-9747-46ac-b550-c25ae846eea2","home","true","""2025-11-18T17:23:10.529Z"""
"e8e682b5-40d8-429d-aab0-883de7c7c658","uTosuZBxPucsOAnCnHmdA3pzBlb2","4a81eb39-2c6b-408a-bea5-495527925fca","home","false","""2025-11-11T16:11:18.157Z"""
"e8f8dfcc-f0b3-4ea3-a685-586d498eec43","5Sg3H3XuN7cEb8TLhyA8p8j3hg12","a16ca003-0e3a-4f47-9e7a-55e80da8aced","away","false","""2025-10-13T05:34:49.218Z"""
"e8fe11d2-5679-4556-b75e-26a301fbeebb","5Sg3H3XuN7cEb8TLhyA8p8j3hg12","5f4240e5-9bb6-45c9-a004-5dca2076b2c1","home","true","""2025-10-13T05:27:55.037Z"""
"e922d9ff-7a7d-4d96-8c16-222e8a295ea7","fr8mqCiecfbf9coDGLRV2l3U4Ex1","47a141f6-72ba-43c5-9a00-1c0a7f0d940d","home","false","""2025-12-09T18:54:43.449Z"""
"e930b2d3-7cb5-4267-8c84-7e98c97713d7","MrwsvsZKPwTJ4SwYnAKtyPEAsrq2","793d9cdc-de69-460d-ab68-902390a914ec","away","true","""2025-11-27T00:46:50.678Z"""
"e94b9eb5-ea2e-4eb6-800c-ffc5b5ea4f64","uTosuZBxPucsOAnCnHmdA3pzBlb2","0e8fe15d-be4e-4afb-91e7-470e575c0c0e","home","true","""2025-10-11T16:05:19.881Z"""
"e96fb4e1-f5d0-48cd-b1f4-7dff5e5edb97","HHUFVmkNFOVQRY811qCFh46cuM63","3d176750-486f-46fc-9e81-bc39747a3a17","away","false","""2025-12-17T15:41:35.362Z"""
"e9ebad39-8a75-44ad-bcbd-cec0f398182e","BQMdo8NUOgY8n0QxdUophLPMewp2","4e1dc139-ee89-482e-992c-bf20980aa2f2","away","true","""2025-11-20T02:12:53.519Z"""
"ea1579ae-fa7e-48f3-a2fd-de67f0c86166","KNCanobU7uVRwHBloZcTX4hohOD2","745bbb28-4426-4b7b-8da1-f333b20f53b1","away","false","""2025-11-11T16:23:15.778Z"""
"ea394e2a-ae52-460a-a234-105d00b9a8b3","uTosuZBxPucsOAnCnHmdA3pzBlb2","3857df67-7e36-4e92-bee5-eb3d8fc46ba9","away","true","""2025-10-11T16:05:19.923Z"""
"ea3c0116-9db1-454a-a0c5-18b4a57b1abe","HHUFVmkNFOVQRY811qCFh46cuM63","82cff1b3-d3d7-4f5f-8d9d-def11469ea97","away","true","""2025-10-11T04:32:32.874Z"""
"ea50c515-29ac-4aa9-ae37-a950616ebd76","HHUFVmkNFOVQRY811qCFh46cuM63","950d355e-96df-42af-b0a5-7853986b80f6","home","false","""2025-10-28T19:41:39.372Z"""
"ea74ff8b-0d3c-4e1a-83e8-67b9d676e876","uTosuZBxPucsOAnCnHmdA3pzBlb2","ca151594-164f-4eb9-b679-3eba6b569a85","home","true","""2026-01-01T21:46:43.787Z"""
"ead26960-a138-41e1-8f49-a61cf88e1dcd","fr8mqCiecfbf9coDGLRV2l3U4Ex1","45fd0527-9747-46ac-b550-c25ae846eea2","home","true","""2025-11-18T22:07:01.174Z"""
"eb26350c-6e30-43ed-a292-d347a42dc5c0","uTosuZBxPucsOAnCnHmdA3pzBlb2","cdc2a856-e7e5-41aa-8abb-8394a460ad50","home","false","""2025-10-11T16:08:42.260Z"""
"eb34aae8-38c8-4159-b459-9335616fc81c","HHUFVmkNFOVQRY811qCFh46cuM63","7192c43d-86ac-41f4-a295-4f8c93d9c895","away","false","""2025-10-11T04:39:09.454Z"""
"eb4597e1-2625-4bf4-b928-d6b27ca4e130","BQMdo8NUOgY8n0QxdUophLPMewp2","aa089e46-2b2b-4939-b3c0-57961a62bd42","away","false","""2025-10-11T14:59:21.492Z"""
"eb7621c2-6d5c-4ac4-9531-4274e96778da","fr8mqCiecfbf9coDGLRV2l3U4Ex1","ec48d4f9-2a97-44e9-99dd-600dcba4b05e","home","false","""2025-11-13T03:54:10.504Z"""
"eb875319-7540-4ff9-b1a7-360a63596349","uTosuZBxPucsOAnCnHmdA3pzBlb2","a62a935d-3582-4ca9-b30e-9a62d9ad5518","away","true","""2025-10-11T16:06:31.239Z"""
"ebaa1a88-081d-420b-b8d6-0b4715413945","BQMdo8NUOgY8n0QxdUophLPMewp2","3b67a402-b89f-406d-a86a-c2d5c715d9a4","home","true","""2025-10-11T14:55:35.639Z"""
"ebb1f0dd-b1aa-4510-be8c-628d3865771c","fr8mqCiecfbf9coDGLRV2l3U4Ex1","901a2cb5-6d93-473f-a85e-08299818412e","away","false","""2025-12-31T18:30:17.477Z"""
"ebc033d8-b716-4eba-93da-21092228ceda","KNCanobU7uVRwHBloZcTX4hohOD2","188f8022-c384-495f-bbfa-d45f60761b5d","home","false","""2025-12-16T16:11:50.141Z"""
"ebc38a14-68e3-4052-8084-d2e20449ecad","fr8mqCiecfbf9coDGLRV2l3U4Ex1","fca266c3-8458-4a37-aac3-9026491e158b","home","false","""2025-12-04T04:47:54.817Z"""
"ebd33cae-9ae8-4c5d-876f-5943031ff5ec","MrwsvsZKPwTJ4SwYnAKtyPEAsrq2","28d1bb5a-b58b-4999-967d-e88f6ee87dfd","home","true","""2025-10-16T00:36:23.985Z"""
"ec07d927-3af3-4f4e-b1df-b4fa574477a0","5Sg3H3XuN7cEb8TLhyA8p8j3hg12","4123a030-1fbb-4711-bf11-e7346eb89a3a","away","true","""2025-10-13T05:23:59.199Z"""
"ec09a85b-38e1-4b66-be25-5d4bd76869b0","HHUFVmkNFOVQRY811qCFh46cuM63","091ea06d-494c-4561-a6c9-5ca52ee2c291","away","true","""2025-10-11T04:35:46.999Z"""
"ec89f7df-0b95-4007-8471-e0ced4cbf3c9","MrwsvsZKPwTJ4SwYnAKtyPEAsrq2","3c008454-ab11-4d81-9033-2030ee4bd713","away","true","""2025-10-13T16:48:32.152Z"""
"ec8cfc29-86f6-4270-b06d-0f52a24e1521","HHUFVmkNFOVQRY811qCFh46cuM63","332b0a33-6015-4982-8412-814d325eceaa","home","true","""2025-11-27T01:32:28.190Z"""
"ec8f935c-f44d-48ef-99b4-15a762b6f03e","MrwsvsZKPwTJ4SwYnAKtyPEAsrq2","cd1f1d0a-7194-49c7-af9c-afc86b7933a0","home","true","""2025-11-27T00:46:50.636Z"""
"ec951824-3a22-4c3e-b0e0-7807a1e13410","BQMdo8NUOgY8n0QxdUophLPMewp2","536a6cc2-537d-4b28-9a57-14b66bad4c54","away","false","""2025-10-11T14:56:50.312Z"""
"ecaacb46-6dcf-4151-a0ce-271ddb8a6047","MrwsvsZKPwTJ4SwYnAKtyPEAsrq2","bd6ba9a9-c219-4325-a8f7-625320441738","away","false","""2025-12-24T22:42:46.770Z"""
"ecd572b9-0683-46ab-bf9c-a08926a30e2d","MrwsvsZKPwTJ4SwYnAKtyPEAsrq2","ca151594-164f-4eb9-b679-3eba6b569a85","away","false","""2026-01-01T04:33:43.178Z"""
"ecdc7706-9704-4db9-840b-d8f8bf663481","HHUFVmkNFOVQRY811qCFh46cuM63","6f8cf172-0bf1-4394-aeba-2036852a5edb","home","true","""2025-11-19T16:16:01.035Z"""
"ed111eca-b42d-48a0-b755-1c5771ff84cc","5Sg3H3XuN7cEb8TLhyA8p8j3hg12","e8750e7d-a111-4664-ac63-cef8be87ed60","away","true","""2025-10-30T02:37:38.439Z"""
"ed223217-dfa0-450c-a7c9-db38037e33ab","fr8mqCiecfbf9coDGLRV2l3U4Ex1","536a6cc2-537d-4b28-9a57-14b66bad4c54","away","false","""2025-10-13T05:49:58.061Z"""
"ed3f5a59-c851-4965-a7b2-37ee7e4aa2da","KNCanobU7uVRwHBloZcTX4hohOD2","5adabf6b-0cdb-46b7-b2ee-0e68a1b125cc","away","true","""2025-11-04T17:08:39.979Z"""
"ed476b89-5a96-4b3b-9522-def7327e01b6","uTosuZBxPucsOAnCnHmdA3pzBlb2","fc97303d-62cd-4a93-b698-210297cd3ec1","away","false","""2025-10-11T16:05:19.860Z"""
"ed6fe969-78f0-4476-aca0-d6c295644427","uTosuZBxPucsOAnCnHmdA3pzBlb2","7192c43d-86ac-41f4-a295-4f8c93d9c895","home","true","""2025-10-11T16:07:45.686Z"""
"ed71f755-7ad4-4b35-bbea-76e26e8d8a8a","5Sg3H3XuN7cEb8TLhyA8p8j3hg12","34233cff-87ec-4c05-aa66-21af99b029e6","home","true","""2025-12-18T03:37:52.100Z"""
"ed992747-4f07-4778-a65a-8928a16a3c75","5Sg3H3XuN7cEb8TLhyA8p8j3hg12","e9be9eb2-a692-4a1b-909f-890ac195f92e","home","true","""2026-01-01T21:41:19.058Z"""
"edc63ccd-3f0c-4b64-9275-6a36652f839a","uTosuZBxPucsOAnCnHmdA3pzBlb2","24c1e7d6-cb84-440c-b509-a7a45298c3b4","home","true","""2025-10-11T16:06:31.235Z"""
"ee77be77-7403-4973-87c0-aa2502c28d6f","fr8mqCiecfbf9coDGLRV2l3U4Ex1","5ca39933-0941-4486-8719-9491ba784310","away","true","""2025-10-13T05:49:58.083Z"""
"eeaccfff-456f-4296-9193-13b6c58ce1c8","MrwsvsZKPwTJ4SwYnAKtyPEAsrq2","091ea06d-494c-4561-a6c9-5ca52ee2c291","home","false","""2025-10-13T16:43:12.577Z"""
"eeace3cd-889d-4d06-89e0-744c62694f8b","HHUFVmkNFOVQRY811qCFh46cuM63","1fc7e4a6-93c4-41b6-b74f-e54d12d7601d","home","true","""2025-12-17T15:41:35.323Z"""
"eeefb85e-81e4-4ed8-8938-62b5d6b435d7","5Sg3H3XuN7cEb8TLhyA8p8j3hg12","d7ce46e4-fec6-42fd-9d17-a0c8420bc0d1","away","true","""2025-10-13T05:23:59.210Z"""
"ef27f1f5-af7a-4390-bc16-7c78ec0e4833","HHUFVmkNFOVQRY811qCFh46cuM63","7724eb15-1bea-4896-acbd-dc3737ba014e","home","true","""2025-12-10T01:12:52.167Z"""
"ef36078a-c703-4df0-b1a6-cf1f6e2b32d0","HHUFVmkNFOVQRY811qCFh46cuM63","5ee8fa87-ea63-495d-ba53-9779d679b3e9","away","true","""2025-10-11T04:46:07.041Z"""
"ef3f8a45-4c88-4a1a-9cf0-2e2e46ff0107","MrwsvsZKPwTJ4SwYnAKtyPEAsrq2","6a58755f-32c7-4338-8319-7ef553af4987","home","true","""2025-10-13T16:44:28.382Z"""
"ef5f2eaa-3309-4ecc-b943-9c1087ea7e10","KNCanobU7uVRwHBloZcTX4hohOD2","464f83cd-076d-4273-9416-effd35e804b4","home","true","""2025-11-04T17:08:40.037Z"""
"ef655f27-ce5f-4e94-96e9-df84d6050146","5Sg3H3XuN7cEb8TLhyA8p8j3hg12","d9ef7df6-8d61-4b7f-bc4e-e6c7167d33ea","home","true","""2025-12-24T18:04:28.591Z"""
"ef7a9e26-5603-47e7-92c8-af725786eafc","uTosuZBxPucsOAnCnHmdA3pzBlb2","cd1f1d0a-7194-49c7-af9c-afc86b7933a0","home","true","""2025-11-25T20:11:42.087Z"""
"efcb72ca-8220-4d4b-9903-9625efe7a54f","uTosuZBxPucsOAnCnHmdA3pzBlb2","c48def3f-04ff-4d04-bac8-80dddcf2b78e","away","false","""2025-10-11T16:05:19.873Z"""
"efd1cd43-26e6-492d-bed1-2f164042fe45","fr8mqCiecfbf9coDGLRV2l3U4Ex1","ecfc4982-5331-4712-826e-28d59a35fb6c","away","true","""2025-11-18T22:07:01.189Z"""
"efec111d-54a4-464a-b001-7ca52e87d07d","HHUFVmkNFOVQRY811qCFh46cuM63","af6dbb8b-7945-4286-a7ae-7e86a9a49260","home","false","""2025-10-11T04:35:46.489Z"""
"f001e326-537d-4ded-a2ae-eb72f7d81ccc","MrwsvsZKPwTJ4SwYnAKtyPEAsrq2","8d4b29c4-5a41-48b2-bf80-492089dc3ebb","home","true","""2025-12-24T22:42:46.745Z"""
"f0077aa0-120e-4903-bced-ecfc38a2f3b0","HHUFVmkNFOVQRY811qCFh46cuM63","4401d322-197f-4f49-8768-8e2cf323a836","home","true","""2025-10-11T04:46:07.005Z"""
"f00e121e-739f-4158-974a-20cd2337aa83","5Sg3H3XuN7cEb8TLhyA8p8j3hg12","2d3f4557-1a00-4b80-b782-bbb441db6139","away","false","""2025-10-13T05:30:01.691Z"""
"f0234995-3504-47a2-9bac-d7e81c75afa8","5Sg3H3XuN7cEb8TLhyA8p8j3hg12","a25f6c8c-9b74-4a65-8af1-6345e044fe94","home","true","""2025-11-20T02:28:45.260Z"""
"f02619cf-b4c6-471d-b20b-b95f0f96f319","KNCanobU7uVRwHBloZcTX4hohOD2","20401b13-eb09-4143-9820-6260aff1c7a0","home","true","""2025-11-18T17:23:10.503Z"""
"f07fb70a-ad51-4759-b0fe-43a4884ca4e0","fr8mqCiecfbf9coDGLRV2l3U4Ex1","d8e096b9-3c57-4c9d-9ae7-68d7610c2198","home","false","""2025-12-04T04:47:54.818Z"""
"f0820fa4-046d-4e44-a6c6-36e7b9a81ced","fr8mqCiecfbf9coDGLRV2l3U4Ex1","af6a4ba6-f7a9-4c5b-9532-b21b30e83c11","home","true","""2025-10-13T05:45:01.470Z"""
"f0bfd489-5ca7-4313-9d59-db2702fc01b8","5Sg3H3XuN7cEb8TLhyA8p8j3hg12","341b5cbc-ccde-4fa1-88be-589e8affad57","away","false","""2025-11-11T19:35:38.177Z"""
"f0d85e04-d500-44d5-bc09-bd32367538d1","KNCanobU7uVRwHBloZcTX4hohOD2","af6dbb8b-7945-4286-a7ae-7e86a9a49260","home","false","""2025-10-11T15:06:12.777Z"""
"f0fae037-a072-427e-aff9-b385fb2900b7","uTosuZBxPucsOAnCnHmdA3pzBlb2","51a3a933-7ed6-4fa6-8742-cf8113f18c60","away","true","""2025-10-28T15:10:00.327Z"""
"f0fbf4e7-e3c8-4e53-9411-02b309146c53","5Sg3H3XuN7cEb8TLhyA8p8j3hg12","e816fba3-9d10-47db-8ecb-46631a5d2e0a","away","false","""2026-01-01T21:41:19.071Z"""
"f12472ed-5ab3-4afb-abbe-4204d607db5d","5Sg3H3XuN7cEb8TLhyA8p8j3hg12","d3ac1372-895d-4214-91b0-8990c81c763e","away","true","""2025-11-20T02:28:45.228Z"""
"f1939fc6-a6dd-46b3-8e75-80f1879c36a8","5Sg3H3XuN7cEb8TLhyA8p8j3hg12","29fb114a-3404-4532-ac55-9d558ec801df","away","true","""2025-11-27T02:35:10.930Z"""
"f1b98644-3a36-439c-a29d-0de07274b9a1","uTosuZBxPucsOAnCnHmdA3pzBlb2","49d5b888-cefc-4a6c-9ee5-57326e3c1091","home","true","""2025-11-04T20:38:13.628Z"""
"f1be476d-85bb-4a14-b1c5-b5d38ed7b435","HHUFVmkNFOVQRY811qCFh46cuM63","ccb00408-299b-4110-ae06-4ad1e6aca797","home","true","""2025-11-12T03:58:39.016Z"""
"f1f5e719-578b-467e-9307-19f91e28a354","HHUFVmkNFOVQRY811qCFh46cuM63","ff74829e-0197-476d-a27f-7c3df0946120","home","true","""2025-10-28T19:41:39.371Z"""
"f1f7ac5d-f15a-4195-9eb5-c49215b0d6bf","KNCanobU7uVRwHBloZcTX4hohOD2","2a9b8f7c-f239-445d-8eec-3ed24ff5f2ef","home","true","""2025-10-11T15:08:25.449Z"""
"f20c1a84-f634-45eb-89ec-fc8eea51fd9d","5Sg3H3XuN7cEb8TLhyA8p8j3hg12","4a81eb39-2c6b-408a-bea5-495527925fca","home","false","""2025-11-11T19:35:37.936Z"""
"f27dd070-e10f-4e0e-9977-f7409f174d02","KNCanobU7uVRwHBloZcTX4hohOD2","0a064dc3-1a53-476e-a2dd-3bbbffabe099","home","true","""2025-10-11T15:09:38.740Z"""
"f2864388-c088-4af2-8e7c-5b0f1815dd34","MrwsvsZKPwTJ4SwYnAKtyPEAsrq2","188f8022-c384-495f-bbfa-d45f60761b5d","home","false","""2025-12-17T03:21:11.616Z"""
"f28668cd-7ec0-43da-b6fc-8ddbec48367e","HHUFVmkNFOVQRY811qCFh46cuM63","cb3db559-8d6f-4c84-b79c-075eca54aa81","away","false","""2025-10-11T04:41:16.187Z"""
"f28d7a07-72d0-410e-b624-e1a4ebe2e3b3","fr8mqCiecfbf9coDGLRV2l3U4Ex1","dc49f1ed-b904-4ec1-9a10-7544e540a3e1","away","true","""2025-11-18T22:07:01.190Z"""
"f2ae243d-9abf-41ea-84d5-8101150d644a","uTosuZBxPucsOAnCnHmdA3pzBlb2","0882b537-08b1-4a14-b320-02958418489e","away","true","""2025-12-23T20:19:34.729Z"""
"f2eabc83-36db-4ec1-8786-3cb39031bc27","MrwsvsZKPwTJ4SwYnAKtyPEAsrq2","a112a186-d4c0-42bd-a2e1-52f89a1d9141","away","true","""2025-10-16T00:36:24.005Z"""
"f30e02ca-a4cd-4641-a464-4e6191a1000f","uTosuZBxPucsOAnCnHmdA3pzBlb2","1b827358-ad04-4acd-8e1a-5b78ec0b6fd8","home","true","""2025-12-02T21:16:51.925Z"""
"f32f6afd-e5a4-473b-bd8b-976fc4d56b12","fr8mqCiecfbf9coDGLRV2l3U4Ex1","464f83cd-076d-4273-9416-effd35e804b4","away","false","""2025-11-06T00:57:45.924Z"""
"f348cd88-42d4-4c3b-a4fe-f6716bc6262b","5Sg3H3XuN7cEb8TLhyA8p8j3hg12","0a265fbc-60d0-4e8c-bfa1-150fb01880f1","away","true","""2025-12-02T16:43:55.767Z"""
"f365cbf7-82c1-4c05-86bf-9e0780e96510","5Sg3H3XuN7cEb8TLhyA8p8j3hg12","d651c81f-0354-4c35-89a3-a09c9278c406","away","true","""2025-11-06T03:11:57.984Z"""
"f3782f2e-dd0b-40d6-8fe0-43cc620fc809","uTosuZBxPucsOAnCnHmdA3pzBlb2","c9a08577-585b-42ed-affc-55d86d567ef3","home","true","""2025-10-11T16:08:42.300Z"""
"f380b6b7-40ba-4212-8f6e-26f0fa8878b9","fr8mqCiecfbf9coDGLRV2l3U4Ex1","4ca05f8d-5839-4502-a066-a827679faca5","home","false","""2025-12-04T04:47:54.862Z"""
"f38928e7-2848-41c3-b608-45700bc919c7","BQMdo8NUOgY8n0QxdUophLPMewp2","29fb114a-3404-4532-ac55-9d558ec801df","away","true","""2025-11-26T03:40:12.515Z"""
"f3aae9c7-c62a-4639-9296-3d891c850c9e","5Sg3H3XuN7cEb8TLhyA8p8j3hg12","6f834428-4d17-4f34-9f44-609b49f6cde0","home","true","""2026-01-01T21:41:19.094Z"""
"f3da5d5b-4285-4125-a4f9-5ad2156d340d","MrwsvsZKPwTJ4SwYnAKtyPEAsrq2","9d84c7f1-c311-4457-a00f-12253fced02f","home","true","""2025-12-11T02:27:27.333Z"""
"f3e5da48-6029-4caf-ae3f-5f2293cd7855","5Sg3H3XuN7cEb8TLhyA8p8j3hg12","6b0872bf-a289-43e7-bc27-be771751ed95","away","false","""2025-12-18T03:37:52.089Z"""
"f44c3499-6031-4de9-821b-fb783bbe713d","MrwsvsZKPwTJ4SwYnAKtyPEAsrq2","bafe51de-84a7-486a-b104-788bf1701391","away","true","""2025-10-13T16:43:12.545Z"""
"f461aeda-05d9-4d5f-a36b-c8f2493536eb","BQMdo8NUOgY8n0QxdUophLPMewp2","b1092853-be4e-4bb7-beef-85df31d31fc6","home","true","""2025-10-11T14:49:26.574Z"""
"f46205db-f296-4ead-8b10-8c18732affa7","BQMdo8NUOgY8n0QxdUophLPMewp2","5f4240e5-9bb6-45c9-a004-5dca2076b2c1","home","true","""2025-10-11T14:52:44.547Z"""
"f482603a-37b1-416f-a1f5-e004bb6c966d","MrwsvsZKPwTJ4SwYnAKtyPEAsrq2","b1ef955b-aeb7-460b-82e7-fe71169a7923","away","true","""2025-11-06T03:07:14.358Z"""
"f488e219-e0db-47d6-ba1c-0853d761b4af","BQMdo8NUOgY8n0QxdUophLPMewp2","c3eac563-fddd-4906-a10d-17ba6a4e1f16","away","true","""2025-10-16T00:52:51.682Z"""
"f4966db5-3956-42af-ae51-7e3728b6c164","MrwsvsZKPwTJ4SwYnAKtyPEAsrq2","8dc1d7d8-3f47-445e-9d17-168f1c4e8ab2","home","false","""2025-12-11T02:27:27.345Z"""
"f4bc9f58-61a7-4490-a560-65e4614ba027","5Sg3H3XuN7cEb8TLhyA8p8j3hg12","5fff642f-22ef-4c52-bdc8-86c57876f1f7","home","true","""2025-12-09T18:58:20.580Z"""
"f4d54f40-2c8c-4768-9627-a58a78030974","fr8mqCiecfbf9coDGLRV2l3U4Ex1","85c030e5-5532-48aa-9cf6-89ddb705fd7d","home","false","""2025-12-24T17:05:36.277Z"""
"f4de91eb-c76b-4c82-8d3d-aa4d0b5e3802","MrwsvsZKPwTJ4SwYnAKtyPEAsrq2","acc50154-acf6-497e-bd33-a0e21dc297d2","away","true","""2025-10-13T16:44:28.427Z"""
"f4fe6cf4-2a41-478c-aa17-664e018d82ba","5Sg3H3XuN7cEb8TLhyA8p8j3hg12","fc97303d-62cd-4a93-b698-210297cd3ec1","away","false","""2025-10-13T05:23:59.214Z"""
"f51686cc-1d48-4b00-8f8e-c8092b5050ee","fr8mqCiecfbf9coDGLRV2l3U4Ex1","e9be9eb2-a692-4a1b-909f-890ac195f92e","away","false","""2025-12-31T18:30:17.439Z"""
"f52da5dc-18fb-400a-b27c-ee68b0b82df6","BQMdo8NUOgY8n0QxdUophLPMewp2","e9be9eb2-a692-4a1b-909f-890ac195f92e","home","true","""2026-01-03T04:39:38.592Z"""
"f53b6410-efde-4e84-a92d-c9aabac9b392","HHUFVmkNFOVQRY811qCFh46cuM63","994d851e-04ce-4155-9fdb-ccd36218aac6","away","true","""2025-12-17T15:41:35.324Z"""
"f53c4ae1-4d86-4431-b690-27d4f5ca5060","5Sg3H3XuN7cEb8TLhyA8p8j3hg12","2090fc33-4cd3-45a5-afb4-72ea85a2fac1","home","true","""2025-10-13T05:34:49.240Z"""
"f5415816-66c3-43b8-ae58-f9b4bc0b25c4","uTosuZBxPucsOAnCnHmdA3pzBlb2","43fd2c2e-96ca-4127-ac52-c35295bc5944","away","true","""2025-12-02T21:16:52.200Z"""
"f5545ea6-414b-4ec0-872d-cffb43682ab2","BQMdo8NUOgY8n0QxdUophLPMewp2","9fa9610c-daa9-4022-8c64-fcaca6c446c9","away","false","""2025-10-23T01:28:37.850Z"""
"f5549094-2caf-4bb1-81c5-4ae8ff1102b4","uTosuZBxPucsOAnCnHmdA3pzBlb2","a6610cd6-055f-4716-8f88-189d342b234f","home","false","""2025-12-09T19:52:27.636Z"""
"f56d36fa-4fbf-4143-911b-76f203c50f91","5Sg3H3XuN7cEb8TLhyA8p8j3hg12","10750ab4-159d-445a-91aa-b9e21d6b714e","home","true","""2025-10-22T16:45:03.185Z"""
"f5b69f0a-1190-45ab-bed8-2e62dde552c5","uTosuZBxPucsOAnCnHmdA3pzBlb2","dc49f1ed-b904-4ec1-9a10-7544e540a3e1","away","true","""2025-11-18T19:09:31.802Z"""
"f5b889b9-b57d-4ae9-8005-f792aaa31675","fr8mqCiecfbf9coDGLRV2l3U4Ex1","9e2ac4f6-39c3-41f0-9719-e48a56ce7d58","away","true","""2025-10-13T05:45:01.422Z"""
"f5db5161-91ca-4a67-bba3-0d1cc82ddeed","HHUFVmkNFOVQRY811qCFh46cuM63","bbf31f42-841a-4dc4-ae72-bfa5b5822a7c","away","false","""2025-12-25T03:27:20.798Z"""
"f6169c38-8123-4b07-88a3-a904f2f9870b","MrwsvsZKPwTJ4SwYnAKtyPEAsrq2","fda6adfe-f6c2-45bd-89c9-a2bba460cce1","home","false","""2025-10-29T22:30:17.363Z"""
"f62f7a5d-2777-40ed-90d7-ca844d2ff0b7","MrwsvsZKPwTJ4SwYnAKtyPEAsrq2","0e8fe15d-be4e-4afb-91e7-470e575c0c0e","home","true","""2025-10-13T16:41:38.911Z"""
"f6e9a130-652f-4448-a454-d789764c85bd","uTosuZBxPucsOAnCnHmdA3pzBlb2","5e4f2f5e-4c89-4b9d-8d63-b0ef8613f339","away","true","""2025-12-23T20:19:36.695Z"""
"f78a7e77-a7d1-441c-9820-76147f9d51b6","KNCanobU7uVRwHBloZcTX4hohOD2","b0078085-6c9d-48cc-8f30-3b217e44edaa","away","true","""2025-11-11T16:23:15.727Z"""
"f7bc4184-defc-44a9-9f8c-ceb7507f0971","5Sg3H3XuN7cEb8TLhyA8p8j3hg12","0882b537-08b1-4a14-b320-02958418489e","away","true","""2025-12-24T18:04:28.601Z"""
"f7bf4253-0a4f-484e-a70b-e81d0c79ea21","5Sg3H3XuN7cEb8TLhyA8p8j3hg12","45fd0527-9747-46ac-b550-c25ae846eea2","home","true","""2025-11-20T02:28:45.218Z"""
"f7fc6698-2fb6-4ecf-9525-00b13b333f25","5Sg3H3XuN7cEb8TLhyA8p8j3hg12","32433f34-bebd-4ec5-9164-9ae012728dff","home","true","""2025-10-13T05:30:02.152Z"""
"f8123861-fcf2-46a8-932c-203c10f738ed","MrwsvsZKPwTJ4SwYnAKtyPEAsrq2","8f749334-e12d-44cd-87b6-6927f8ad876d","home","true","""2025-11-27T00:46:50.624Z"""
"f82e8ad1-093e-4629-9481-25b99195d3da","MrwsvsZKPwTJ4SwYnAKtyPEAsrq2","e02b68db-5a99-4efa-b993-8ef03a0bae22","home","true","""2025-12-03T23:38:09.268Z"""
"f853704d-0dd4-4bfe-97c5-7defd9cf35a5","MrwsvsZKPwTJ4SwYnAKtyPEAsrq2","af6a4ba6-f7a9-4c5b-9532-b21b30e83c11","home","true","""2025-10-13T16:43:12.585Z"""
"f87eb871-c381-4b42-b53e-2833c818d907","BQMdo8NUOgY8n0QxdUophLPMewp2","02a74aac-db07-4ef6-9008-16ab15999c67","home","true","""2026-01-03T04:39:38.700Z"""
"f89cc67a-31e6-461e-8b46-bc4e8b66144d","uTosuZBxPucsOAnCnHmdA3pzBlb2","9e2ac4f6-39c3-41f0-9719-e48a56ce7d58","away","true","""2025-10-11T16:06:31.180Z"""
"f8a29a94-9a5c-4c59-9b76-8aba93d38bc3","uTosuZBxPucsOAnCnHmdA3pzBlb2","08c4b8dc-3f26-473f-bd1b-c3394daa3de7","home","true","""2025-11-11T16:11:13.282Z"""
"f8a9a47f-307f-468d-8486-0be4ce5e1aca","MrwsvsZKPwTJ4SwYnAKtyPEAsrq2","93009d60-cd8e-475b-a816-982fa70969a5","away","true","""2025-10-13T16:43:12.596Z"""
"f8af98cf-1d4d-4c62-ba15-60f2f6f738a1","HHUFVmkNFOVQRY811qCFh46cuM63","19f890c0-d258-4049-827c-84336e7569c8","home","false","""2026-01-02T06:19:39.836Z"""
"f8b9caf8-830d-4a97-862a-e282f049621f","KNCanobU7uVRwHBloZcTX4hohOD2","4237591e-c15d-400f-a741-c2881e51db6c","away","true","""2025-10-11T04:21:21.074Z"""
"f8e22a32-ac2f-4e05-93e4-20a3eaeda1e9","MrwsvsZKPwTJ4SwYnAKtyPEAsrq2","7b59dc7c-66f5-4ba5-96b2-e349b94b3c98","home","false","""2025-10-13T16:46:19.580Z"""
"f8f12a99-7ca6-45c2-b1f0-6e1d9c401dd4","5Sg3H3XuN7cEb8TLhyA8p8j3hg12","07c1c591-1e75-4628-b226-5d972e01c7e0","home","true","""2025-12-24T18:04:28.567Z"""
"f8f4a1ee-6b2a-4498-a6ec-5d4eb7835049","MrwsvsZKPwTJ4SwYnAKtyPEAsrq2","6346765c-9f65-41ee-9416-f968e65c0d23","away","true","""2025-12-24T22:42:46.755Z"""
"f8f6f0e4-f752-4530-8085-c2ac70577bbd","uTosuZBxPucsOAnCnHmdA3pzBlb2","6d209fa5-8934-42c7-8800-fe7544e1b927","away","false","""2026-01-01T21:46:43.767Z"""
"f92bd42e-3bdc-4a66-b47c-c75b13f59db4","HHUFVmkNFOVQRY811qCFh46cuM63","03c2cbaa-5b38-48e4-8c8d-3cd882fe4a52","away","true","""2025-12-03T23:32:03.831Z"""
"f9584893-36de-4085-9a61-33c6063e5e36","5Sg3H3XuN7cEb8TLhyA8p8j3hg12","a3a56d60-1066-4f41-b987-caa45a787148","away","true","""2025-11-27T02:35:10.974Z"""
"f9b1d1a7-d2dd-497c-b8ab-4d05239e1188","uTosuZBxPucsOAnCnHmdA3pzBlb2","0d235aa7-8a1c-49a1-9b34-29246d31e6fc","home","true","""2025-10-22T15:35:14.014Z"""
"f9c5af0c-4908-4ea3-8b0b-4297154a55dc","KNCanobU7uVRwHBloZcTX4hohOD2","03c2cbaa-5b38-48e4-8c8d-3cd882fe4a52","away","true","""2025-12-02T16:21:10.707Z"""
"f9dda30a-821e-4274-a66f-781c9084ed44","HHUFVmkNFOVQRY811qCFh46cuM63","6bfceca8-47b4-4e37-98f0-5183061d6da4","home","false","""2025-10-11T04:43:21.382Z"""
"fa388e47-a94a-4273-932f-369702707fec","HHUFVmkNFOVQRY811qCFh46cuM63","252e5dd1-8b22-4b1c-a0d4-4e4368c2a566","home","true","""2025-12-03T23:32:03.821Z"""
"fa3aeb6d-50b9-4d36-bbd9-0fb500314f30","fr8mqCiecfbf9coDGLRV2l3U4Ex1","797236fe-612e-442c-8ea5-d6e36abc1d1c","home","false","""2025-10-30T00:37:16.720Z"""
"fa44b6b6-1a15-45a9-8c0f-755b390c8965","uTosuZBxPucsOAnCnHmdA3pzBlb2","dec545cd-bc5b-4db2-999b-57e75045cb1d","home","true","""2025-12-09T19:52:27.651Z"""
"fa5193dd-9a7d-4d6b-be33-d9d82c1dd721","BQMdo8NUOgY8n0QxdUophLPMewp2","2d07aaab-8152-443c-aaf1-ba51bd7519be","away","false","""2025-11-20T02:12:53.590Z"""
"fa591202-9048-41a4-83b0-76f72b6ddba3","fr8mqCiecfbf9coDGLRV2l3U4Ex1","19635a4a-0712-45ce-a323-5d4a2df881f5","home","false","""2025-12-04T04:47:54.860Z"""
"fa6f0503-3cdd-4b4f-947e-97cab8987e51","5Sg3H3XuN7cEb8TLhyA8p8j3hg12","a51a67fc-2c2b-4674-8ae1-3505c1374a2c","home","false","""2026-01-01T21:41:19.113Z"""
"faa2c7ee-ab85-4efa-ae98-f2f156651c23","5Sg3H3XuN7cEb8TLhyA8p8j3hg12","9450763b-6a2d-412f-a2ca-813f3f895037","away","true","""2025-10-22T16:45:03.181Z"""
"faa349ab-ded6-461f-ab25-8ed5ea1eca89","BQMdo8NUOgY8n0QxdUophLPMewp2","10c1ffc4-560d-4e34-a5eb-6473b8948b65","home","true","""2025-11-13T04:17:56.806Z"""
"fad1d288-66d0-4383-8d33-fddef763036c","KNCanobU7uVRwHBloZcTX4hohOD2","f9e49890-cbaa-403f-861b-2ec9cf3c194f","home","true","""2025-11-25T17:25:25.360Z"""
"fad8d9b7-9765-4b16-b32f-7cf75ffdaf5c","KNCanobU7uVRwHBloZcTX4hohOD2","30faaa86-dc68-4696-87be-97baea9a53e3","home","true","""2025-11-04T17:08:39.991Z"""
"fb1df3dc-47ce-4dc1-9e82-e8e5293b0a3f","5Sg3H3XuN7cEb8TLhyA8p8j3hg12","c3eac563-fddd-4906-a10d-17ba6a4e1f16","away","true","""2025-10-15T17:10:00.998Z"""
"fb4d7c75-aa3a-47cf-9b3a-4d876a6b0821","5Sg3H3XuN7cEb8TLhyA8p8j3hg12","6f8cf172-0bf1-4394-aeba-2036852a5edb","home","true","""2025-11-20T02:28:45.165Z"""
"fb7d5e2f-c48c-40e5-a6bc-309b2ef2f34a","MrwsvsZKPwTJ4SwYnAKtyPEAsrq2","a414c339-c5ca-4763-8e61-98117721b036","away","true","""2026-01-01T04:33:43.115Z"""
"fbb92509-7b8a-4860-9d56-5d61bad1d79d","5Sg3H3XuN7cEb8TLhyA8p8j3hg12","950d355e-96df-42af-b0a5-7853986b80f6","home","false","""2025-10-30T02:37:38.409Z"""
"fbc4cdfc-ca1d-4e93-bb3f-d74cf94e6cdf","5Sg3H3XuN7cEb8TLhyA8p8j3hg12","3c008454-ab11-4d81-9033-2030ee4bd713","away","true","""2025-10-13T05:34:49.243Z"""
"fbd668ec-1eb1-4e49-a36d-164272ba6efa","HHUFVmkNFOVQRY811qCFh46cuM63","32433f34-bebd-4ec5-9164-9ae012728dff","home","true","""2025-10-11T04:39:09.464Z"""
"fbe75952-c7aa-4037-83a7-5d3a11f507a4","fr8mqCiecfbf9coDGLRV2l3U4Ex1","cc2f7e28-74cb-48e1-8a99-6d2421e9b89b","home","true","""2025-10-15T23:46:56.064Z"""
"fc027999-8a10-4113-bcfc-65a22ef913f1","MrwsvsZKPwTJ4SwYnAKtyPEAsrq2","797236fe-612e-442c-8ea5-d6e36abc1d1c","away","true","""2025-10-29T22:30:17.348Z"""
"fc07ec05-5746-4097-93bc-c7ad6eca9715","HHUFVmkNFOVQRY811qCFh46cuM63","885a097f-63a2-4d26-8573-ca0f585970f2","away","false","""2025-10-11T04:46:07.030Z"""
"fc34e912-c824-4590-8ec2-69252a897182","uTosuZBxPucsOAnCnHmdA3pzBlb2","e8c441ce-b782-4ecb-aca5-4e44c45c9712","home","true","""2025-10-11T16:05:19.870Z"""
"fc3a0153-ba31-4a54-ab9e-a82b339ec67f","HHUFVmkNFOVQRY811qCFh46cuM63","9dc42d48-4c62-4532-b02c-9084ac237270","home","true","""2025-10-11T04:32:32.871Z"""
"fc4e5fda-4c8d-4f7f-b9ef-fb629afbdf5b","KNCanobU7uVRwHBloZcTX4hohOD2","cbbcb24c-cd2e-4c24-baa1-70b73d887780","home","true","""2025-11-04T17:08:40.029Z"""
"fc6e3f37-03b1-41f9-b07f-29849f4517de","fr8mqCiecfbf9coDGLRV2l3U4Ex1","cdc2a856-e7e5-41aa-8abb-8394a460ad50","away","true","""2025-10-13T05:48:22.402Z"""
"fcc789b4-25b0-4a53-9f55-b8f31289a9fd","KNCanobU7uVRwHBloZcTX4hohOD2","89180e44-0ffa-4572-8b0b-2f6d51f6d0a1","home","true","""2025-10-11T15:09:38.741Z"""
"fcdbac7c-611d-4e5c-8835-ae5ce84370d1","uTosuZBxPucsOAnCnHmdA3pzBlb2","5adabf6b-0cdb-46b7-b2ee-0e68a1b125cc","away","true","""2025-11-04T20:38:13.608Z"""
"fd07175a-bcf3-4b4c-a830-eba9d72d4bf4","MrwsvsZKPwTJ4SwYnAKtyPEAsrq2","20401b13-eb09-4143-9820-6260aff1c7a0","away","false","""2025-11-20T03:55:29.731Z"""
"fd21337f-384e-44f3-88e1-58bb20befbaf","uTosuZBxPucsOAnCnHmdA3pzBlb2","a414c339-c5ca-4763-8e61-98117721b036","home","false","""2026-01-01T21:46:43.754Z"""
"fd48a898-29a6-404d-b101-514473041c1e","fr8mqCiecfbf9coDGLRV2l3U4Ex1","28d1bb5a-b58b-4999-967d-e88f6ee87dfd","home","true","""2025-10-15T23:46:56.083Z"""
"fd8adf91-1ccc-4d69-a69e-e45fceda569e","KNCanobU7uVRwHBloZcTX4hohOD2","8f749334-e12d-44cd-87b6-6927f8ad876d","away","false","""2025-11-25T17:25:25.348Z"""
"fda3e225-8b08-4276-9720-b5b31ba5639d","HHUFVmkNFOVQRY811qCFh46cuM63","2e020826-f20e-465a-8b83-f2eaa4acd153","away","true","""2025-10-15T14:35:45.474Z"""
"fda9f03a-e7dc-4879-af7b-816482464a3d","MrwsvsZKPwTJ4SwYnAKtyPEAsrq2","9e2ac4f6-39c3-41f0-9719-e48a56ce7d58","away","true","""2025-10-13T16:43:12.567Z"""
"fe3dbd4d-62f2-4c49-9d9f-df07eca8c5b5","5Sg3H3XuN7cEb8TLhyA8p8j3hg12","6e43e081-5eb6-413d-8860-b70c89ea761f","home","true","""2025-10-15T17:10:02.705Z"""
"fe5fbc38-71b1-4886-b99e-c19795a04cbc","5Sg3H3XuN7cEb8TLhyA8p8j3hg12","d176cfb2-3623-4172-b708-fa83d68a5e6b","away","true","""2025-12-24T18:04:28.581Z"""
"fe68a9ea-fa4f-4f2b-a2c8-bfd957086ba3","5Sg3H3XuN7cEb8TLhyA8p8j3hg12","102b51be-41f2-4990-b2f0-894f6667fe87","away","true","""2025-10-30T02:37:38.455Z"""
"fe7501e7-a63b-47a7-96e6-126fd8b591b3","5Sg3H3XuN7cEb8TLhyA8p8j3hg12","afc0dfd1-7737-4c19-9b71-99ea0715f973","away","true","""2025-12-18T03:37:52.173Z"""
"fe7de0fa-10f0-49b3-b626-2664d18222a1","MrwsvsZKPwTJ4SwYnAKtyPEAsrq2","32433f34-bebd-4ec5-9164-9ae012728dff","home","true","""2025-10-13T16:44:28.384Z"""
"fe7e9851-ef11-4ec8-89c5-76dbc10bf3c7","uTosuZBxPucsOAnCnHmdA3pzBlb2","ea4ee477-02b5-4856-b1b9-87bc0662769b","home","true","""2025-12-09T19:52:27.609Z"""
"fe873510-fe5e-4cfe-8799-be3e734112c8","HHUFVmkNFOVQRY811qCFh46cuM63","e9be9eb2-a692-4a1b-909f-890ac195f92e","away","false","""2026-01-02T06:19:39.840Z"""
"fe8a243b-4c4b-4b4b-9b9d-00b74278a1ff","uTosuZBxPucsOAnCnHmdA3pzBlb2","18b4661d-a29c-4770-92f0-c69c15ef87fe","home","false","""2025-11-25T20:11:42.031Z"""
"fe96aabe-abd8-49e0-ac28-f6e9816e6dcf","KNCanobU7uVRwHBloZcTX4hohOD2","fda6adfe-f6c2-45bd-89c9-a2bba460cce1","away","true","""2025-10-28T15:54:57.333Z"""
"fe983d76-b0a5-4e49-a69f-a116adb6e506","BQMdo8NUOgY8n0QxdUophLPMewp2","745bbb28-4426-4b7b-8da1-f333b20f53b1","away","false","""2025-11-13T04:17:56.755Z"""
"feb6f7b7-bb63-40bb-b2a5-625458bd9154","MrwsvsZKPwTJ4SwYnAKtyPEAsrq2","07c1c591-1e75-4628-b226-5d972e01c7e0","home","true","""2025-12-24T22:42:46.872Z"""
"fef3b97f-34dd-4cc2-9044-a6b7738f59d2","5Sg3H3XuN7cEb8TLhyA8p8j3hg12","dd9a201c-fdc7-42b6-a804-da710d30b4fb","away","false","""2026-01-01T21:41:19.098Z"""
"ff09c5a2-eebb-4ba1-a247-bce7aa97c1c3","MrwsvsZKPwTJ4SwYnAKtyPEAsrq2","fc97303d-62cd-4a93-b698-210297cd3ec1","away","false","""2025-10-13T16:41:38.884Z"""
"ff428ff1-1544-4318-a767-6488777d2598","fr8mqCiecfbf9coDGLRV2l3U4Ex1","08c4b8dc-3f26-473f-bd1b-c3394daa3de7","home","true","""2025-11-13T03:54:10.500Z"""
"ff6ff3c2-574c-4bf6-ab58-f2ef88ee609b","uTosuZBxPucsOAnCnHmdA3pzBlb2","dad9a672-eb43-46ec-8ae2-3002a5e40677","home","true","""2025-12-09T19:52:27.652Z"""
"ff767d6d-7472-4681-acbd-bc890576c5d4","uTosuZBxPucsOAnCnHmdA3pzBlb2","32433f34-bebd-4ec5-9164-9ae012728dff","home","true","""2025-10-11T16:07:45.705Z"""
"ffa385c3-887d-4c03-8458-35c22a681a14","fr8mqCiecfbf9coDGLRV2l3U4Ex1","037eeb17-0a48-44f0-bfc4-d65ef659c1e4","home","false","""2025-10-15T23:46:55.961Z"""
"fffc29df-28a4-4094-a07e-1fcd3c9b025c","fr8mqCiecfbf9coDGLRV2l3U4Ex1","82cff1b3-d3d7-4f5f-8d9d-def11469ea97","away","true","""2025-10-13T05:43:03.084Z"""